rank,synth_abs,synth_cum,benchmarks
1,-0.014,-0.014,"SP500, CMA, HML, MARKET, RMW, SMB"
2,-0.0123,-0.0263,"SP500, CMA, HML, MARKET, RMW, SMB"
3,-0.0119,-0.0382,"SP500, CMA, HML, MARKET, RMW, SMB"
4,-0.0097,-0.0479,"SP500, CMA, HML, MARKET, RMW, SMB"
5,-0.0096,-0.057499999999999996,"SP500, CMA, HML, MARKET, RMW, SMB"
6,-0.0091,-0.06659999999999999,"SP500, CMA, HML, MARKET, RMW, SMB"
7,-0.0088,-0.0754,"SP500, CMA, HML, MARKET, RMW, SMB"
8,-0.0081,-0.08349999999999999,"SP500, CMA, HML, MARKET, RMW, SMB"
9,-0.0078,-0.09129999999999999,"SP500, CMA, HML, MARKET, RMW, SMB"
10,-0.0072,-0.09849999999999999,"SP500, CMA, HML, MARKET, RMW, SMB"
11,-0.0072,-0.10569999999999999,"SP500, CMA, HML, MARKET, RMW, SMB"
12,-0.0071,-0.11279999999999998,"SP500, CMA, HML, MARKET, RMW, SMB"
13,-0.007,-0.11979999999999999,"SP500, CMA, HML, MARKET, RMW, SMB"
14,-0.0067,-0.1265,"SP500, CMA, HML, MARKET, RMW, SMB"
15,-0.0066,-0.1331,"SP500, CMA, HML, MARKET, RMW, SMB"
16,-0.0065,-0.1396,"SP500, CMA, HML, MARKET, RMW, SMB"
17,-0.0055,-0.1451,"SP500, CMA, HML, MARKET, RMW, SMB"
18,-0.0053,-0.1504,"SP500, CMA, HML, MARKET, RMW, SMB"
19,-0.0052,-0.15560000000000002,"SP500, CMA, HML, MARKET, RMW, SMB"
20,-0.0052,-0.16080000000000003,"SP500, CMA, HML, MARKET, RMW, SMB"
21,-0.0052,-0.16600000000000004,"SP500, CMA, HML, MARKET, RMW, SMB"
22,-0.0051,-0.17110000000000003,"SP500, CMA, HML, MARKET, RMW, SMB"
23,-0.0051,-0.17620000000000002,"SP500, CMA, HML, MARKET, RMW, SMB"
24,-0.0049,-0.1811,"SP500, CMA, HML, MARKET, RMW, SMB"
25,-0.0049,-0.186,"SP500, CMA, HML, MARKET, RMW, SMB"
26,-0.0047,-0.1907,"SP500, CMA, HML, MARKET, RMW, SMB"
27,-0.0046,-0.1953,"SP500, CMA, HML, MARKET, RMW, SMB"
28,-0.0044,-0.1997,"SP500, CMA, HML, MARKET, RMW, SMB"
29,-0.0044,-0.20409999999999998,"SP500, CMA, HML, MARKET, RMW, SMB"
30,-0.0044,-0.20849999999999996,"SP500, CMA, HML, MARKET, RMW, SMB"
31,-0.0043,-0.21279999999999996,"SP500, CMA, HML, MARKET, RMW, SMB"
32,-0.0043,-0.21709999999999996,"SP500, CMA, HML, MARKET, RMW, SMB"
33,-0.0042,-0.22129999999999997,"SP500, CMA, HML, MARKET, RMW, SMB"
34,-0.0041,-0.22539999999999996,"SP500, CMA, HML, MARKET, RMW, SMB"
35,-0.0039,-0.22949999999999995,"SP500, CMA, HML, MARKET, RMW, SMB"
36,-0.0039,-0.23349999999999996,"SP500, CMA, HML, MARKET, RMW, SMB"
37,-0.0039,-0.23749999999999996,"SP500, CMA, HML, MARKET, RMW, SMB"
38,-0.0038,-0.24149999999999996,"SP500, CMA, HML, MARKET, RMW, SMB"
39,-0.0038,-0.24549999999999997,"SP500, CMA, HML, MARKET, RMW, SMB"
40,-0.0038,-0.24929999999999997,"SP500, CMA, HML, MARKET, RMW, SMB"
41,-0.0037,-0.25299999999999995,"SP500, CMA, HML, MARKET, RMW, SMB"
42,-0.0037,-0.25669999999999993,"SP500, CMA, HML, MARKET, RMW, SMB"
43,-0.0036,-0.2603999999999999,"SP500, CMA, HML, MARKET, RMW, SMB"
44,-0.0036,-0.2639999999999999,"SP500, CMA, HML, MARKET, RMW, SMB"
45,-0.0035,-0.2674999999999999,"SP500, CMA, HML, MARKET, RMW, SMB"
46,-0.0035,-0.2709999999999999,"SP500, CMA, HML, MARKET, RMW, SMB"
47,-0.0033,-0.27429999999999993,"SP500, CMA, HML, MARKET, RMW, SMB"
48,-0.0033,-0.27759999999999996,"SP500, CMA, HML, MARKET, RMW, SMB"
49,-0.0031,-0.28069999999999995,"SP500, CMA, HML, MARKET, RMW, SMB"
50,-0.003,-0.28369999999999995,"SP500, CMA, HML, MARKET, RMW, SMB"
51,-0.003,-0.28669999999999995,"SP500, CMA, HML, MARKET, RMW, SMB"
52,-0.0029,-0.28959999999999997,"SP500, CMA, HML, MARKET, RMW, SMB"
53,-0.0028650895874316146,-0.2925,"SP500, CMA, HML, MARKET, RMW, SMB"
54,-0.0028,-0.2953,"SP500, CMA, HML, MARKET, RMW, SMB"
55,-0.0027774633674034458,-0.29810000000000003,"SP500, CMA, HML, MARKET, RMW, SMB"
56,-0.0027095842635727124,-0.30090000000000006,"SP500, CMA, HML, MARKET, RMW, SMB"
57,-0.0026650918726684202,-0.3037000000000001,"SP500, CMA, HML, MARKET, RMW, SMB"
58,-0.0025479738611559415,-0.30640000000000006,"SP500, CMA, HML, MARKET, RMW, SMB"
59,-0.0022955889145497245,-0.30910000000000004,"SP500, CMA, HML, MARKET, RMW, SMB"
60,-0.0021510128886978656,-0.31170000000000003,"SP500, CMA, HML, MARKET, RMW, SMB"
61,-0.0020209439725938885,-0.31420000000000003,"SP500, CMA, HML, MARKET, RMW, SMB"
62,-0.002003586752111904,-0.31670000000000004,"SP500, CMA, HML, MARKET, RMW, SMB"
63,-0.001968314049017602,-0.31920000000000004,"SP500, CMA, HML, MARKET, RMW, SMB"
64,-0.0019541425712555917,-0.32160000000000005,"SP500, CMA, HML, MARKET, RMW, SMB"
65,-0.001685589481194462,-0.32400000000000007,"SP500, CMA, HML, MARKET, RMW, SMB"
66,-0.00165815305254429,-0.3264000000000001,"SP500, CMA, HML, MARKET, RMW, SMB"
67,-0.0015969230211074809,-0.3288000000000001,"SP500, CMA, HML, MARKET, RMW, SMB"
68,-0.0014778924917183364,-0.3311000000000001,"SP500, CMA, HML, MARKET, RMW, SMB"
69,-0.0014458618380373226,-0.33340000000000014,"SP500, CMA, HML, MARKET, RMW, SMB"
70,-0.0013040398710054983,-0.3356000000000001,"SP500, CMA, HML, MARKET, RMW, SMB"
71,-0.001193265411609974,-0.3378000000000001,"SP500, CMA, HML, MARKET, RMW, SMB"
72,-0.0010696983087364078,-0.3400000000000001,"SP500, CMA, HML, MARKET, RMW, SMB"
73,-0.0010244033312343335,-0.34210000000000007,"SP500, CMA, HML, MARKET, RMW, SMB"
74,-0.0009489696027536647,-0.3441000000000001,"SP500, CMA, HML, MARKET, RMW, SMB"
75,-0.0009462357829444647,-0.3461000000000001,"SP500, CMA, HML, MARKET, RMW, SMB"
76,-0.0008358322158781778,-0.3481000000000001,"SP500, CMA, HML, MARKET, RMW, SMB"
77,-0.0006710637439060276,-0.3500000000000001,"SP500, CMA, HML, MARKET, RMW, SMB"
78,-0.0006517972174267015,-0.3519000000000001,"SP500, CMA, HML, MARKET, RMW, SMB"
79,-0.0006,-0.3537000000000001,"SP500, CMA, HML, MARKET, RMW, SMB"
80,-0.0005,-0.35550000000000015,"SP500, CMA, HML, MARKET, RMW, SMB"
81,-0.0003540782907914565,-0.3573000000000002,"SP500, CMA, HML, MARKET, RMW, SMB"
82,-0.0001554474478156429,-0.3591000000000002,"SP500, CMA, HML, MARKET, RMW, SMB"
83,-0.00014870628846844932,-0.3608000000000002,"SP500, CMA, HML, MARKET, RMW, SMB"
84,-9.824791073421284e-05,-0.36250000000000016,"SP500, CMA, HML, MARKET, RMW, SMB"
85,-7.6257273522036e-05,-0.36420000000000013,"SP500, CMA, HML, MARKET, RMW, SMB"
86,1.6597509584161503e-05,-0.3658000000000001,"SP500, CMA, HML, MARKET, RMW, SMB"
87,7.936008579001179e-05,-0.3674000000000001,"SP500, CMA, HML, MARKET, RMW, SMB"
88,0.00015503413661332915,-0.3689000000000001,"SP500, CMA, HML, MARKET, RMW, SMB"
89,0.00022931863023385572,-0.3704000000000001,"SP500, CMA, HML, MARKET, RMW, SMB"
90,0.0002507100953285001,-0.3719000000000001,"SP500, CMA, HML, MARKET, RMW, SMB"
91,0.00032408866573700707,-0.37330000000000013,"SP500, CMA, HML, MARKET, RMW, SMB"
92,0.0003479437057749351,-0.37460000000000016,"SP500, CMA, HML, MARKET, RMW, SMB"
93,0.00037017052166490465,-0.37580000000000013,"SP500, CMA, HML, MARKET, RMW, SMB"
94,0.0005705837253090441,-0.3769000000000001,"SP500, CMA, HML, MARKET, RMW, SMB"
95,0.0005968678407049224,-0.3780000000000001,"SP500, CMA, HML, MARKET, RMW, SMB"
96,0.0007212964785137545,-0.3790000000000001,"SP500, CMA, HML, MARKET, RMW, SMB"
97,0.0007509873667017701,-0.3799000000000001,"SP500, CMA, HML, MARKET, RMW, SMB"
98,0.0008119269660007862,-0.38070000000000015,"SP500, CMA, HML, MARKET, RMW, SMB"
99,0.0008194076378587953,-0.38140000000000013,"SP500, CMA, HML, MARKET, RMW, SMB"
100,0.0009801051337958847,-0.3820000000000001,"SP500, CMA, HML, MARKET, RMW, SMB"
101,0.0010049150828598367,-0.3826000000000001,"SP500, CMA, HML, MARKET, RMW, SMB"
102,0.0011480624440519769,-0.3832000000000001,"SP500, CMA, HML, MARKET, RMW, SMB"
103,0.0011706641044284408,-0.3837000000000001,"SP500, CMA, HML, MARKET, RMW, SMB"
104,0.0012,-0.3842000000000001,"SP500, CMA, HML, MARKET, RMW, SMB"
105,0.0013,-0.3847000000000001,"SP500, CMA, HML, MARKET, RMW, SMB"
106,0.0015,-0.3852000000000001,"SP500, CMA, HML, MARKET, RMW, SMB"
107,0.0015,-0.3857000000000001,"SP500, CMA, HML, MARKET, RMW, SMB"
108,0.0016,-0.3860000000000001,"SP500, CMA, HML, MARKET, RMW, SMB"
109,0.0017,-0.38630000000000014,"SP500, CMA, HML, MARKET, RMW, SMB"
110,0.0018,-0.38660000000000017,"SP500, CMA, HML, MARKET, RMW, SMB"
111,0.002,-0.38680000000000014,"SP500, CMA, HML, MARKET, RMW, SMB"
112,0.0021,-0.38680000000000014,"SP500, CMA, HML, MARKET, RMW, SMB"
113,0.0022,-0.38680000000000014,"SP500, CMA, HML, MARKET, RMW, SMB"
114,0.0025,-0.38670000000000015,"SP500, CMA, HML, MARKET, RMW, SMB"
115,0.0025,-0.38660000000000017,"SP500, CMA, HML, MARKET, RMW, SMB"
116,0.0025,-0.3865000000000002,"SP500, CMA, HML, MARKET, RMW, SMB"
117,0.0026,-0.3863000000000002,"SP500, CMA, HML, MARKET, RMW, SMB"
118,0.0026,-0.3861000000000002,"SP500, CMA, HML, MARKET, RMW, SMB"
119,0.0027,-0.38590000000000024,"SP500, CMA, HML, MARKET, RMW, SMB"
120,0.0027,-0.38570000000000026,"SP500, CMA, HML, MARKET, RMW, SMB"
121,0.0031,-0.3855000000000003,"SP500, CMA, HML, MARKET, RMW, SMB"
122,0.0032,-0.38520000000000026,"SP500, CMA, HML, MARKET, RMW, SMB"
123,0.0032,-0.38490000000000024,"SP500, CMA, HML, MARKET, RMW, SMB"
124,0.0034,-0.3846000000000002,"SP500, CMA, HML, MARKET, RMW, SMB"
125,0.0035,-0.3842000000000002,"SP500, CMA, HML, MARKET, RMW, SMB"
126,0.0037107995233466562,-0.3838000000000002,"SP500, CMA, HML, MARKET, RMW, SMB"
127,0.0037840670027980933,-0.3833000000000002,"SP500, CMA, HML, MARKET, RMW, SMB"
128,0.0038331744459454494,-0.3817000000000001,"SP500, CMA, HML, MARKET, RMW, SMB"
129,0.0039,-0.3798000000000001,"SP500, CMA, HML, MARKET, RMW, SMB"
130,0.003924489041400085,-0.3778000000000001,"SP500, CMA, HML, MARKET, RMW, SMB"
131,0.0041,-0.3758000000000001,"SP500, CMA, HML, MARKET, RMW, SMB"
132,0.0042,-0.3738000000000001,"SP500, CMA, HML, MARKET, RMW, SMB"
133,0.0042,-0.3717000000000001,"SP500, CMA, HML, MARKET, RMW, SMB"
134,0.0044,-0.3695000000000001,"SP500, CMA, HML, MARKET, RMW, SMB"
135,0.0045,-0.3671000000000001,"SP500, CMA, HML, MARKET, RMW, SMB"
136,0.0046,-0.3646000000000001,"SP500, CMA, HML, MARKET, RMW, SMB"
137,0.0047,-0.3614866424041034,"SP500, CMA, HML, MARKET, RMW, SMB"
138,0.0048,-0.3569582804494384,"SP500, CMA, HML, MARKET, RMW, SMB"
139,0.0049,-0.3523589129162878,"SP500, CMA, HML, MARKET, RMW, SMB"
140,0.005207972709669435,-0.34715094020661835,"SP500, CMA, HML, MARKET, RMW, SMB"
141,0.005229084028793756,-0.3419218561778246,"SP500, CMA, HML, MARKET, RMW, SMB"
142,0.005260375481832492,-0.3366614806959921,"SP500, CMA, HML, MARKET, RMW, SMB"
143,0.005665972879217959,-0.33099550781677417,"SP500, CMA, HML, MARKET, RMW, SMB"
144,0.0059,-0.32525316774831914,"SP500, CMA, HML, MARKET, RMW, SMB"
145,0.0059,-0.31950269426569805,"SP500, CMA, HML, MARKET, RMW, SMB"
146,0.0061,-0.3136814362181212,"SP500, CMA, HML, MARKET, RMW, SMB"
147,0.0063,-0.3078150408105405,"SP500, CMA, HML, MARKET, RMW, SMB"
148,0.0063,-0.3019412938919474,"SP500, CMA, HML, MARKET, RMW, SMB"
149,0.0064,-0.2960481269140637,"SP500, CMA, HML, MARKET, RMW, SMB"
150,0.0064,-0.28985947401964274,"SP500, CMA, HML, MARKET, RMW, SMB"
151,0.0065,-0.28359485378817045,"SP500, CMA, HML, MARKET, RMW, SMB"
152,0.0065,-0.2772909893341841,"SP500, CMA, HML, MARKET, RMW, SMB"
153,0.0065,-0.27081602730198884,"SP500, CMA, HML, MARKET, RMW, SMB"
154,0.0067179654385095666,-0.2640980618634793,"SP500, CMA, HML, MARKET, RMW, SMB"
155,0.006723469633202974,-0.2573745922302763,"SP500, CMA, HML, MARKET, RMW, SMB"
156,0.0071,-0.250632376767757,"SP500, CMA, HML, MARKET, RMW, SMB"
157,0.0072,-0.2437532017195272,"SP500, CMA, HML, MARKET, RMW, SMB"
158,0.0073,-0.23682070946602193,"SP500, CMA, HML, MARKET, RMW, SMB"
159,0.0074,-0.2297034212434868,"SP500, CMA, HML, MARKET, RMW, SMB"
160,0.0074,-0.22243761394737394,"SP500, CMA, HML, MARKET, RMW, SMB"
161,0.0076,-0.21504732768368892,"SP500, CMA, HML, MARKET, RMW, SMB"
162,0.0076,-0.2076360921439261,"SP500, CMA, HML, MARKET, RMW, SMB"
163,0.0077,-0.20007930923815415,"SP500, CMA, HML, MARKET, RMW, SMB"
164,0.007968189142521296,-0.19211112009563286,"SP500, CMA, HML, MARKET, RMW, SMB"
165,0.008007837104391975,-0.18410328299124087,"SP500, CMA, HML, MARKET, RMW, SMB"
166,0.008109753839872563,-0.17599352915136832,"SP500, CMA, HML, MARKET, RMW, SMB"
167,0.008241462346318224,-0.1677520668050501,"SP500, CMA, HML, MARKET, RMW, SMB"
168,0.008429928738380867,-0.15932213806666923,"SP500, CMA, HML, MARKET, RMW, SMB"
169,0.008470134857870185,-0.15085200320879905,"SP500, CMA, HML, MARKET, RMW, SMB"
170,0.008757593299171227,-0.14209440990962782,"SP500, CMA, HML, MARKET, RMW, SMB"
171,0.008805243911960067,-0.13328916599766777,"SP500, CMA, HML, MARKET, RMW, SMB"
172,0.00902408018812203,-0.12426508580954573,"SP500, CMA, HML, MARKET, RMW, SMB"
173,0.009321145822872572,-0.11494393998667315,"SP500, CMA, HML, MARKET, RMW, SMB"
174,0.0094,-0.10555022333627809,"SP500, CMA, HML, MARKET, RMW, SMB"
175,0.0099,-0.09610517107322931,"SP500, CMA, HML, MARKET, RMW, SMB"
176,0.0099,-0.08652540680954027,"SP500, CMA, HML, MARKET, RMW, SMB"
177,0.0102,-0.07667096320428457,"SP500, CMA, HML, MARKET, RMW, SMB"
178,0.0108,-0.06679312584234641,"SP500, CMA, HML, MARKET, RMW, SMB"
179,0.0109,-0.05649165852512789,"SP500, CMA, HML, MARKET, RMW, SMB"
180,0.0111,-0.045985649153864966,"SP500, CMA, HML, MARKET, RMW, SMB"
181,0.0118,-0.03539127926471311,"SP500, CMA, HML, MARKET, RMW, SMB"
182,0.0122,-0.02470681717326409,"SP500, CMA, HML, MARKET, RMW, SMB"
183,0.0123,-0.01366192829245867,"SP500, CMA, HML, MARKET, RMW, SMB"
184,0.0124,-0.0022060575722221663,"SP500, CMA, HML, MARKET, RMW, SMB"
185,0.0124,0.009608845281217904,"SP500, CMA, HML, MARKET, RMW, SMB"
186,0.013,0.02149967016481181,"SP500, CMA, HML, MARKET, RMW, SMB"
187,0.0137,0.03350969083310201,"SP500, CMA, HML, MARKET, RMW, SMB"
188,0.014,0.04568782837529726,"SP500, CMA, HML, MARKET, RMW, SMB"
189,0.0151,0.057956846314107156,"SP500, CMA, HML, MARKET, RMW, SMB"
190,0.0151,0.0702703665070716,"SP500, CMA, HML, MARKET, RMW, SMB"
191,0.0165,0.08276404666337013,"SP500, CMA, HML, MARKET, RMW, SMB"
192,0.0173,0.09581313094817309,"SP500, CMA, HML, MARKET, RMW, SMB"
193,0.0174,0.10946379685464128,"SP500, CMA, HML, MARKET, RMW, SMB"
194,0.0183,0.12357842526985406,"SP500, CMA, HML, MARKET, RMW, SMB"
195,0.0184,0.13808672686599105,"SP500, CMA, HML, MARKET, RMW, SMB"
196,0.0189,0.15262115219446606,"SP500, CMA, HML, MARKET, RMW, SMB"
197,0.0192,0.16823758483466233,"SP500, CMA, HML, MARKET, RMW, SMB"
198,0.0223,0.18709613652958737,"SP500, CMA, HML, MARKET, RMW, SMB"
199,0.0225,0.20617115637862102,"SP500, CMA, HML, MARKET, RMW, SMB"
200,0.0323,0.22729404453643107,"SP500, CMA, HML, MARKET, RMW, SMB"
