rank,synth_abs,synth_tau,synth_cum,benchmarks
1,-0.019373182304212637,-9.686591152106318e-05,-0.019373182304212637,"BASIC_MATERIALS, CONSUMER_CYCLICALS, CONSUMER_NON_CYCLICALS, ENERGY, FINANCIALS, HEALTHCARE, INDUSTRIALS, REAL_ESTATE, TECHNOLOGY, TELECOMMUNICATIONS_SERVICES, UTILITIES"
2,-0.019316135491014033,-0.00019344658897613336,-0.03868931779522667,"BASIC_MATERIALS, CONSUMER_CYCLICALS, CONSUMER_NON_CYCLICALS, ENERGY, FINANCIALS, HEALTHCARE, INDUSTRIALS, REAL_ESTATE, TECHNOLOGY, TELECOMMUNICATIONS_SERVICES, UTILITIES"
3,-0.016372027562023307,-0.0002753067267862499,-0.05506134535724998,"BASIC_MATERIALS, CONSUMER_CYCLICALS, CONSUMER_NON_CYCLICALS, ENERGY, FINANCIALS, HEALTHCARE, INDUSTRIALS, REAL_ESTATE, TECHNOLOGY, TELECOMMUNICATIONS_SERVICES, UTILITIES"
4,-0.01623199223839375,-0.0003564666879782186,-0.07129333759564373,"BASIC_MATERIALS, CONSUMER_CYCLICALS, CONSUMER_NON_CYCLICALS, ENERGY, FINANCIALS, HEALTHCARE, INDUSTRIALS, REAL_ESTATE, TECHNOLOGY, TELECOMMUNICATIONS_SERVICES, UTILITIES"
5,-0.016214739508898693,-0.0004375403855227121,-0.08750807710454242,"BASIC_MATERIALS, CONSUMER_CYCLICALS, CONSUMER_NON_CYCLICALS, ENERGY, FINANCIALS, HEALTHCARE, INDUSTRIALS, REAL_ESTATE, TECHNOLOGY, TELECOMMUNICATIONS_SERVICES, UTILITIES"
6,-0.0151324982346661,-0.0005132028766960426,-0.10264057533920852,"BASIC_MATERIALS, CONSUMER_CYCLICALS, CONSUMER_NON_CYCLICALS, ENERGY, FINANCIALS, HEALTHCARE, INDUSTRIALS, REAL_ESTATE, TECHNOLOGY, TELECOMMUNICATIONS_SERVICES, UTILITIES"
7,-0.011804148335907774,-0.0005722236183755815,-0.1144447236751163,"BASIC_MATERIALS, CONSUMER_CYCLICALS, CONSUMER_NON_CYCLICALS, ENERGY, FINANCIALS, HEALTHCARE, INDUSTRIALS, REAL_ESTATE, TECHNOLOGY, TELECOMMUNICATIONS_SERVICES, UTILITIES"
8,-0.011799678262958857,-0.0006312220096903757,-0.12624440193807515,"BASIC_MATERIALS, CONSUMER_CYCLICALS, CONSUMER_NON_CYCLICALS, ENERGY, FINANCIALS, HEALTHCARE, INDUSTRIALS, REAL_ESTATE, TECHNOLOGY, TELECOMMUNICATIONS_SERVICES, UTILITIES"
9,-0.011470596710326297,-0.0006885749932420073,-0.13771499864840145,"BASIC_MATERIALS, CONSUMER_CYCLICALS, CONSUMER_NON_CYCLICALS, ENERGY, FINANCIALS, HEALTHCARE, INDUSTRIALS, REAL_ESTATE, TECHNOLOGY, TELECOMMUNICATIONS_SERVICES, UTILITIES"
10,-0.011339962925681873,-0.0007452748078704166,-0.14905496157408332,"BASIC_MATERIALS, CONSUMER_CYCLICALS, CONSUMER_NON_CYCLICALS, ENERGY, FINANCIALS, HEALTHCARE, INDUSTRIALS, REAL_ESTATE, TECHNOLOGY, TELECOMMUNICATIONS_SERVICES, UTILITIES"
11,-0.011182989775974678,-0.00080118975675029,-0.160237951350058,"BASIC_MATERIALS, CONSUMER_CYCLICALS, CONSUMER_NON_CYCLICALS, ENERGY, FINANCIALS, HEALTHCARE, INDUSTRIALS, REAL_ESTATE, TECHNOLOGY, TELECOMMUNICATIONS_SERVICES, UTILITIES"
12,-0.010712462866758171,-0.0008547520710840809,-0.17095041421681617,"BASIC_MATERIALS, CONSUMER_CYCLICALS, CONSUMER_NON_CYCLICALS, ENERGY, FINANCIALS, HEALTHCARE, INDUSTRIALS, REAL_ESTATE, TECHNOLOGY, TELECOMMUNICATIONS_SERVICES, UTILITIES"
13,-0.010438947496264145,-0.0009069468085654015,-0.18138936171308032,"BASIC_MATERIALS, CONSUMER_CYCLICALS, CONSUMER_NON_CYCLICALS, ENERGY, FINANCIALS, HEALTHCARE, INDUSTRIALS, REAL_ESTATE, TECHNOLOGY, TELECOMMUNICATIONS_SERVICES, UTILITIES"
14,-0.010358437139513593,-0.0009587389942629696,-0.1917477988525939,"BASIC_MATERIALS, CONSUMER_CYCLICALS, CONSUMER_NON_CYCLICALS, ENERGY, FINANCIALS, HEALTHCARE, INDUSTRIALS, REAL_ESTATE, TECHNOLOGY, TELECOMMUNICATIONS_SERVICES, UTILITIES"
15,-0.010230371732213694,-0.001009890852924038,-0.2019781705848076,"BASIC_MATERIALS, CONSUMER_CYCLICALS, CONSUMER_NON_CYCLICALS, ENERGY, FINANCIALS, HEALTHCARE, INDUSTRIALS, REAL_ESTATE, TECHNOLOGY, TELECOMMUNICATIONS_SERVICES, UTILITIES"
16,-0.009779827779136357,-0.0010587899918197198,-0.21175799836394396,"BASIC_MATERIALS, CONSUMER_CYCLICALS, CONSUMER_NON_CYCLICALS, ENERGY, FINANCIALS, HEALTHCARE, INDUSTRIALS, REAL_ESTATE, TECHNOLOGY, TELECOMMUNICATIONS_SERVICES, UTILITIES"
17,-0.0096575692227375,-0.0011070778379334073,-0.22141556758668146,"BASIC_MATERIALS, CONSUMER_CYCLICALS, CONSUMER_NON_CYCLICALS, ENERGY, FINANCIALS, HEALTHCARE, INDUSTRIALS, REAL_ESTATE, TECHNOLOGY, TELECOMMUNICATIONS_SERVICES, UTILITIES"
18,-0.00948003338093048,-0.0011544780048380597,-0.23089560096761194,"BASIC_MATERIALS, CONSUMER_CYCLICALS, CONSUMER_NON_CYCLICALS, ENERGY, FINANCIALS, HEALTHCARE, INDUSTRIALS, REAL_ESTATE, TECHNOLOGY, TELECOMMUNICATIONS_SERVICES, UTILITIES"
19,-0.009226814337920941,-0.0012006120765276644,-0.24012241530553288,"BASIC_MATERIALS, CONSUMER_CYCLICALS, CONSUMER_NON_CYCLICALS, ENERGY, FINANCIALS, HEALTHCARE, INDUSTRIALS, REAL_ESTATE, TECHNOLOGY, TELECOMMUNICATIONS_SERVICES, UTILITIES"
20,-0.009215913698271377,-0.0012466916450190213,-0.24933832900380426,"BASIC_MATERIALS, CONSUMER_CYCLICALS, CONSUMER_NON_CYCLICALS, ENERGY, FINANCIALS, HEALTHCARE, INDUSTRIALS, REAL_ESTATE, TECHNOLOGY, TELECOMMUNICATIONS_SERVICES, UTILITIES"
21,-0.009176541443796371,-0.0012925743522380032,-0.25851487044760063,"BASIC_MATERIALS, CONSUMER_CYCLICALS, CONSUMER_NON_CYCLICALS, ENERGY, FINANCIALS, HEALTHCARE, INDUSTRIALS, REAL_ESTATE, TECHNOLOGY, TELECOMMUNICATIONS_SERVICES, UTILITIES"
22,-0.009175126897289665,-0.0013384499867244515,-0.2676899973448903,"BASIC_MATERIALS, CONSUMER_CYCLICALS, CONSUMER_NON_CYCLICALS, ENERGY, FINANCIALS, HEALTHCARE, INDUSTRIALS, REAL_ESTATE, TECHNOLOGY, TELECOMMUNICATIONS_SERVICES, UTILITIES"
23,-0.009080385561182014,-0.0013838519145303616,-0.2767703829060723,"BASIC_MATERIALS, CONSUMER_CYCLICALS, CONSUMER_NON_CYCLICALS, ENERGY, FINANCIALS, HEALTHCARE, INDUSTRIALS, REAL_ESTATE, TECHNOLOGY, TELECOMMUNICATIONS_SERVICES, UTILITIES"
24,-0.009036295795545102,-0.0014290333935080871,-0.2858066787016174,"BASIC_MATERIALS, CONSUMER_CYCLICALS, CONSUMER_NON_CYCLICALS, ENERGY, FINANCIALS, HEALTHCARE, INDUSTRIALS, REAL_ESTATE, TECHNOLOGY, TELECOMMUNICATIONS_SERVICES, UTILITIES"
25,-0.009005777698553485,-0.0014740622820008545,-0.2948124564001709,"BASIC_MATERIALS, CONSUMER_CYCLICALS, CONSUMER_NON_CYCLICALS, ENERGY, FINANCIALS, HEALTHCARE, INDUSTRIALS, REAL_ESTATE, TECHNOLOGY, TELECOMMUNICATIONS_SERVICES, UTILITIES"
26,-0.008768144085912088,-0.001517903002430415,-0.303580600486083,"BASIC_MATERIALS, CONSUMER_CYCLICALS, CONSUMER_NON_CYCLICALS, ENERGY, FINANCIALS, HEALTHCARE, INDUSTRIALS, REAL_ESTATE, TECHNOLOGY, TELECOMMUNICATIONS_SERVICES, UTILITIES"
27,-0.008685771799774533,-0.0015613318614292875,-0.3122663722858575,"BASIC_MATERIALS, CONSUMER_CYCLICALS, CONSUMER_NON_CYCLICALS, ENERGY, FINANCIALS, HEALTHCARE, INDUSTRIALS, REAL_ESTATE, TECHNOLOGY, TELECOMMUNICATIONS_SERVICES, UTILITIES"
28,-0.00866116615029039,-0.0016046376921807395,-0.3209275384361479,"BASIC_MATERIALS, CONSUMER_CYCLICALS, CONSUMER_NON_CYCLICALS, ENERGY, FINANCIALS, HEALTHCARE, INDUSTRIALS, REAL_ESTATE, TECHNOLOGY, TELECOMMUNICATIONS_SERVICES, UTILITIES"
29,-0.00864787405841172,-0.001647877062472798,-0.3295754124945596,"BASIC_MATERIALS, CONSUMER_CYCLICALS, CONSUMER_NON_CYCLICALS, ENERGY, FINANCIALS, HEALTHCARE, INDUSTRIALS, REAL_ESTATE, TECHNOLOGY, TELECOMMUNICATIONS_SERVICES, UTILITIES"
30,-0.008460657871154242,-0.0016901803518285694,-0.33803607036571387,"BASIC_MATERIALS, CONSUMER_CYCLICALS, CONSUMER_NON_CYCLICALS, ENERGY, FINANCIALS, HEALTHCARE, INDUSTRIALS, REAL_ESTATE, TECHNOLOGY, TELECOMMUNICATIONS_SERVICES, UTILITIES"
31,-0.007967238437403268,-0.0017300165440155856,-0.34600330880311714,"BASIC_MATERIALS, CONSUMER_CYCLICALS, CONSUMER_NON_CYCLICALS, ENERGY, FINANCIALS, HEALTHCARE, INDUSTRIALS, REAL_ESTATE, TECHNOLOGY, TELECOMMUNICATIONS_SERVICES, UTILITIES"
32,-0.007920429018037134,-0.0017696186891057713,-0.35392373782115427,"BASIC_MATERIALS, CONSUMER_CYCLICALS, CONSUMER_NON_CYCLICALS, ENERGY, FINANCIALS, HEALTHCARE, INDUSTRIALS, REAL_ESTATE, TECHNOLOGY, TELECOMMUNICATIONS_SERVICES, UTILITIES"
33,-0.007867641892625177,-0.0018089568985688973,-0.36179137971377945,"BASIC_MATERIALS, CONSUMER_CYCLICALS, CONSUMER_NON_CYCLICALS, ENERGY, FINANCIALS, HEALTHCARE, INDUSTRIALS, REAL_ESTATE, TECHNOLOGY, TELECOMMUNICATIONS_SERVICES, UTILITIES"
34,-0.007764371024627903,-0.0018477787536920367,-0.36955575073840735,"BASIC_MATERIALS, CONSUMER_CYCLICALS, CONSUMER_NON_CYCLICALS, ENERGY, FINANCIALS, HEALTHCARE, INDUSTRIALS, REAL_ESTATE, TECHNOLOGY, TELECOMMUNICATIONS_SERVICES, UTILITIES"
35,-0.0076822697992405264,-0.0018861901026882395,-0.3772380205376479,"BASIC_MATERIALS, CONSUMER_CYCLICALS, CONSUMER_NON_CYCLICALS, ENERGY, FINANCIALS, HEALTHCARE, INDUSTRIALS, REAL_ESTATE, TECHNOLOGY, TELECOMMUNICATIONS_SERVICES, UTILITIES"
36,-0.0074625273638666,-0.0019235027395075725,-0.3847005479015145,"BASIC_MATERIALS, CONSUMER_CYCLICALS, CONSUMER_NON_CYCLICALS, ENERGY, FINANCIALS, HEALTHCARE, INDUSTRIALS, REAL_ESTATE, TECHNOLOGY, TELECOMMUNICATIONS_SERVICES, UTILITIES"
37,-0.0073424308026678875,-0.001960214893520912,-0.39204297870418237,"BASIC_MATERIALS, CONSUMER_CYCLICALS, CONSUMER_NON_CYCLICALS, ENERGY, FINANCIALS, HEALTHCARE, INDUSTRIALS, REAL_ESTATE, TECHNOLOGY, TELECOMMUNICATIONS_SERVICES, UTILITIES"
38,-0.007339436296451507,-0.0019969120750031695,-0.3993824150006339,"BASIC_MATERIALS, CONSUMER_CYCLICALS, CONSUMER_NON_CYCLICALS, ENERGY, FINANCIALS, HEALTHCARE, INDUSTRIALS, REAL_ESTATE, TECHNOLOGY, TELECOMMUNICATIONS_SERVICES, UTILITIES"
39,-0.00733799636192678,-0.0020336020568128034,-0.40672041136256065,"BASIC_MATERIALS, CONSUMER_CYCLICALS, CONSUMER_NON_CYCLICALS, ENERGY, FINANCIALS, HEALTHCARE, INDUSTRIALS, REAL_ESTATE, TECHNOLOGY, TELECOMMUNICATIONS_SERVICES, UTILITIES"
40,-0.006981573142100406,-0.002068509922523305,-0.41370198450466106,"BASIC_MATERIALS, CONSUMER_CYCLICALS, CONSUMER_NON_CYCLICALS, ENERGY, FINANCIALS, HEALTHCARE, INDUSTRIALS, REAL_ESTATE, TECHNOLOGY, TELECOMMUNICATIONS_SERVICES, UTILITIES"
41,-0.006765305837184987,-0.00210233645170923,-0.42046729034184605,"BASIC_MATERIALS, CONSUMER_CYCLICALS, CONSUMER_NON_CYCLICALS, ENERGY, FINANCIALS, HEALTHCARE, INDUSTRIALS, REAL_ESTATE, TECHNOLOGY, TELECOMMUNICATIONS_SERVICES, UTILITIES"
42,-0.006602320043066046,-0.0021353480519245606,-0.4270696103849121,"BASIC_MATERIALS, CONSUMER_CYCLICALS, CONSUMER_NON_CYCLICALS, ENERGY, FINANCIALS, HEALTHCARE, INDUSTRIALS, REAL_ESTATE, TECHNOLOGY, TELECOMMUNICATIONS_SERVICES, UTILITIES"
43,-0.006512065650280563,-0.0021679083801759633,-0.43358167603519265,"BASIC_MATERIALS, CONSUMER_CYCLICALS, CONSUMER_NON_CYCLICALS, ENERGY, FINANCIALS, HEALTHCARE, INDUSTRIALS, REAL_ESTATE, TECHNOLOGY, TELECOMMUNICATIONS_SERVICES, UTILITIES"
44,-0.005966064456152276,-0.0021977387024567246,-0.43954774049134493,"BASIC_MATERIALS, CONSUMER_CYCLICALS, CONSUMER_NON_CYCLICALS, ENERGY, FINANCIALS, HEALTHCARE, INDUSTRIALS, REAL_ESTATE, TECHNOLOGY, TELECOMMUNICATIONS_SERVICES, UTILITIES"
45,-0.005805448009656433,-0.0022267659425050067,-0.44535318850100136,"BASIC_MATERIALS, CONSUMER_CYCLICALS, CONSUMER_NON_CYCLICALS, ENERGY, FINANCIALS, HEALTHCARE, INDUSTRIALS, REAL_ESTATE, TECHNOLOGY, TELECOMMUNICATIONS_SERVICES, UTILITIES"
46,-0.005739689967837469,-0.002255464392344194,-0.45109287846883883,"BASIC_MATERIALS, CONSUMER_CYCLICALS, CONSUMER_NON_CYCLICALS, ENERGY, FINANCIALS, HEALTHCARE, INDUSTRIALS, REAL_ESTATE, TECHNOLOGY, TELECOMMUNICATIONS_SERVICES, UTILITIES"
47,-0.005609358057589553,-0.002283511182632142,-0.4567022365264284,"BASIC_MATERIALS, CONSUMER_CYCLICALS, CONSUMER_NON_CYCLICALS, ENERGY, FINANCIALS, HEALTHCARE, INDUSTRIALS, REAL_ESTATE, TECHNOLOGY, TELECOMMUNICATIONS_SERVICES, UTILITIES"
48,-0.005601046909009699,-0.0023115164171771904,-0.4623032834354381,"BASIC_MATERIALS, CONSUMER_CYCLICALS, CONSUMER_NON_CYCLICALS, ENERGY, FINANCIALS, HEALTHCARE, INDUSTRIALS, REAL_ESTATE, TECHNOLOGY, TELECOMMUNICATIONS_SERVICES, UTILITIES"
49,-0.00556200336694207,-0.0023393264340119007,-0.46786528680238015,"BASIC_MATERIALS, CONSUMER_CYCLICALS, CONSUMER_NON_CYCLICALS, ENERGY, FINANCIALS, HEALTHCARE, INDUSTRIALS, REAL_ESTATE, TECHNOLOGY, TELECOMMUNICATIONS_SERVICES, UTILITIES"
50,-0.005516227889499015,-0.002366907573459396,-0.47338151469187917,"BASIC_MATERIALS, CONSUMER_CYCLICALS, CONSUMER_NON_CYCLICALS, ENERGY, FINANCIALS, HEALTHCARE, INDUSTRIALS, REAL_ESTATE, TECHNOLOGY, TELECOMMUNICATIONS_SERVICES, UTILITIES"
51,-0.00544930606472005,-0.002394154103782996,-0.4788308207565992,"BASIC_MATERIALS, CONSUMER_CYCLICALS, CONSUMER_NON_CYCLICALS, ENERGY, FINANCIALS, HEALTHCARE, INDUSTRIALS, REAL_ESTATE, TECHNOLOGY, TELECOMMUNICATIONS_SERVICES, UTILITIES"
52,-0.005381227750833328,-0.0024210602425371627,-0.48421204850743255,"BASIC_MATERIALS, CONSUMER_CYCLICALS, CONSUMER_NON_CYCLICALS, ENERGY, FINANCIALS, HEALTHCARE, INDUSTRIALS, REAL_ESTATE, TECHNOLOGY, TELECOMMUNICATIONS_SERVICES, UTILITIES"
53,-0.005241467861876348,-0.0024472675818465444,-0.4894535163693089,"BASIC_MATERIALS, CONSUMER_CYCLICALS, CONSUMER_NON_CYCLICALS, ENERGY, FINANCIALS, HEALTHCARE, INDUSTRIALS, REAL_ESTATE, TECHNOLOGY, TELECOMMUNICATIONS_SERVICES, UTILITIES"
54,-0.0051648257880616555,-0.0024730917107868527,-0.49461834215737055,"BASIC_MATERIALS, CONSUMER_CYCLICALS, CONSUMER_NON_CYCLICALS, ENERGY, FINANCIALS, HEALTHCARE, INDUSTRIALS, REAL_ESTATE, TECHNOLOGY, TELECOMMUNICATIONS_SERVICES, UTILITIES"
55,-0.005122291168621729,-0.0024987031666299613,-0.4997406333259923,"BASIC_MATERIALS, CONSUMER_CYCLICALS, CONSUMER_NON_CYCLICALS, ENERGY, FINANCIALS, HEALTHCARE, INDUSTRIALS, REAL_ESTATE, TECHNOLOGY, TELECOMMUNICATIONS_SERVICES, UTILITIES"
56,-0.005108174502999274,-0.002524244039144958,-0.5048488078289916,"BASIC_MATERIALS, CONSUMER_CYCLICALS, CONSUMER_NON_CYCLICALS, ENERGY, FINANCIALS, HEALTHCARE, INDUSTRIALS, REAL_ESTATE, TECHNOLOGY, TELECOMMUNICATIONS_SERVICES, UTILITIES"
57,-0.0050869066505080385,-0.002549678572397498,-0.5099357144794996,"BASIC_MATERIALS, CONSUMER_CYCLICALS, CONSUMER_NON_CYCLICALS, ENERGY, FINANCIALS, HEALTHCARE, INDUSTRIALS, REAL_ESTATE, TECHNOLOGY, TELECOMMUNICATIONS_SERVICES, UTILITIES"
58,-0.004859163648916476,-0.0025739743906420805,-0.5147948781284161,"BASIC_MATERIALS, CONSUMER_CYCLICALS, CONSUMER_NON_CYCLICALS, ENERGY, FINANCIALS, HEALTHCARE, INDUSTRIALS, REAL_ESTATE, TECHNOLOGY, TELECOMMUNICATIONS_SERVICES, UTILITIES"
59,-0.004336329922665416,-0.0025956560402554075,-0.5191312080510815,"BASIC_MATERIALS, CONSUMER_CYCLICALS, CONSUMER_NON_CYCLICALS, ENERGY, FINANCIALS, HEALTHCARE, INDUSTRIALS, REAL_ESTATE, TECHNOLOGY, TELECOMMUNICATIONS_SERVICES, UTILITIES"
60,-0.003301051172009406,-0.0026121612961154546,-0.5224322592230909,"BASIC_MATERIALS, CONSUMER_CYCLICALS, CONSUMER_NON_CYCLICALS, ENERGY, FINANCIALS, HEALTHCARE, INDUSTRIALS, REAL_ESTATE, TECHNOLOGY, TELECOMMUNICATIONS_SERVICES, UTILITIES"
61,-0.0030266522021509257,-0.002627294557126209,-0.5254589114252418,"BASIC_MATERIALS, CONSUMER_CYCLICALS, CONSUMER_NON_CYCLICALS, ENERGY, FINANCIALS, HEALTHCARE, INDUSTRIALS, REAL_ESTATE, TECHNOLOGY, TELECOMMUNICATIONS_SERVICES, UTILITIES"
62,-0.0030230228034531237,-0.0026424096711434746,-0.5284819342286949,"BASIC_MATERIALS, CONSUMER_CYCLICALS, CONSUMER_NON_CYCLICALS, ENERGY, FINANCIALS, HEALTHCARE, INDUSTRIALS, REAL_ESTATE, TECHNOLOGY, TELECOMMUNICATIONS_SERVICES, UTILITIES"
63,-0.0026798503756544356,-0.0026558089230217467,-0.5311617846043494,"BASIC_MATERIALS, CONSUMER_CYCLICALS, CONSUMER_NON_CYCLICALS, ENERGY, FINANCIALS, HEALTHCARE, INDUSTRIALS, REAL_ESTATE, TECHNOLOGY, TELECOMMUNICATIONS_SERVICES, UTILITIES"
64,-0.0025557375594666976,-0.0026685876108190803,-0.5337175221638161,"BASIC_MATERIALS, CONSUMER_CYCLICALS, CONSUMER_NON_CYCLICALS, ENERGY, FINANCIALS, HEALTHCARE, INDUSTRIALS, REAL_ESTATE, TECHNOLOGY, TELECOMMUNICATIONS_SERVICES, UTILITIES"
65,-0.0024141044712939763,-0.0026806581331755503,-0.53613162663511,"BASIC_MATERIALS, CONSUMER_CYCLICALS, CONSUMER_NON_CYCLICALS, ENERGY, FINANCIALS, HEALTHCARE, INDUSTRIALS, REAL_ESTATE, TECHNOLOGY, TELECOMMUNICATIONS_SERVICES, UTILITIES"
66,-0.0022194368623199567,-0.00269175531748715,-0.53835106349743,"BASIC_MATERIALS, CONSUMER_CYCLICALS, CONSUMER_NON_CYCLICALS, ENERGY, FINANCIALS, HEALTHCARE, INDUSTRIALS, REAL_ESTATE, TECHNOLOGY, TELECOMMUNICATIONS_SERVICES, UTILITIES"
67,-0.0021398040995235235,-0.0027024543379847677,-0.5404908675969535,"BASIC_MATERIALS, CONSUMER_CYCLICALS, CONSUMER_NON_CYCLICALS, ENERGY, FINANCIALS, HEALTHCARE, INDUSTRIALS, REAL_ESTATE, TECHNOLOGY, TELECOMMUNICATIONS_SERVICES, UTILITIES"
68,-0.002127216324948056,-0.0027130904196095078,-0.5426180839219016,"BASIC_MATERIALS, CONSUMER_CYCLICALS, CONSUMER_NON_CYCLICALS, ENERGY, FINANCIALS, HEALTHCARE, INDUSTRIALS, REAL_ESTATE, TECHNOLOGY, TELECOMMUNICATIONS_SERVICES, UTILITIES"
69,-0.002030252975047553,-0.0027232416844847457,-0.5446483368969491,"BASIC_MATERIALS, CONSUMER_CYCLICALS, CONSUMER_NON_CYCLICALS, ENERGY, FINANCIALS, HEALTHCARE, INDUSTRIALS, REAL_ESTATE, TECHNOLOGY, TELECOMMUNICATIONS_SERVICES, UTILITIES"
70,-0.002016298319059473,-0.002733323176080043,-0.5466646352160086,"BASIC_MATERIALS, CONSUMER_CYCLICALS, CONSUMER_NON_CYCLICALS, ENERGY, FINANCIALS, HEALTHCARE, INDUSTRIALS, REAL_ESTATE, TECHNOLOGY, TELECOMMUNICATIONS_SERVICES, UTILITIES"
71,-0.0019640717487234838,-0.0027431435348236606,-0.5486287069647321,"BASIC_MATERIALS, CONSUMER_CYCLICALS, CONSUMER_NON_CYCLICALS, ENERGY, FINANCIALS, HEALTHCARE, INDUSTRIALS, REAL_ESTATE, TECHNOLOGY, TELECOMMUNICATIONS_SERVICES, UTILITIES"
72,-0.0018289284844322795,-0.002752288177245822,-0.5504576354491644,"BASIC_MATERIALS, CONSUMER_CYCLICALS, CONSUMER_NON_CYCLICALS, ENERGY, FINANCIALS, HEALTHCARE, INDUSTRIALS, REAL_ESTATE, TECHNOLOGY, TELECOMMUNICATIONS_SERVICES, UTILITIES"
73,-0.0017145607895929782,-0.0027608609811937868,-0.5521721962387574,"BASIC_MATERIALS, CONSUMER_CYCLICALS, CONSUMER_NON_CYCLICALS, ENERGY, FINANCIALS, HEALTHCARE, INDUSTRIALS, REAL_ESTATE, TECHNOLOGY, TELECOMMUNICATIONS_SERVICES, UTILITIES"
74,-0.0014771100508309543,-0.0027682465314479415,-0.5536493062895883,"BASIC_MATERIALS, CONSUMER_CYCLICALS, CONSUMER_NON_CYCLICALS, ENERGY, FINANCIALS, HEALTHCARE, INDUSTRIALS, REAL_ESTATE, TECHNOLOGY, TELECOMMUNICATIONS_SERVICES, UTILITIES"
75,-0.0013133860689866772,-0.002774813461792875,-0.554962692358575,"BASIC_MATERIALS, CONSUMER_CYCLICALS, CONSUMER_NON_CYCLICALS, ENERGY, FINANCIALS, HEALTHCARE, INDUSTRIALS, REAL_ESTATE, TECHNOLOGY, TELECOMMUNICATIONS_SERVICES, UTILITIES"
76,-0.0012753844230999345,-0.0027811903839083745,-0.5562380767816749,"BASIC_MATERIALS, CONSUMER_CYCLICALS, CONSUMER_NON_CYCLICALS, ENERGY, FINANCIALS, HEALTHCARE, INDUSTRIALS, REAL_ESTATE, TECHNOLOGY, TELECOMMUNICATIONS_SERVICES, UTILITIES"
77,-0.0011827088422875498,-0.0027871039281198123,-0.5574207856239625,"BASIC_MATERIALS, CONSUMER_CYCLICALS, CONSUMER_NON_CYCLICALS, ENERGY, FINANCIALS, HEALTHCARE, INDUSTRIALS, REAL_ESTATE, TECHNOLOGY, TELECOMMUNICATIONS_SERVICES, UTILITIES"
78,-0.0010730250370091232,-0.002792469053304858,-0.5584938106609716,"BASIC_MATERIALS, CONSUMER_CYCLICALS, CONSUMER_NON_CYCLICALS, ENERGY, FINANCIALS, HEALTHCARE, INDUSTRIALS, REAL_ESTATE, TECHNOLOGY, TELECOMMUNICATIONS_SERVICES, UTILITIES"
79,-0.0009926901625825213,-0.0027974325041177704,-0.5594865008235541,"BASIC_MATERIALS, CONSUMER_CYCLICALS, CONSUMER_NON_CYCLICALS, ENERGY, FINANCIALS, HEALTHCARE, INDUSTRIALS, REAL_ESTATE, TECHNOLOGY, TELECOMMUNICATIONS_SERVICES, UTILITIES"
80,-0.0009300604935683632,-0.0028020828065856125,-0.5604165613171225,"BASIC_MATERIALS, CONSUMER_CYCLICALS, CONSUMER_NON_CYCLICALS, ENERGY, FINANCIALS, HEALTHCARE, INDUSTRIALS, REAL_ESTATE, TECHNOLOGY, TELECOMMUNICATIONS_SERVICES, UTILITIES"
81,-0.0009297414480904376,-0.0028067315138260644,-0.5613463027652129,"BASIC_MATERIALS, CONSUMER_CYCLICALS, CONSUMER_NON_CYCLICALS, ENERGY, FINANCIALS, HEALTHCARE, INDUSTRIALS, REAL_ESTATE, TECHNOLOGY, TELECOMMUNICATIONS_SERVICES, UTILITIES"
82,-0.0008356341844564241,-0.002810909684748347,-0.5621819369496693,"BASIC_MATERIALS, CONSUMER_CYCLICALS, CONSUMER_NON_CYCLICALS, ENERGY, FINANCIALS, HEALTHCARE, INDUSTRIALS, REAL_ESTATE, TECHNOLOGY, TELECOMMUNICATIONS_SERVICES, UTILITIES"
83,-0.0005067764624502313,-0.002813443567060598,-0.5626887134121196,"BASIC_MATERIALS, CONSUMER_CYCLICALS, CONSUMER_NON_CYCLICALS, ENERGY, FINANCIALS, HEALTHCARE, INDUSTRIALS, REAL_ESTATE, TECHNOLOGY, TELECOMMUNICATIONS_SERVICES, UTILITIES"
84,-0.0003624397816546221,-0.002815255765968871,-0.5630511531937742,"BASIC_MATERIALS, CONSUMER_CYCLICALS, CONSUMER_NON_CYCLICALS, ENERGY, FINANCIALS, HEALTHCARE, INDUSTRIALS, REAL_ESTATE, TECHNOLOGY, TELECOMMUNICATIONS_SERVICES, UTILITIES"
85,-0.00012428190629598657,-0.002815877175500351,-0.5631754351000702,"BASIC_MATERIALS, CONSUMER_CYCLICALS, CONSUMER_NON_CYCLICALS, ENERGY, FINANCIALS, HEALTHCARE, INDUSTRIALS, REAL_ESTATE, TECHNOLOGY, TELECOMMUNICATIONS_SERVICES, UTILITIES"
86,-0.00011128592954834371,-0.002816433605148093,-0.5632867210296185,"BASIC_MATERIALS, CONSUMER_CYCLICALS, CONSUMER_NON_CYCLICALS, ENERGY, FINANCIALS, HEALTHCARE, INDUSTRIALS, REAL_ESTATE, TECHNOLOGY, TELECOMMUNICATIONS_SERVICES, UTILITIES"
87,6.202986289505219e-05,-0.002816123455833617,-0.5632246911667235,"BASIC_MATERIALS, CONSUMER_CYCLICALS, CONSUMER_NON_CYCLICALS, ENERGY, FINANCIALS, HEALTHCARE, INDUSTRIALS, REAL_ESTATE, TECHNOLOGY, TELECOMMUNICATIONS_SERVICES, UTILITIES"
88,6.852619845798547e-05,-0.0028157808248413276,-0.5631561649682655,"BASIC_MATERIALS, CONSUMER_CYCLICALS, CONSUMER_NON_CYCLICALS, ENERGY, FINANCIALS, HEALTHCARE, INDUSTRIALS, REAL_ESTATE, TECHNOLOGY, TELECOMMUNICATIONS_SERVICES, UTILITIES"
89,0.00014320485434449193,-0.002815064800569605,-0.563012960113921,"BASIC_MATERIALS, CONSUMER_CYCLICALS, CONSUMER_NON_CYCLICALS, ENERGY, FINANCIALS, HEALTHCARE, INDUSTRIALS, REAL_ESTATE, TECHNOLOGY, TELECOMMUNICATIONS_SERVICES, UTILITIES"
90,0.00020305806187970177,-0.0028140495102602064,-0.5628099020520413,"BASIC_MATERIALS, CONSUMER_CYCLICALS, CONSUMER_NON_CYCLICALS, ENERGY, FINANCIALS, HEALTHCARE, INDUSTRIALS, REAL_ESTATE, TECHNOLOGY, TELECOMMUNICATIONS_SERVICES, UTILITIES"
91,0.00020342164355124925,-0.00281303240204245,-0.56260648040849,"BASIC_MATERIALS, CONSUMER_CYCLICALS, CONSUMER_NON_CYCLICALS, ENERGY, FINANCIALS, HEALTHCARE, INDUSTRIALS, REAL_ESTATE, TECHNOLOGY, TELECOMMUNICATIONS_SERVICES, UTILITIES"
92,0.00024620073391834474,-0.0028118013983728586,-0.5623602796745717,"BASIC_MATERIALS, CONSUMER_CYCLICALS, CONSUMER_NON_CYCLICALS, ENERGY, FINANCIALS, HEALTHCARE, INDUSTRIALS, REAL_ESTATE, TECHNOLOGY, TELECOMMUNICATIONS_SERVICES, UTILITIES"
93,0.0002950683370566143,-0.0028103260566875754,-0.5620652113375151,"BASIC_MATERIALS, CONSUMER_CYCLICALS, CONSUMER_NON_CYCLICALS, ENERGY, FINANCIALS, HEALTHCARE, INDUSTRIALS, REAL_ESTATE, TECHNOLOGY, TELECOMMUNICATIONS_SERVICES, UTILITIES"
94,0.00031934466599681244,-0.0028087293333575914,-0.5617458666715183,"BASIC_MATERIALS, CONSUMER_CYCLICALS, CONSUMER_NON_CYCLICALS, ENERGY, FINANCIALS, HEALTHCARE, INDUSTRIALS, REAL_ESTATE, TECHNOLOGY, TELECOMMUNICATIONS_SERVICES, UTILITIES"
95,0.00039459434258137804,-0.0028067563616446843,-0.5613512723289369,"BASIC_MATERIALS, CONSUMER_CYCLICALS, CONSUMER_NON_CYCLICALS, ENERGY, FINANCIALS, HEALTHCARE, INDUSTRIALS, REAL_ESTATE, TECHNOLOGY, TELECOMMUNICATIONS_SERVICES, UTILITIES"
96,0.00043175097242964533,-0.0028045976067825364,-0.5609195213565072,"BASIC_MATERIALS, CONSUMER_CYCLICALS, CONSUMER_NON_CYCLICALS, ENERGY, FINANCIALS, HEALTHCARE, INDUSTRIALS, REAL_ESTATE, TECHNOLOGY, TELECOMMUNICATIONS_SERVICES, UTILITIES"
97,0.0004939557286730567,-0.002802127828139171,-0.5604255656278342,"BASIC_MATERIALS, CONSUMER_CYCLICALS, CONSUMER_NON_CYCLICALS, ENERGY, FINANCIALS, HEALTHCARE, INDUSTRIALS, REAL_ESTATE, TECHNOLOGY, TELECOMMUNICATIONS_SERVICES, UTILITIES"
98,0.0005733020619819174,-0.0027992613178292615,-0.5598522635658523,"BASIC_MATERIALS, CONSUMER_CYCLICALS, CONSUMER_NON_CYCLICALS, ENERGY, FINANCIALS, HEALTHCARE, INDUSTRIALS, REAL_ESTATE, TECHNOLOGY, TELECOMMUNICATIONS_SERVICES, UTILITIES"
99,0.0006447272294454187,-0.002796037681682034,-0.5592075363364069,"BASIC_MATERIALS, CONSUMER_CYCLICALS, CONSUMER_NON_CYCLICALS, ENERGY, FINANCIALS, HEALTHCARE, INDUSTRIALS, REAL_ESTATE, TECHNOLOGY, TELECOMMUNICATIONS_SERVICES, UTILITIES"
100,0.0007853095885497208,-0.0027921111337392856,-0.5584222267478571,"BASIC_MATERIALS, CONSUMER_CYCLICALS, CONSUMER_NON_CYCLICALS, ENERGY, FINANCIALS, HEALTHCARE, INDUSTRIALS, REAL_ESTATE, TECHNOLOGY, TELECOMMUNICATIONS_SERVICES, UTILITIES"
101,0.0011344085971789486,-0.002786439090753391,-0.5572878181506782,"BASIC_MATERIALS, CONSUMER_CYCLICALS, CONSUMER_NON_CYCLICALS, ENERGY, FINANCIALS, HEALTHCARE, INDUSTRIALS, REAL_ESTATE, TECHNOLOGY, TELECOMMUNICATIONS_SERVICES, UTILITIES"
102,0.0014489106950940078,-0.002779194537277921,-0.5558389074555842,"BASIC_MATERIALS, CONSUMER_CYCLICALS, CONSUMER_NON_CYCLICALS, ENERGY, FINANCIALS, HEALTHCARE, INDUSTRIALS, REAL_ESTATE, TECHNOLOGY, TELECOMMUNICATIONS_SERVICES, UTILITIES"
103,0.001723660708649044,-0.0027705762337346756,-0.5541152467469351,"BASIC_MATERIALS, CONSUMER_CYCLICALS, CONSUMER_NON_CYCLICALS, ENERGY, FINANCIALS, HEALTHCARE, INDUSTRIALS, REAL_ESTATE, TECHNOLOGY, TELECOMMUNICATIONS_SERVICES, UTILITIES"
104,0.0017462701360989596,-0.002761844883054181,-0.5523689766108362,"BASIC_MATERIALS, CONSUMER_CYCLICALS, CONSUMER_NON_CYCLICALS, ENERGY, FINANCIALS, HEALTHCARE, INDUSTRIALS, REAL_ESTATE, TECHNOLOGY, TELECOMMUNICATIONS_SERVICES, UTILITIES"
105,0.0023321126649147317,-0.002750184319729607,-0.5500368639459214,"BASIC_MATERIALS, CONSUMER_CYCLICALS, CONSUMER_NON_CYCLICALS, ENERGY, FINANCIALS, HEALTHCARE, INDUSTRIALS, REAL_ESTATE, TECHNOLOGY, TELECOMMUNICATIONS_SERVICES, UTILITIES"
106,0.002354091925589885,-0.0027384138601016577,-0.5476827720203316,"BASIC_MATERIALS, CONSUMER_CYCLICALS, CONSUMER_NON_CYCLICALS, ENERGY, FINANCIALS, HEALTHCARE, INDUSTRIALS, REAL_ESTATE, TECHNOLOGY, TELECOMMUNICATIONS_SERVICES, UTILITIES"
107,0.002383523195414905,-0.002726496244124583,-0.5452992488249166,"BASIC_MATERIALS, CONSUMER_CYCLICALS, CONSUMER_NON_CYCLICALS, ENERGY, FINANCIALS, HEALTHCARE, INDUSTRIALS, REAL_ESTATE, TECHNOLOGY, TELECOMMUNICATIONS_SERVICES, UTILITIES"
108,0.002414611819201773,-0.0027144231850285746,-0.5428846370057149,"BASIC_MATERIALS, CONSUMER_CYCLICALS, CONSUMER_NON_CYCLICALS, ENERGY, FINANCIALS, HEALTHCARE, INDUSTRIALS, REAL_ESTATE, TECHNOLOGY, TELECOMMUNICATIONS_SERVICES, UTILITIES"
109,0.002556787814741668,-0.002701639245954866,-0.5403278491909732,"BASIC_MATERIALS, CONSUMER_CYCLICALS, CONSUMER_NON_CYCLICALS, ENERGY, FINANCIALS, HEALTHCARE, INDUSTRIALS, REAL_ESTATE, TECHNOLOGY, TELECOMMUNICATIONS_SERVICES, UTILITIES"
110,0.0026675554889499242,-0.0026883014685101163,-0.5376602937020233,"BASIC_MATERIALS, CONSUMER_CYCLICALS, CONSUMER_NON_CYCLICALS, ENERGY, FINANCIALS, HEALTHCARE, INDUSTRIALS, REAL_ESTATE, TECHNOLOGY, TELECOMMUNICATIONS_SERVICES, UTILITIES"
111,0.002729531821962672,-0.0026746538094003032,-0.5349307618800606,"BASIC_MATERIALS, CONSUMER_CYCLICALS, CONSUMER_NON_CYCLICALS, ENERGY, FINANCIALS, HEALTHCARE, INDUSTRIALS, REAL_ESTATE, TECHNOLOGY, TELECOMMUNICATIONS_SERVICES, UTILITIES"
112,0.0028130989995752698,-0.0026605883144024266,-0.5321176628804853,"BASIC_MATERIALS, CONSUMER_CYCLICALS, CONSUMER_NON_CYCLICALS, ENERGY, FINANCIALS, HEALTHCARE, INDUSTRIALS, REAL_ESTATE, TECHNOLOGY, TELECOMMUNICATIONS_SERVICES, UTILITIES"
113,0.0028613641828018066,-0.0026462814934884176,-0.5292562986976835,"BASIC_MATERIALS, CONSUMER_CYCLICALS, CONSUMER_NON_CYCLICALS, ENERGY, FINANCIALS, HEALTHCARE, INDUSTRIALS, REAL_ESTATE, TECHNOLOGY, TELECOMMUNICATIONS_SERVICES, UTILITIES"
114,0.0030010867986194345,-0.0026312760594953207,-0.5262552118990641,"BASIC_MATERIALS, CONSUMER_CYCLICALS, CONSUMER_NON_CYCLICALS, ENERGY, FINANCIALS, HEALTHCARE, INDUSTRIALS, REAL_ESTATE, TECHNOLOGY, TELECOMMUNICATIONS_SERVICES, UTILITIES"
115,0.0030349937681427575,-0.0026161010906546067,-0.5232202181309213,"BASIC_MATERIALS, CONSUMER_CYCLICALS, CONSUMER_NON_CYCLICALS, ENERGY, FINANCIALS, HEALTHCARE, INDUSTRIALS, REAL_ESTATE, TECHNOLOGY, TELECOMMUNICATIONS_SERVICES, UTILITIES"
116,0.0030467570481705897,-0.002600867305413754,-0.5201734610827508,"BASIC_MATERIALS, CONSUMER_CYCLICALS, CONSUMER_NON_CYCLICALS, ENERGY, FINANCIALS, HEALTHCARE, INDUSTRIALS, REAL_ESTATE, TECHNOLOGY, TELECOMMUNICATIONS_SERVICES, UTILITIES"
117,0.0030784181748380046,-0.002585475214539564,-0.5170950429079127,"BASIC_MATERIALS, CONSUMER_CYCLICALS, CONSUMER_NON_CYCLICALS, ENERGY, FINANCIALS, HEALTHCARE, INDUSTRIALS, REAL_ESTATE, TECHNOLOGY, TELECOMMUNICATIONS_SERVICES, UTILITIES"
118,0.003117613449705625,-0.0025698871472910356,-0.5139774294582071,"BASIC_MATERIALS, CONSUMER_CYCLICALS, CONSUMER_NON_CYCLICALS, ENERGY, FINANCIALS, HEALTHCARE, INDUSTRIALS, REAL_ESTATE, TECHNOLOGY, TELECOMMUNICATIONS_SERVICES, UTILITIES"
119,0.0031208975604837264,-0.002554282659488617,-0.5108565318977234,"BASIC_MATERIALS, CONSUMER_CYCLICALS, CONSUMER_NON_CYCLICALS, ENERGY, FINANCIALS, HEALTHCARE, INDUSTRIALS, REAL_ESTATE, TECHNOLOGY, TELECOMMUNICATIONS_SERVICES, UTILITIES"
120,0.0031988405666206754,-0.0025382884566555134,-0.5076576913311027,"BASIC_MATERIALS, CONSUMER_CYCLICALS, CONSUMER_NON_CYCLICALS, ENERGY, FINANCIALS, HEALTHCARE, INDUSTRIALS, REAL_ESTATE, TECHNOLOGY, TELECOMMUNICATIONS_SERVICES, UTILITIES"
121,0.0032603771184930297,-0.0025219865710630483,-0.5043973142126097,"BASIC_MATERIALS, CONSUMER_CYCLICALS, CONSUMER_NON_CYCLICALS, ENERGY, FINANCIALS, HEALTHCARE, INDUSTRIALS, REAL_ESTATE, TECHNOLOGY, TELECOMMUNICATIONS_SERVICES, UTILITIES"
122,0.0033239754171600078,-0.0025053666939772483,-0.5010733387954497,"BASIC_MATERIALS, CONSUMER_CYCLICALS, CONSUMER_NON_CYCLICALS, ENERGY, FINANCIALS, HEALTHCARE, INDUSTRIALS, REAL_ESTATE, TECHNOLOGY, TELECOMMUNICATIONS_SERVICES, UTILITIES"
123,0.003459481982717061,-0.002488069284063663,-0.4976138568127326,"BASIC_MATERIALS, CONSUMER_CYCLICALS, CONSUMER_NON_CYCLICALS, ENERGY, FINANCIALS, HEALTHCARE, INDUSTRIALS, REAL_ESTATE, TECHNOLOGY, TELECOMMUNICATIONS_SERVICES, UTILITIES"
124,0.0036828770740165995,-0.00246965489869358,-0.493930979738716,"BASIC_MATERIALS, CONSUMER_CYCLICALS, CONSUMER_NON_CYCLICALS, ENERGY, FINANCIALS, HEALTHCARE, INDUSTRIALS, REAL_ESTATE, TECHNOLOGY, TELECOMMUNICATIONS_SERVICES, UTILITIES"
125,0.0038203727496631257,-0.0024505530349452644,-0.4901106069890529,"BASIC_MATERIALS, CONSUMER_CYCLICALS, CONSUMER_NON_CYCLICALS, ENERGY, FINANCIALS, HEALTHCARE, INDUSTRIALS, REAL_ESTATE, TECHNOLOGY, TELECOMMUNICATIONS_SERVICES, UTILITIES"
126,0.004097326018230374,-0.0024300664048541127,-0.4860132809708225,"BASIC_MATERIALS, CONSUMER_CYCLICALS, CONSUMER_NON_CYCLICALS, ENERGY, FINANCIALS, HEALTHCARE, INDUSTRIALS, REAL_ESTATE, TECHNOLOGY, TELECOMMUNICATIONS_SERVICES, UTILITIES"
127,0.004329247824168436,-0.0024084201657332705,-0.4816840331466541,"BASIC_MATERIALS, CONSUMER_CYCLICALS, CONSUMER_NON_CYCLICALS, ENERGY, FINANCIALS, HEALTHCARE, INDUSTRIALS, REAL_ESTATE, TECHNOLOGY, TELECOMMUNICATIONS_SERVICES, UTILITIES"
128,0.004438863232267276,-0.002386225849571934,-0.4772451699143868,"BASIC_MATERIALS, CONSUMER_CYCLICALS, CONSUMER_NON_CYCLICALS, ENERGY, FINANCIALS, HEALTHCARE, INDUSTRIALS, REAL_ESTATE, TECHNOLOGY, TELECOMMUNICATIONS_SERVICES, UTILITIES"
129,0.004477718808390707,-0.0023638372555299806,-0.4727674511059961,"BASIC_MATERIALS, CONSUMER_CYCLICALS, CONSUMER_NON_CYCLICALS, ENERGY, FINANCIALS, HEALTHCARE, INDUSTRIALS, REAL_ESTATE, TECHNOLOGY, TELECOMMUNICATIONS_SERVICES, UTILITIES"
130,0.004554421260897945,-0.0023410651492254907,-0.46821302984509816,"BASIC_MATERIALS, CONSUMER_CYCLICALS, CONSUMER_NON_CYCLICALS, ENERGY, FINANCIALS, HEALTHCARE, INDUSTRIALS, REAL_ESTATE, TECHNOLOGY, TELECOMMUNICATIONS_SERVICES, UTILITIES"
131,0.004690992234416713,-0.0023176101880534074,-0.46352203761068145,"BASIC_MATERIALS, CONSUMER_CYCLICALS, CONSUMER_NON_CYCLICALS, ENERGY, FINANCIALS, HEALTHCARE, INDUSTRIALS, REAL_ESTATE, TECHNOLOGY, TELECOMMUNICATIONS_SERVICES, UTILITIES"
132,0.004736958284645709,-0.002293925396630179,-0.45878507932603574,"BASIC_MATERIALS, CONSUMER_CYCLICALS, CONSUMER_NON_CYCLICALS, ENERGY, FINANCIALS, HEALTHCARE, INDUSTRIALS, REAL_ESTATE, TECHNOLOGY, TELECOMMUNICATIONS_SERVICES, UTILITIES"
133,0.0048915243937973085,-0.0022694677746611922,-0.45389355493223843,"BASIC_MATERIALS, CONSUMER_CYCLICALS, CONSUMER_NON_CYCLICALS, ENERGY, FINANCIALS, HEALTHCARE, INDUSTRIALS, REAL_ESTATE, TECHNOLOGY, TELECOMMUNICATIONS_SERVICES, UTILITIES"
134,0.005250855706194935,-0.0022432134961302176,-0.4486426992260435,"BASIC_MATERIALS, CONSUMER_CYCLICALS, CONSUMER_NON_CYCLICALS, ENERGY, FINANCIALS, HEALTHCARE, INDUSTRIALS, REAL_ESTATE, TECHNOLOGY, TELECOMMUNICATIONS_SERVICES, UTILITIES"
135,0.005348863591784325,-0.002216469178171296,-0.44329383563425917,"BASIC_MATERIALS, CONSUMER_CYCLICALS, CONSUMER_NON_CYCLICALS, ENERGY, FINANCIALS, HEALTHCARE, INDUSTRIALS, REAL_ESTATE, TECHNOLOGY, TELECOMMUNICATIONS_SERVICES, UTILITIES"
136,0.0056408722684627155,-0.002188264816828982,-0.43765296336579645,"BASIC_MATERIALS, CONSUMER_CYCLICALS, CONSUMER_NON_CYCLICALS, ENERGY, FINANCIALS, HEALTHCARE, INDUSTRIALS, REAL_ESTATE, TECHNOLOGY, TELECOMMUNICATIONS_SERVICES, UTILITIES"
137,0.005794276166912804,-0.002159293435994418,-0.43185868719888365,"BASIC_MATERIALS, CONSUMER_CYCLICALS, CONSUMER_NON_CYCLICALS, ENERGY, FINANCIALS, HEALTHCARE, INDUSTRIALS, REAL_ESTATE, TECHNOLOGY, TELECOMMUNICATIONS_SERVICES, UTILITIES"
138,0.005999870040755473,-0.002129294085790641,-0.4258588171581282,"BASIC_MATERIALS, CONSUMER_CYCLICALS, CONSUMER_NON_CYCLICALS, ENERGY, FINANCIALS, HEALTHCARE, INDUSTRIALS, REAL_ESTATE, TECHNOLOGY, TELECOMMUNICATIONS_SERVICES, UTILITIES"
139,0.006005344055385775,-0.002099267365513712,-0.4198534731027424,"BASIC_MATERIALS, CONSUMER_CYCLICALS, CONSUMER_NON_CYCLICALS, ENERGY, FINANCIALS, HEALTHCARE, INDUSTRIALS, REAL_ESTATE, TECHNOLOGY, TELECOMMUNICATIONS_SERVICES, UTILITIES"
140,0.0061251181649996655,-0.0020686417746887138,-0.41372835493774274,"BASIC_MATERIALS, CONSUMER_CYCLICALS, CONSUMER_NON_CYCLICALS, ENERGY, FINANCIALS, HEALTHCARE, INDUSTRIALS, REAL_ESTATE, TECHNOLOGY, TELECOMMUNICATIONS_SERVICES, UTILITIES"
141,0.006141363855392212,-0.0020379349554117527,-0.4075869910823505,"BASIC_MATERIALS, CONSUMER_CYCLICALS, CONSUMER_NON_CYCLICALS, ENERGY, FINANCIALS, HEALTHCARE, INDUSTRIALS, REAL_ESTATE, TECHNOLOGY, TELECOMMUNICATIONS_SERVICES, UTILITIES"
142,0.0063841073882873745,-0.0020060144184703157,-0.40120288369406315,"BASIC_MATERIALS, CONSUMER_CYCLICALS, CONSUMER_NON_CYCLICALS, ENERGY, FINANCIALS, HEALTHCARE, INDUSTRIALS, REAL_ESTATE, TECHNOLOGY, TELECOMMUNICATIONS_SERVICES, UTILITIES"
143,0.006469363998669098,-0.0019736675984769704,-0.39473351969539405,"BASIC_MATERIALS, CONSUMER_CYCLICALS, CONSUMER_NON_CYCLICALS, ENERGY, FINANCIALS, HEALTHCARE, INDUSTRIALS, REAL_ESTATE, TECHNOLOGY, TELECOMMUNICATIONS_SERVICES, UTILITIES"
144,0.006535042353737308,-0.0019409923867082838,-0.38819847734165674,"BASIC_MATERIALS, CONSUMER_CYCLICALS, CONSUMER_NON_CYCLICALS, ENERGY, FINANCIALS, HEALTHCARE, INDUSTRIALS, REAL_ESTATE, TECHNOLOGY, TELECOMMUNICATIONS_SERVICES, UTILITIES"
145,0.006613881656094223,-0.0019079229784278126,-0.3815845956855625,"BASIC_MATERIALS, CONSUMER_CYCLICALS, CONSUMER_NON_CYCLICALS, ENERGY, FINANCIALS, HEALTHCARE, INDUSTRIALS, REAL_ESTATE, TECHNOLOGY, TELECOMMUNICATIONS_SERVICES, UTILITIES"
146,0.006731990673956356,-0.0018742630250580309,-0.37485260501160617,"BASIC_MATERIALS, CONSUMER_CYCLICALS, CONSUMER_NON_CYCLICALS, ENERGY, FINANCIALS, HEALTHCARE, INDUSTRIALS, REAL_ESTATE, TECHNOLOGY, TELECOMMUNICATIONS_SERVICES, UTILITIES"
147,0.006753108987563039,-0.0018404974801202157,-0.3680994960240431,"BASIC_MATERIALS, CONSUMER_CYCLICALS, CONSUMER_NON_CYCLICALS, ENERGY, FINANCIALS, HEALTHCARE, INDUSTRIALS, REAL_ESTATE, TECHNOLOGY, TELECOMMUNICATIONS_SERVICES, UTILITIES"
148,0.006757314897773925,-0.001806710905631346,-0.3613421811262692,"BASIC_MATERIALS, CONSUMER_CYCLICALS, CONSUMER_NON_CYCLICALS, ENERGY, FINANCIALS, HEALTHCARE, INDUSTRIALS, REAL_ESTATE, TECHNOLOGY, TELECOMMUNICATIONS_SERVICES, UTILITIES"
149,0.0068077617602952945,-0.0017726720968298695,-0.3545344193659739,"BASIC_MATERIALS, CONSUMER_CYCLICALS, CONSUMER_NON_CYCLICALS, ENERGY, FINANCIALS, HEALTHCARE, INDUSTRIALS, REAL_ESTATE, TECHNOLOGY, TELECOMMUNICATIONS_SERVICES, UTILITIES"
150,0.006814276979231648,-0.0017386007119337113,-0.34772014238674226,"BASIC_MATERIALS, CONSUMER_CYCLICALS, CONSUMER_NON_CYCLICALS, ENERGY, FINANCIALS, HEALTHCARE, INDUSTRIALS, REAL_ESTATE, TECHNOLOGY, TELECOMMUNICATIONS_SERVICES, UTILITIES"
151,0.006860635680956517,-0.0017042975335289287,-0.34085950670578574,"BASIC_MATERIALS, CONSUMER_CYCLICALS, CONSUMER_NON_CYCLICALS, ENERGY, FINANCIALS, HEALTHCARE, INDUSTRIALS, REAL_ESTATE, TECHNOLOGY, TELECOMMUNICATIONS_SERVICES, UTILITIES"
152,0.007047547962048983,-0.0016690597937186837,-0.33381195874373676,"BASIC_MATERIALS, CONSUMER_CYCLICALS, CONSUMER_NON_CYCLICALS, ENERGY, FINANCIALS, HEALTHCARE, INDUSTRIALS, REAL_ESTATE, TECHNOLOGY, TELECOMMUNICATIONS_SERVICES, UTILITIES"
153,0.007145224802482808,-0.0016333336697062697,-0.32666673394125395,"BASIC_MATERIALS, CONSUMER_CYCLICALS, CONSUMER_NON_CYCLICALS, ENERGY, FINANCIALS, HEALTHCARE, INDUSTRIALS, REAL_ESTATE, TECHNOLOGY, TELECOMMUNICATIONS_SERVICES, UTILITIES"
154,0.007576393073774335,-0.001595451704337398,-0.3190903408674796,"BASIC_MATERIALS, CONSUMER_CYCLICALS, CONSUMER_NON_CYCLICALS, ENERGY, FINANCIALS, HEALTHCARE, INDUSTRIALS, REAL_ESTATE, TECHNOLOGY, TELECOMMUNICATIONS_SERVICES, UTILITIES"
155,0.0076154029987723915,-0.001557374689343536,-0.3114749378687072,"BASIC_MATERIALS, CONSUMER_CYCLICALS, CONSUMER_NON_CYCLICALS, ENERGY, FINANCIALS, HEALTHCARE, INDUSTRIALS, REAL_ESTATE, TECHNOLOGY, TELECOMMUNICATIONS_SERVICES, UTILITIES"
156,0.008315997622190097,-0.0015157947012325857,-0.30315894024651713,"BASIC_MATERIALS, CONSUMER_CYCLICALS, CONSUMER_NON_CYCLICALS, ENERGY, FINANCIALS, HEALTHCARE, INDUSTRIALS, REAL_ESTATE, TECHNOLOGY, TELECOMMUNICATIONS_SERVICES, UTILITIES"
157,0.00832612742486627,-0.0014741640641082543,-0.29483281282165086,"BASIC_MATERIALS, CONSUMER_CYCLICALS, CONSUMER_NON_CYCLICALS, ENERGY, FINANCIALS, HEALTHCARE, INDUSTRIALS, REAL_ESTATE, TECHNOLOGY, TELECOMMUNICATIONS_SERVICES, UTILITIES"
158,0.008380220570031904,-0.0014322629612580947,-0.28645259225161895,"BASIC_MATERIALS, CONSUMER_CYCLICALS, CONSUMER_NON_CYCLICALS, ENERGY, FINANCIALS, HEALTHCARE, INDUSTRIALS, REAL_ESTATE, TECHNOLOGY, TELECOMMUNICATIONS_SERVICES, UTILITIES"
159,0.008382303964565796,-0.0013903514414352657,-0.27807028828705316,"BASIC_MATERIALS, CONSUMER_CYCLICALS, CONSUMER_NON_CYCLICALS, ENERGY, FINANCIALS, HEALTHCARE, INDUSTRIALS, REAL_ESTATE, TECHNOLOGY, TELECOMMUNICATIONS_SERVICES, UTILITIES"
160,0.008463208057916172,-0.0013480354011456848,-0.269607080229137,"BASIC_MATERIALS, CONSUMER_CYCLICALS, CONSUMER_NON_CYCLICALS, ENERGY, FINANCIALS, HEALTHCARE, INDUSTRIALS, REAL_ESTATE, TECHNOLOGY, TELECOMMUNICATIONS_SERVICES, UTILITIES"
161,0.008612157035018386,-0.001304974615970593,-0.2609949231941186,"BASIC_MATERIALS, CONSUMER_CYCLICALS, CONSUMER_NON_CYCLICALS, ENERGY, FINANCIALS, HEALTHCARE, INDUSTRIALS, REAL_ESTATE, TECHNOLOGY, TELECOMMUNICATIONS_SERVICES, UTILITIES"
162,0.008772215428014152,-0.0012611135388305222,-0.25222270776610445,"BASIC_MATERIALS, CONSUMER_CYCLICALS, CONSUMER_NON_CYCLICALS, ENERGY, FINANCIALS, HEALTHCARE, INDUSTRIALS, REAL_ESTATE, TECHNOLOGY, TELECOMMUNICATIONS_SERVICES, UTILITIES"
163,0.008781767786075645,-0.001217204699900144,-0.2434409399800288,"BASIC_MATERIALS, CONSUMER_CYCLICALS, CONSUMER_NON_CYCLICALS, ENERGY, FINANCIALS, HEALTHCARE, INDUSTRIALS, REAL_ESTATE, TECHNOLOGY, TELECOMMUNICATIONS_SERVICES, UTILITIES"
164,0.008845165587501064,-0.0011729788719626387,-0.23459577439252774,"BASIC_MATERIALS, CONSUMER_CYCLICALS, CONSUMER_NON_CYCLICALS, ENERGY, FINANCIALS, HEALTHCARE, INDUSTRIALS, REAL_ESTATE, TECHNOLOGY, TELECOMMUNICATIONS_SERVICES, UTILITIES"
165,0.00927334989404019,-0.0011266121224924378,-0.22532242449848755,"BASIC_MATERIALS, CONSUMER_CYCLICALS, CONSUMER_NON_CYCLICALS, ENERGY, FINANCIALS, HEALTHCARE, INDUSTRIALS, REAL_ESTATE, TECHNOLOGY, TELECOMMUNICATIONS_SERVICES, UTILITIES"
166,0.009294974692743069,-0.0010801372490287225,-0.21602744980574448,"BASIC_MATERIALS, CONSUMER_CYCLICALS, CONSUMER_NON_CYCLICALS, ENERGY, FINANCIALS, HEALTHCARE, INDUSTRIALS, REAL_ESTATE, TECHNOLOGY, TELECOMMUNICATIONS_SERVICES, UTILITIES"
167,0.009359221139296992,-0.0010333411433322375,-0.2066682286664475,"BASIC_MATERIALS, CONSUMER_CYCLICALS, CONSUMER_NON_CYCLICALS, ENERGY, FINANCIALS, HEALTHCARE, INDUSTRIALS, REAL_ESTATE, TECHNOLOGY, TELECOMMUNICATIONS_SERVICES, UTILITIES"
168,0.009604203030283809,-0.0009853201281808184,-0.19706402563616368,"BASIC_MATERIALS, CONSUMER_CYCLICALS, CONSUMER_NON_CYCLICALS, ENERGY, FINANCIALS, HEALTHCARE, INDUSTRIALS, REAL_ESTATE, TECHNOLOGY, TELECOMMUNICATIONS_SERVICES, UTILITIES"
169,0.009789999674647748,-0.0009363701298075797,-0.18727402596151593,"BASIC_MATERIALS, CONSUMER_CYCLICALS, CONSUMER_NON_CYCLICALS, ENERGY, FINANCIALS, HEALTHCARE, INDUSTRIALS, REAL_ESTATE, TECHNOLOGY, TELECOMMUNICATIONS_SERVICES, UTILITIES"
170,0.010021139831147247,-0.0008862644306518434,-0.1772528861303687,"BASIC_MATERIALS, CONSUMER_CYCLICALS, CONSUMER_NON_CYCLICALS, ENERGY, FINANCIALS, HEALTHCARE, INDUSTRIALS, REAL_ESTATE, TECHNOLOGY, TELECOMMUNICATIONS_SERVICES, UTILITIES"
171,0.010451149306419133,-0.0008340086841197477,-0.16680173682394955,"BASIC_MATERIALS, CONSUMER_CYCLICALS, CONSUMER_NON_CYCLICALS, ENERGY, FINANCIALS, HEALTHCARE, INDUSTRIALS, REAL_ESTATE, TECHNOLOGY, TELECOMMUNICATIONS_SERVICES, UTILITIES"
172,0.010862695197297989,-0.0007796952081332579,-0.15593904162665156,"BASIC_MATERIALS, CONSUMER_CYCLICALS, CONSUMER_NON_CYCLICALS, ENERGY, FINANCIALS, HEALTHCARE, INDUSTRIALS, REAL_ESTATE, TECHNOLOGY, TELECOMMUNICATIONS_SERVICES, UTILITIES"
173,0.010934890370535771,-0.000725020756280579,-0.1450041512561158,"BASIC_MATERIALS, CONSUMER_CYCLICALS, CONSUMER_NON_CYCLICALS, ENERGY, FINANCIALS, HEALTHCARE, INDUSTRIALS, REAL_ESTATE, TECHNOLOGY, TELECOMMUNICATIONS_SERVICES, UTILITIES"
174,0.01128237742127805,-0.0006686088691741887,-0.13372177383483774,"BASIC_MATERIALS, CONSUMER_CYCLICALS, CONSUMER_NON_CYCLICALS, ENERGY, FINANCIALS, HEALTHCARE, INDUSTRIALS, REAL_ESTATE, TECHNOLOGY, TELECOMMUNICATIONS_SERVICES, UTILITIES"
175,0.011349663285684042,-0.0006118605527457685,-0.1223721105491537,"BASIC_MATERIALS, CONSUMER_CYCLICALS, CONSUMER_NON_CYCLICALS, ENERGY, FINANCIALS, HEALTHCARE, INDUSTRIALS, REAL_ESTATE, TECHNOLOGY, TELECOMMUNICATIONS_SERVICES, UTILITIES"
176,0.011452685738012475,-0.0005545971240557061,-0.11091942481114123,"BASIC_MATERIALS, CONSUMER_CYCLICALS, CONSUMER_NON_CYCLICALS, ENERGY, FINANCIALS, HEALTHCARE, INDUSTRIALS, REAL_ESTATE, TECHNOLOGY, TELECOMMUNICATIONS_SERVICES, UTILITIES"
177,0.011503949784879688,-0.0004970773751313077,-0.09941547502626154,"BASIC_MATERIALS, CONSUMER_CYCLICALS, CONSUMER_NON_CYCLICALS, ENERGY, FINANCIALS, HEALTHCARE, INDUSTRIALS, REAL_ESTATE, TECHNOLOGY, TELECOMMUNICATIONS_SERVICES, UTILITIES"
178,0.012804737700972013,-0.0004330536866264476,-0.08661073732528952,"BASIC_MATERIALS, CONSUMER_CYCLICALS, CONSUMER_NON_CYCLICALS, ENERGY, FINANCIALS, HEALTHCARE, INDUSTRIALS, REAL_ESTATE, TECHNOLOGY, TELECOMMUNICATIONS_SERVICES, UTILITIES"
179,0.014999360156284308,-0.00035805688584502606,-0.07161137716900522,"BASIC_MATERIALS, CONSUMER_CYCLICALS, CONSUMER_NON_CYCLICALS, ENERGY, FINANCIALS, HEALTHCARE, INDUSTRIALS, REAL_ESTATE, TECHNOLOGY, TELECOMMUNICATIONS_SERVICES, UTILITIES"
180,0.015085374752223053,-0.0002826300120839108,-0.05652600241678216,"BASIC_MATERIALS, CONSUMER_CYCLICALS, CONSUMER_NON_CYCLICALS, ENERGY, FINANCIALS, HEALTHCARE, INDUSTRIALS, REAL_ESTATE, TECHNOLOGY, TELECOMMUNICATIONS_SERVICES, UTILITIES"
181,0.015160468108452889,-0.00020682767154164638,-0.041365534308329274,"BASIC_MATERIALS, CONSUMER_CYCLICALS, CONSUMER_NON_CYCLICALS, ENERGY, FINANCIALS, HEALTHCARE, INDUSTRIALS, REAL_ESTATE, TECHNOLOGY, TELECOMMUNICATIONS_SERVICES, UTILITIES"
182,0.015291755359112005,-0.00013036889474608634,-0.02607377894921727,"BASIC_MATERIALS, CONSUMER_CYCLICALS, CONSUMER_NON_CYCLICALS, ENERGY, FINANCIALS, HEALTHCARE, INDUSTRIALS, REAL_ESTATE, TECHNOLOGY, TELECOMMUNICATIONS_SERVICES, UTILITIES"
183,0.01552392566356293,-5.27492664282717e-05,-0.01054985328565434,"BASIC_MATERIALS, CONSUMER_CYCLICALS, CONSUMER_NON_CYCLICALS, ENERGY, FINANCIALS, HEALTHCARE, INDUSTRIALS, REAL_ESTATE, TECHNOLOGY, TELECOMMUNICATIONS_SERVICES, UTILITIES"
184,0.01605079417065983,2.750470442502745e-05,0.00550094088500549,"BASIC_MATERIALS, CONSUMER_CYCLICALS, CONSUMER_NON_CYCLICALS, ENERGY, FINANCIALS, HEALTHCARE, INDUSTRIALS, REAL_ESTATE, TECHNOLOGY, TELECOMMUNICATIONS_SERVICES, UTILITIES"
185,0.017265068961405505,0.00011383004923205497,0.022766009846410994,"BASIC_MATERIALS, CONSUMER_CYCLICALS, CONSUMER_NON_CYCLICALS, ENERGY, FINANCIALS, HEALTHCARE, INDUSTRIALS, REAL_ESTATE, TECHNOLOGY, TELECOMMUNICATIONS_SERVICES, UTILITIES"
186,0.017313790609464925,0.0002003990022793796,0.04007980045587592,"BASIC_MATERIALS, CONSUMER_CYCLICALS, CONSUMER_NON_CYCLICALS, ENERGY, FINANCIALS, HEALTHCARE, INDUSTRIALS, REAL_ESTATE, TECHNOLOGY, TELECOMMUNICATIONS_SERVICES, UTILITIES"
187,0.01823193380831853,0.00029155867132097226,0.05831173426419445,"BASIC_MATERIALS, CONSUMER_CYCLICALS, CONSUMER_NON_CYCLICALS, ENERGY, FINANCIALS, HEALTHCARE, INDUSTRIALS, REAL_ESTATE, TECHNOLOGY, TELECOMMUNICATIONS_SERVICES, UTILITIES"
188,0.018392972419757223,0.0003835235334197584,0.07670470668395167,"BASIC_MATERIALS, CONSUMER_CYCLICALS, CONSUMER_NON_CYCLICALS, ENERGY, FINANCIALS, HEALTHCARE, INDUSTRIALS, REAL_ESTATE, TECHNOLOGY, TELECOMMUNICATIONS_SERVICES, UTILITIES"
189,0.020793842341015875,0.0004874927451248377,0.09749854902496755,"BASIC_MATERIALS, CONSUMER_CYCLICALS, CONSUMER_NON_CYCLICALS, ENERGY, FINANCIALS, HEALTHCARE, INDUSTRIALS, REAL_ESTATE, TECHNOLOGY, TELECOMMUNICATIONS_SERVICES, UTILITIES"
190,0.02109210161054101,0.0005929532531775427,0.11859065063550855,"BASIC_MATERIALS, CONSUMER_CYCLICALS, CONSUMER_NON_CYCLICALS, ENERGY, FINANCIALS, HEALTHCARE, INDUSTRIALS, REAL_ESTATE, TECHNOLOGY, TELECOMMUNICATIONS_SERVICES, UTILITIES"
191,0.021094260668945986,0.0006984245565222727,0.13968491130445454,"BASIC_MATERIALS, CONSUMER_CYCLICALS, CONSUMER_NON_CYCLICALS, ENERGY, FINANCIALS, HEALTHCARE, INDUSTRIALS, REAL_ESTATE, TECHNOLOGY, TELECOMMUNICATIONS_SERVICES, UTILITIES"
192,0.02136606124339885,0.0008052548627392669,0.1610509725478534,"BASIC_MATERIALS, CONSUMER_CYCLICALS, CONSUMER_NON_CYCLICALS, ENERGY, FINANCIALS, HEALTHCARE, INDUSTRIALS, REAL_ESTATE, TECHNOLOGY, TELECOMMUNICATIONS_SERVICES, UTILITIES"
193,0.022143691900748025,0.0009159733222430071,0.1831946644486014,"BASIC_MATERIALS, CONSUMER_CYCLICALS, CONSUMER_NON_CYCLICALS, ENERGY, FINANCIALS, HEALTHCARE, INDUSTRIALS, REAL_ESTATE, TECHNOLOGY, TELECOMMUNICATIONS_SERVICES, UTILITIES"
194,0.022530444584306197,0.001028625545164538,0.2057251090329076,"BASIC_MATERIALS, CONSUMER_CYCLICALS, CONSUMER_NON_CYCLICALS, ENERGY, FINANCIALS, HEALTHCARE, INDUSTRIALS, REAL_ESTATE, TECHNOLOGY, TELECOMMUNICATIONS_SERVICES, UTILITIES"
195,0.023180632182325356,0.001144528706076165,0.22890574121523297,"BASIC_MATERIALS, CONSUMER_CYCLICALS, CONSUMER_NON_CYCLICALS, ENERGY, FINANCIALS, HEALTHCARE, INDUSTRIALS, REAL_ESTATE, TECHNOLOGY, TELECOMMUNICATIONS_SERVICES, UTILITIES"
196,0.02422318206967236,0.0012656446164245267,0.2531289232849053,"BASIC_MATERIALS, CONSUMER_CYCLICALS, CONSUMER_NON_CYCLICALS, ENERGY, FINANCIALS, HEALTHCARE, INDUSTRIALS, REAL_ESTATE, TECHNOLOGY, TELECOMMUNICATIONS_SERVICES, UTILITIES"
197,0.025674240801358827,0.0013940158204313207,0.27880316408626415,"BASIC_MATERIALS, CONSUMER_CYCLICALS, CONSUMER_NON_CYCLICALS, ENERGY, FINANCIALS, HEALTHCARE, INDUSTRIALS, REAL_ESTATE, TECHNOLOGY, TELECOMMUNICATIONS_SERVICES, UTILITIES"
198,0.02743930799482941,0.0015312123604054677,0.30624247208109356,"BASIC_MATERIALS, CONSUMER_CYCLICALS, CONSUMER_NON_CYCLICALS, ENERGY, FINANCIALS, HEALTHCARE, INDUSTRIALS, REAL_ESTATE, TECHNOLOGY, TELECOMMUNICATIONS_SERVICES, UTILITIES"
199,0.028299658890277746,0.0016727106548568565,0.3345421309713713,"BASIC_MATERIALS, CONSUMER_CYCLICALS, CONSUMER_NON_CYCLICALS, ENERGY, FINANCIALS, HEALTHCARE, INDUSTRIALS, REAL_ESTATE, TECHNOLOGY, TELECOMMUNICATIONS_SERVICES, UTILITIES"
200,0.03233085558958171,0.001834364932804765,0.366872986560953,"BASIC_MATERIALS, CONSUMER_CYCLICALS, CONSUMER_NON_CYCLICALS, ENERGY, FINANCIALS, HEALTHCARE, INDUSTRIALS, REAL_ESTATE, TECHNOLOGY, TELECOMMUNICATIONS_SERVICES, UTILITIES"
