date,status,status_code,objective,V,best_bound,mip_gap,solve_time_s,n_iterations,n_nodes,n_lazy_calls,n_lazy_cuts,cplex_cuts,n_variables,n_constraints
2024-01-02,integer optimal solution,101,0.0014619615658608897,0.0014619615658608897,0.0014619615658608897,0.0,13.824860095977783,2204,0,297,939,939,2707,4401
2024-01-03,integer optimal solution,101,0.0015281834140299156,0.0015281834140299156,0.0015281834140299156,0.0,11.773116827011108,2203,0,276,836,836,2707,4401
2024-01-04,integer optimal solution,101,0.001554202487831525,0.001554202487831525,0.001554202487831525,0.0,10.73715090751648,2203,0,237,996,996,2707,4401
2024-01-05,integer optimal solution,101,0.0015839025875065153,0.0015839025875065153,0.0015839025875065153,0.0,9.361227035522461,2203,0,213,792,792,2707,4401
2024-01-08,integer optimal solution,101,0.001564011987348853,0.001564011987348853,0.001564011987348853,0.0,9.158493041992188,2204,0,214,794,794,2707,4401
2024-01-09,integer optimal solution,101,0.0016725559677330485,0.0016725559677330485,0.0016725559677330485,0.0,8.491325855255127,2204,0,206,589,589,2707,4401
2024-01-10,integer optimal solution,101,0.0016244452823581854,0.0016244452823581854,0.0016244452823581854,0.0,7.716907024383545,2204,0,180,737,737,2707,4401
2024-01-11,integer optimal solution,101,0.0016622230104111064,0.0016622230104111064,0.0016622230104111064,0.0,7.567909002304077,2204,0,185,573,573,2707,4401
2024-01-12,integer optimal solution,101,0.0016478487015718505,0.0016478487015718505,0.0016478487015718505,0.0,7.802700042724609,2203,0,185,636,636,2707,4401
2024-01-16,integer optimal solution,101,0.00171185520182001,0.00171185520182001,0.00171185520182001,0.0,7.638595104217529,2204,0,184,603,603,2707,4401
2024-01-17,integer optimal solution,101,0.0017588968302551774,0.0017588968302551774,0.0017588968302551774,0.0,8.036647081375122,2203,0,191,720,720,2707,4401
2024-01-18,integer optimal solution,101,0.0017311879213222903,0.0017311879213222903,0.0017311879213222903,0.0,6.770581960678101,2204,0,169,557,557,2707,4401
2024-01-19,integer optimal solution,101,0.0016817778623568502,0.0016817778623568502,0.0016817778623568502,0.0,8.797511100769043,2204,0,215,660,660,2707,4401
2024-01-22,integer optimal solution,101,0.0016361180220486893,0.0016361180220486893,0.0016361180220486893,0.0,8.525724172592163,2204,0,211,628,628,2707,4401
2024-01-23,integer optimal solution,101,0.0015409879432970214,0.0015409879432970214,0.0015409879432970214,0.0,8.540859937667847,2204,0,206,721,721,2707,4401
2024-01-24,integer optimal solution,101,0.001580296072046676,0.001580296072046676,0.001580296072046676,0.0,8.416008949279785,2203,0,196,757,757,2707,4401
2024-01-25,integer optimal solution,101,0.0016376207761312762,0.0016376207761312762,0.0016376207761312762,0.0,9.141624927520752,2205,0,218,695,695,2707,4401
2024-01-26,integer optimal solution,101,0.0016731858061442108,0.0016731858061442108,0.0016731858061442108,0.0,8.587126016616821,2205,0,197,801,801,2707,4401
2024-01-29,integer optimal solution,101,0.0016535417181551236,0.0016535417181551236,0.0016535417181551236,0.0,9.625874042510986,2205,0,221,912,912,2707,4401
2024-01-30,integer optimal solution,101,0.0017236658004232382,0.0017236658004232382,0.0017236658004232382,0.0,7.523032188415527,2205,0,173,765,765,2707,4401
2024-01-31,integer optimal solution,101,0.0018142407919513183,0.0018142407919513183,0.0018142407919513183,0.0,7.536961078643799,2449,0,176,696,696,2707,4401
2024-02-01,integer optimal solution,101,0.001917016905587995,0.001917016905587995,0.001917016905587995,0.0,6.16330099105835,2431,0,143,618,618,2707,4401
2024-02-02,integer optimal solution,101,0.0019422164470255378,0.0019422164470255378,0.0019422164470255378,0.0,5.7654969692230225,2207,0,140,424,424,2707,4401
2024-02-05,integer optimal solution,101,0.0019736318349554416,0.0019736318349554416,0.0019736318349554416,0.0,6.137704849243164,2204,0,143,586,586,2707,4401
2024-02-06,integer optimal solution,101,0.0019884077802058554,0.0019884077802058554,0.0019884077802058554,0.0,5.451716899871826,2206,0,126,499,499,2707,4401
2024-02-07,integer optimal solution,101,0.001978765389774803,0.001978765389774803,0.001978765389774803,0.0,6.595177888870239,2206,0,157,587,587,2707,4401
2024-02-08,integer optimal solution,101,0.0019489266464799123,0.0019489266464799123,0.0019489266464799123,0.0,4.391791820526123,2350,0,102,444,444,2707,4401
2024-02-09,integer optimal solution,101,0.0019177034721721865,0.0019177034721721865,0.0019177034721721865,0.0,7.813965082168579,2408,0,178,752,752,2707,4401
2024-02-12,integer optimal solution,101,0.0019163539560548015,0.0019163539560548015,0.0019163539560548015,0.0,5.57135009765625,2204,0,129,574,574,2707,4401
2024-02-13,integer optimal solution,101,0.0020601391168997706,0.0020601391168997706,0.0020601391168997706,0.0,5.080319881439209,2204,0,123,507,507,2707,4401
2024-02-14,integer optimal solution,101,0.0020705391515527015,0.0020705391515527015,0.0020705391515527015,0.0,6.002395868301392,2204,0,141,519,519,2707,4401
2024-02-15,integer optimal solution,101,0.0021568290755612568,0.0021568290755612568,0.0021568290755612568,0.0,5.21303391456604,2204,0,119,536,536,2707,4401
2024-02-16,integer optimal solution,101,0.0020145585228762246,0.0020145585228762246,0.0020145585228762246,0.0,7.356562852859497,2204,0,163,755,755,2707,4401
2024-02-20,integer optimal solution,101,0.0019040996387331792,0.0019040996387331792,0.0019040996387331792,0.0,8.292196989059448,2204,0,192,763,763,2707,4401
2024-02-21,integer optimal solution,101,0.0018880558792679352,0.0018880558792679352,0.0018880558792679352,0.0,9.33345079421997,2204,0,213,900,900,2707,4401
2024-02-22,integer optimal solution,101,0.0019043719171558744,0.0019043719171558744,0.0019043719171558744,0.0,7.623367071151733,2205,0,163,920,920,2707,4401
2024-02-23,integer optimal solution,101,0.0019113262825874375,0.0019113262825874375,0.0019113262825874375,0.0,6.758364915847778,2205,0,148,641,641,2707,4401
2024-02-26,integer optimal solution,101,0.0018237512333200106,0.0018237512333200106,0.0018237512333200106,0.0,7.32868504524231,2204,0,160,796,796,2707,4401
2024-02-27,integer optimal solution,101,0.001844140215353716,0.001844140215353716,0.001844140215353716,0.0,5.589493989944458,2204,0,120,655,655,2707,4401
2024-02-28,integer optimal solution,101,0.0019240437480092113,0.0019240437480092113,0.0019240437480092113,0.0,5.1732189655303955,2205,0,116,587,587,2707,4401
2024-02-29,integer optimal solution,101,0.001954754375019742,0.001954754375019742,0.001954754375019742,0.0,6.026422023773193,2204,0,132,770,770,2707,4401
2024-03-01,integer optimal solution,101,0.0019489569783013158,0.0019489569783013158,0.0019489569783013158,0.0,8.976531982421875,2204,0,197,982,982,2707,4401
2024-03-04,integer optimal solution,101,0.002078373217392809,0.002078373217392809,0.002078373217392809,0.0,5.7346510887146,2204,0,130,628,628,2707,4401
2024-03-05,integer optimal solution,101,0.0022057172220234455,0.0022057172220234455,0.0022057172220234455,0.0,6.469872951507568,2204,0,143,770,770,2707,4401
2024-03-06,integer optimal solution,101,0.002266917591982993,0.002266917591982993,0.002266917591982993,0.0,4.158853054046631,2204,0,94,481,481,2707,4401
2024-03-07,integer optimal solution,101,0.002226916199316451,0.002226916199316451,0.002226916199316451,0.0,6.15497899055481,2204,0,137,695,695,2707,4401
2024-03-08,integer optimal solution,101,0.002207226175262061,0.002207226175262061,0.002207226175262061,0.0,5.500478982925415,2205,0,124,582,582,2707,4401
2024-03-11,integer optimal solution,101,0.001971430546986635,0.001971430546986635,0.001971430546986635,0.0,7.105621099472046,2204,0,154,761,761,2707,4401
2024-03-12,integer optimal solution,101,0.001987876137833816,0.001987876137833816,0.001987876137833816,0.0,8.734457969665527,2204,0,184,997,997,2707,4401
2024-03-13,integer optimal solution,101,0.002125943478863732,0.002125943478863732,0.002125943478863732,0.0,5.329767942428589,2205,0,117,577,577,2707,4401
2024-03-14,integer optimal solution,101,0.0022957554055341753,0.0022957554055341753,0.0022957554055341753,0.0,4.567217111587524,2205,0,101,479,479,2707,4401
2024-03-15,integer optimal solution,101,0.0021891804378980926,0.0021891804378980926,0.0021891804378980926,0.0,5.735310077667236,2206,0,129,575,575,2707,4401
2024-03-18,integer optimal solution,101,0.0022254139513975804,0.0022254139513975804,0.0022254139513975804,0.0,4.8296191692352295,2205,0,106,609,609,2707,4401
2024-03-19,integer optimal solution,101,0.0022288273810052127,0.0022288273810052127,0.0022288273810052127,0.0,4.532014846801758,2205,0,102,522,522,2707,4401
2024-03-20,integer optimal solution,101,0.0023275974763539097,0.0023275974763539097,0.0023275974763539097,0.0,4.58574104309082,2205,0,101,454,454,2707,4401
2024-03-21,integer optimal solution,101,0.002306206239985894,0.002306206239985894,0.002306206239985894,0.0,5.323498964309692,2205,0,115,600,600,2707,4401
2024-03-22,integer optimal solution,101,0.0023855835753289986,0.0023855835753289986,0.0023855835753289986,0.0,5.036168813705444,2205,0,110,560,560,2707,4401
2024-03-25,integer optimal solution,101,0.002435708375451283,0.002435708375451283,0.002435708375451283,0.0,4.4064719676971436,2205,0,97,491,491,2707,4401
2024-03-26,integer optimal solution,101,0.0023093874718242884,0.0023093874718242884,0.0023093874718242884,0.0,4.432499170303345,2205,0,97,501,501,2707,4401
2024-03-27,integer optimal solution,101,0.0022675166961266544,0.0022675166961266544,0.0022675166961266544,0.0,5.686666011810303,2205,0,124,636,636,2707,4401
2024-03-28,integer optimal solution,101,0.0022066211158959952,0.0022066211158959952,0.0022066211158959952,0.0,5.046813011169434,2206,0,110,555,555,2707,4401
2024-04-01,integer optimal solution,101,0.002229195880629635,0.002229195880629635,0.002229195880629635,0.0,5.3714470863342285,2205,0,117,624,624,2707,4401
2024-04-02,integer optimal solution,101,0.002154226919792795,0.002154226919792795,0.002154226919792795,0.0,5.549346923828125,2205,0,125,562,562,2707,4401
2024-04-03,integer optimal solution,101,0.002201777067030106,0.002201777067030106,0.002201777067030106,0.0,5.309404134750366,2207,0,117,551,551,2707,4401
2024-04-04,integer optimal solution,101,0.0020327523695898263,0.0020327523695898263,0.0020327523695898263,0.0,6.147706985473633,2207,0,138,645,645,2707,4401
2024-04-05,integer optimal solution,101,0.002046095631451581,0.002046095631451581,0.002046095631451581,0.0,7.263811111450195,2205,0,158,741,741,2707,4401
2024-04-08,integer optimal solution,101,0.0020550545532391083,0.0020550545532391083,0.0020550545532391083,0.0,6.906164884567261,2205,0,145,718,718,2707,4401
2024-04-09,integer optimal solution,101,0.0017445192311852907,0.0017445192311852907,0.0017445192311852907,0.0,6.714521169662476,2208,0,141,847,847,2707,4401
2024-04-10,integer optimal solution,101,0.0017449799730181786,0.0017449799730181786,0.0017449799730181786,0.0,8.6873619556427,2205,0,184,1023,1023,2707,4401
2024-04-11,integer optimal solution,101,0.0017842363739032276,0.0017842363739032276,0.0017842363739032276,0.0,10.389169931411743,2205,0,225,1036,1036,2707,4401
2024-04-12,integer optimal solution,101,0.0017066416875749341,0.0017066416875749341,0.0017066416875749341,0.0,9.825326919555664,2206,0,201,1090,1090,2707,4401
2024-04-15,integer optimal solution,101,0.0017067559935528618,0.0017067559935528618,0.0017067559935528618,0.0,14.821458101272583,2206,0,300,1556,1556,2707,4401
2024-04-16,integer optimal solution,101,0.0017884000435474203,0.0017884000435474203,0.0017884000435474203,0.0,11.735765933990479,2382,0,249,1091,1091,2707,4401
2024-04-17,integer optimal solution,101,0.001767018619907496,0.001767018619907496,0.001767018619907496,0.0,12.259656190872192,2205,0,259,1162,1162,2707,4401
2024-04-18,integer optimal solution,101,0.0016849548452144995,0.0016849548452144995,0.0016849548452144995,0.0,11.499013900756836,2205,0,232,1213,1213,2707,4401
2024-04-19,integer optimal solution,101,0.0015768412743764428,0.0015768412743764428,0.0015768412743764428,0.0,8.478479146957397,2204,0,191,774,774,2707,4401
2024-04-22,integer optimal solution,101,0.0015324424114981322,0.0015324424114981322,0.0015324424114981322,0.0,7.9138898849487305,2203,0,170,848,848,2707,4401
2024-04-23,integer optimal solution,101,0.0016487237754932993,0.0016487237754932993,0.0016487237754932993,0.0,10.877672910690308,2203,0,211,1193,1193,2707,4401
2024-04-24,integer optimal solution,101,0.001671530089733353,0.001671530089733353,0.001671530089733353,0.0,10.446506977081299,2204,0,227,964,964,2707,4401
2024-04-25,integer optimal solution,101,0.00176070541618332,0.00176070541618332,0.00176070541618332,0.0,6.711189031600952,2291,0,143,750,750,2707,4401
2024-04-26,integer optimal solution,101,0.0018306060226282585,0.0018306060226282585,0.0018306060226282585,0.0,9.458641052246094,2204,0,201,859,859,2707,4401
2024-04-29,integer optimal solution,101,0.00198285880924226,0.00198285880924226,0.00198285880924226,0.0,5.29298996925354,2204,0,118,594,594,2707,4401
2024-04-30,integer optimal solution,101,0.001969461744224481,0.001969461744224481,0.001969461744224481,0.0,7.9183290004730225,2215,0,170,856,856,2707,4401
2024-05-01,integer optimal solution,101,0.0020357810962204547,0.0020357810962204547,0.0020357810962204547,0.0,7.937712907791138,2204,0,174,874,874,2707,4401
2024-05-02,integer optimal solution,101,0.0021472035817675906,0.0021472035817675906,0.0021472035817675906,0.0,5.958143949508667,2205,0,134,570,570,2707,4401
2024-05-03,integer optimal solution,101,0.0021393214983596916,0.0021393214983596916,0.0021393214983596916,0.0,6.273582935333252,2204,0,140,676,676,2707,4401
2024-05-06,integer optimal solution,101,0.0021821944215987105,0.0021821944215987105,0.0021821944215987105,0.0,6.979696989059448,2204,0,150,729,729,2707,4401
2024-05-07,integer optimal solution,101,0.0021654035414276317,0.0021654035414276317,0.0021654035414276317,0.0,5.332051038742065,2676,0,123,492,492,2707,4401
2024-05-08,integer optimal solution,101,0.0022752678614599373,0.0022752678614599373,0.0022752678614599373,0.0,7.578315019607544,2205,0,170,740,740,2707,4401
2024-05-09,integer optimal solution,101,0.0023036253515870356,0.0023036253515870356,0.0023036253515870356,0.0,6.708992004394531,2204,0,144,680,680,2707,4401
2024-05-10,integer optimal solution,101,0.0023534737367318505,0.0023534737367318505,0.0023534737367318505,0.0,6.532027006149292,2204,0,137,689,689,2707,4401
2024-05-13,integer optimal solution,101,0.0023610200378284332,0.0023610200378284332,0.0023610200378284332,0.0,4.739445209503174,2204,0,104,493,493,2707,4401
2024-05-14,integer optimal solution,101,0.002390124497148992,0.002390124497148992,0.002390124497148992,0.0,3.7984700202941895,2204,0,85,349,349,2707,4401
2024-05-15,integer optimal solution,101,0.0024165397305456666,0.0024165397305456666,0.0024165397305456666,0.0,4.510951042175293,2205,0,94,469,469,2707,4401
2024-05-16,integer optimal solution,101,0.0023196890457168867,0.0023196890457168867,0.0023196890457168867,0.0,5.734432935714722,2204,0,126,560,560,2707,4401
2024-05-17,integer optimal solution,101,0.0023075533695439392,0.0023075533695439392,0.0023075533695439392,0.0,6.264708042144775,2204,0,135,696,696,2707,4401
2024-05-20,integer optimal solution,101,0.0022727468011136225,0.0022727468011136225,0.0022727468011136225,0.0,4.226474046707153,2228,0,93,464,464,2707,4401
2024-05-21,integer optimal solution,101,0.0023151619626377183,0.0023151619626377183,0.0023151619626377183,0.0,3.8805480003356934,2206,0,90,409,409,2707,4401
2024-05-22,integer optimal solution,101,0.002344984993251751,0.002344984993251751,0.002344984993251751,0.0,3.96071195602417,2206,0,89,442,442,2707,4401
2024-05-23,integer optimal solution,101,0.0024242615587279324,0.0024242615587279324,0.0024242615587279324,0.0,3.688443183898926,2210,0,84,371,371,2707,4401
2024-05-24,integer optimal solution,101,0.002428940461625501,0.002428940461625501,0.002428940461625501,0.0,3.544455051422119,2205,0,82,366,366,2707,4401
2024-05-28,integer optimal solution,101,0.0025086913960136173,0.0025086913960136173,0.0025086913960136173,0.0,3.763439893722534,2207,0,80,423,423,2707,4401
2024-05-29,integer optimal solution,101,0.0024290581349711857,0.0024290581349711857,0.0024290581349711857,0.0,5.507386922836304,2204,0,121,576,576,2707,4401
2024-05-30,integer optimal solution,101,0.002536910707195478,0.002536910707195478,0.002536910707195478,0.0,4.673400163650513,2205,0,106,443,443,2707,4401
2024-05-31,integer optimal solution,101,0.0024277849886210445,0.0024277849886210445,0.0024277849886210445,0.0,4.836321830749512,2205,0,108,501,501,2707,4401
