Date,188394,20BEEA,263A36,370C50,39FB23,3FB145,408089,485445,523A06,57B174,61E975,662682,8E0E32,911AB8,93F9E0,986AF6,9A602D,9C5BA5,9D6A24,B6082A,BB992A,C87ECC,D4070C,D4463B,D6534D,DA48E4,DF8855,FEE4B0
2023-03-16,103.5809,101.6547,326.4638,100.2092,118.3776,55.2065,214.5307,77.5826,42.3001,162.5023,68.1024,163.2676,30.3263,42.6803,27.4115,139.2009,153.7404,40.8973,26.4567,119.8042,205.6911,69.3662,73.6166,34.6282,325.5197,260.7269,9.5918,50.5139
2023-03-17,102.9688,99.3972,318.9365,98.9033,114.5798,54.8673,211.5807,76.7022,41.5606,157.4281,66.1169,158.2852,29.7927,44.9085,26.7502,137.9565,149.6831,39.557,25.7713,118.0883,199.8255,69.0725,71.1555,34.7529,315.0824,256.1491,9.5118,49.8936
2023-03-20,105.4439,102.9939,326.9656,98.9033,117.2177,55.8462,213.7518,77.7402,42.5909,159.6279,67.6456,161.2423,30.4663,44.5822,27.2967,141.5462,151.8596,40.0343,27.0089,123.8202,204.3397,71.0791,72.8711,35.9231,319.2593,260.3166,9.7074,50.1456
2023-03-21,107.8125,106.2271,329.3686,100.987,118.4244,56.7088,214.9688,78.4631,43.2556,162.4339,69.6217,163.9046,30.8249,43.4448,27.5897,145.5953,153.3171,41.65,27.1898,123.3194,213.6653,72.1721,73.2843,36.7001,329.3919,259.9437,9.7696,51.0469
2023-03-22,104.7342,102.6112,327.2938,96.906,115.6275,55.6718,205.7586,76.9524,42.6906,160.0581,66.3592,162.2692,30.0901,43.4821,27.0076,141.2398,151.1989,40.3648,27.1612,121.2418,207.1288,70.7773,71.425,36.2972,322.7089,256.7272,9.6096,51.0469
2023-03-23,103.7583,102.8313,329.3976,95.5905,115.5339,55.0611,203.5388,78.1598,42.915,160.8304,65.25,161.2898,29.8365,44.5542,27.0709,141.6706,152.5884,39.456,27.047,121.5757,206.6783,69.9372,70.7154,36.2493,327.7113,248.8769,9.6363,50.9112
2023-03-24,104.4059,103.6826,332.698,97.5398,117.3393,55.0902,205.7002,78.8711,43.023,162.4925,64.5975,161.3944,30.1601,45.2628,27.166,142.2928,155.8143,38.9144,27.2374,123.4956,208.739,70.6142,71.4789,36.4603,331.0331,249.5575,9.7163,51.3377
2023-03-27,104.956,105.8827,334.9658,99.153,117.8631,55.9237,208.2802,83.8783,43.2058,162.1014,65.1195,163.5908,30.1776,44.9458,27.3006,142.915,155.6685,39.7314,27.4468,122.6609,209.7837,71.3972,72.422,36.4315,333.2247,251.907,9.7518,51.0275
2023-03-28,105.7899,104.4861,335.2264,99.1914,118.0689,56.3114,206.1286,83.3729,43.9619,164.2915,65.5017,164.0853,30.3176,45.3653,27.5541,141.9003,155.6394,40.0711,27.6944,124.7663,209.0936,73.4609,73.419,36.8056,340.1436,255.0303,9.8052,51.6575
2023-03-29,107.3157,105.6627,337.5039,101.7072,119.9585,58.0948,209.6335,83.6818,44.5352,166.198,67.3939,164.6653,30.6762,45.067,28.0491,143.5085,157.6313,41.4848,28.3227,126.7604,215.1318,74.6845,74.1735,37.832,345.1951,257.6315,9.8763,52.239
2023-03-30,107.9397,106.9255,339.2506,102.1585,121.4458,58.1045,211.2886,84.7207,44.8675,166.3446,67.0024,165.5971,30.8249,45.5331,27.9699,145.3815,158.6515,41.5491,28.4084,127.6044,213.1957,75.7775,74.407,38.561,344.4679,260.7921,9.9029,52.6073
2023-03-31,108.8667,108.5675,343.0143,104.5591,124.9536,58.4534,218.8339,86.0684,45.5488,167.733,67.571,170.1326,31.5422,45.701,28.4213,148.3686,160.8377,42.1182,29.0081,128.7638,211.8539,76.585,75.7543,39.2421,348.9494,269.4611,10.1163,53.4117
2023-04-03,109.3838,108.6731,345.5813,104.7511,130.9965,59.1222,220.6545,84.7955,45.9726,169.0724,68.671,169.5906,31.4547,46.1205,28.4688,148.3494,161.3138,42.7425,29.0557,130.1272,209.3524,77.6536,75.8172,39.5202,349.8732,271.178,10.0452,53.3827
2023-04-04,108.3854,99.1857,345.2918,102.0241,129.3875,58.5406,217.3443,84.3089,45.0835,165.0932,67.9252,166.7476,30.9299,47.8732,27.8075,138.1489,160.1964,42.4028,28.5607,128.8565,200.8606,76.2098,73.7424,38.6186,341.5686,267.6222,9.9741,52.5782
2023-04-05,108.6439,99.1185,343.1783,102.5714,129.9768,58.8508,216.9452,84.5335,45.3993,160.4003,68.1956,168.0978,31.0261,48.5445,27.863,137.8031,161.3916,42.4946,28.5988,130.2107,188.535,76.895,73.5627,38.6761,331.2592,266.3369,10.0541,51.5412
2023-04-06,104.2226,99.3202,344.1144,101.8128,129.1537,57.9591,218.0648,85.5911,45.4159,161.2509,66.6109,168.1739,31.2972,48.5258,27.5778,139.7817,162.3049,40.0894,28.6178,130.9156,186.5894,76.9602,72.6915,38.6473,332.7628,264.5731,10.0007,51.0082
2023-04-10,106.1391,102.0953,346.0252,103.1187,129.4062,58.434,218.4542,86.1714,46.3714,162.3068,68.7082,168.4591,31.3935,47.6308,27.6452,141.04,161.2555,41.2278,28.6749,130.7301,191.5158,77.466,73.5897,38.4939,334.6203,265.9147,9.8585,50.4363
2023-04-11,107.6544,103.7182,345.7261,104.5495,130.3042,59.0543,220.3041,86.8827,46.6871,162.8543,72.297,169.3814,31.962,46.54,27.9897,142.8457,160.4588,43.0546,29.0367,132.854,193.3272,77.8657,74.0208,39.4531,340.2419,267.6973,9.7696,50.7755
2023-04-12,109.1966,102.3354,346.7876,105.2984,129.0975,59.8878,219.8173,86.6206,47.2688,163.5875,71.8309,168.4781,31.9008,46.3442,28.0491,141.8276,159.594,42.9261,28.7321,131.8802,193.3176,79.2931,74.5597,39.4435,340.1043,269.4236,9.7963,49.1861
2023-04-13,110.4,101.0198,349.3064,106.5755,130.2949,60.7892,221.4432,88.923,47.2937,165.6798,71.8123,170.7126,31.8396,47.5655,28.2233,141.0304,162.0231,42.9169,28.9129,132.0842,194.5732,78.3551,74.892,41.3491,342.7283,270.3336,9.9474,50.1747
2023-04-14,109.3659,100.3092,347.0964,106.3163,129.4811,60.2174,219.6907,88.5954,46.9447,165.3083,71.8496,169.1912,31.411,46.1671,27.9026,140.4157,159.7106,43.1372,28.7321,130.9248,195.5221,78.9995,74.3891,41.5513,343.1902,268.5229,9.8674,48.4883
2023-04-17,110.81,101.8264,349.6827,106.2106,131.829,60.8377,224.6073,90.1678,47.2771,168.0458,72.7165,170.085,31.7871,45.1882,28.1758,141.8372,159.3025,43.5687,29.189,132.5294,197.3431,79.3421,74.8382,40.5501,347.5047,268.5135,9.8674,49.6319
2023-04-18,111.1487,103.2188,352.1146,105.1256,132.4651,61.0315,223.994,89.8964,47.1774,168.5151,69.9666,170.4844,31.9183,45.5518,28.3659,145.1125,159.6329,42.4487,29.1986,132.5201,196.7393,79.2442,74.1016,41.3587,347.3671,269.9959,9.9207,50.3297
2023-04-19,110.3108,101.9993,352.5392,104.7703,131.4735,60.3337,227.421,90.355,46.8949,169.6688,69.3514,171.1595,31.9883,44.9924,28.1996,141.7796,159.9924,41.7143,29.3509,132.0471,195.3112,78.6161,74.1915,40.3286,350.6594,272.5478,9.8496,50.6108
2023-04-20,109.7403,107.0311,354.5079,102.5522,132.3154,59.9848,227.5962,89.3067,46.28,168.5933,69.4074,169.2388,31.9708,44.6381,27.8352,149.5789,159.6912,41.1451,29.5794,132.9468,185.0271,77.5231,73.4639,39.8184,350.3646,274.3867,9.7963,50.0196
2023-04-21,109.8384,105.6771,353.4078,100.4397,132.8112,59.5874,227.4697,90.2052,45.5904,167.3223,69.3887,169.3339,31.5247,44.3958,27.6768,147.3889,160.9057,40.4383,29.3128,132.8448,166.5292,76.5361,73.0507,38.1817,348.4875,272.6135,9.8318,50.4848
2023-04-24,110.3465,104.7072,355.1449,101.4767,133.7279,59.6165,230.3126,90.8417,46.0224,167.5863,69.5379,170.3132,31.8221,44.7687,27.9382,148.9161,161.3721,40.7871,29.3794,134.4029,176.3149,77.6046,73.8501,38.0566,349.9911,275.1748,9.8407,50.6689
2023-04-25,108.7776,99.8675,354.2281,96.5124,131.3613,58.6666,228.5893,89.4097,43.6212,165.8851,67.4219,162.4308,30.3438,44.9365,26.9244,142.1062,159.6426,39.1714,28.1037,124.6364,169.3183,74.2277,71.7304,36.3429,346.4531,272.0224,9.6185,50.1456
2023-04-26,106.8076,98.1006,352.2401,96.4643,128.7514,57.804,222.8549,88.3334,43.6877,162.9325,66.6669,157.0016,30.2301,43.9576,26.6789,138.7924,157.9713,38.7216,27.6944,122.5125,173.6696,73.9014,71.8741,35.8905,338.5908,268.0257,9.5296,49.661
2023-04-27,108.5548,100.2228,352.8577,99.297,129.9581,58.8023,226.5448,89.1008,44.4521,169.1213,65.3525,161.1282,28.8743,45.0017,27.2056,142.4327,161.4498,38.6298,27.9419,123.644,178.2701,74.4887,72.3591,36.0734,351.8879,273.3734,9.7074,51.0857
2023-04-28,110.1593,99.8195,356.5345,102.7097,131.2022,59.2385,231.2667,90.7481,45.1999,171.2135,66.7228,165.9014,28.9618,44.1906,27.6095,142.3271,163.0822,39.3367,28.4941,125.4526,177.7525,77.1723,75.6914,36.497,356.9493,276.1693,9.7518,51.5412
2023-05-01,110.3197,100.2804,359.2945,101.1532,130.7345,59.568,225.8146,90.5234,44.9589,173.5502,67.0677,166.0915,29.0755,43.7525,27.4749,142.1638,163.9956,40.016,28.6845,128.1331,169.9029,76.2832,74.1016,36.2274,361.0475,277.8768,9.8318,51.9773
2023-05-02,103.7769,99.0417,357.1039,98.6396,130.5849,58.7732,225.7562,89.99,44.6847,175.271,69.0345,164.8364,28.2707,44.806,25.7522,140.7711,169.3397,39.7773,27.9133,123.8666,166.1937,74.9944,72.2244,35.2358,365.4504,274.5462,9.7074,50.7465
2023-05-03,101.6107,98.0046,350.7925,97.3538,129.4062,58.1529,225.4057,88.2304,44.0366,174.6355,68.8387,162.3833,28.2532,44.2746,25.5028,140.4157,168.4263,39.355,27.5135,123.9594,165.7241,72.9878,71.4789,34.9759,362.2072,275.7283,8.8984,50.6496
2023-05-04,99.7388,92.5407,348.1869,97.7889,126.7496,55.129,221.3361,88.9885,44.3358,185.9865,65.3152,159.8826,27.8071,46.0646,25.3681,134.3549,167.4741,35.4259,26.9803,123.4029,168.3502,73.5996,70.8142,33.9072,382.5805,273.0826,9.0762,57.4338
2023-05-05,101.165,94.298,353.5622,102.381,129.1163,56.4568,224.7436,90.2707,45.2082,189.252,64.9144,163.6194,28.297,45.4213,25.9423,136.6985,168.747,35.9033,27.0851,125.5547,172.2319,75.3696,72.7094,35.1106,390.8162,278.3647,9.2629,56.7942
2023-05-08,99.8012,93.9907,352.8867,102.4874,129.7243,55.8171,224.8312,90.9165,44.9922,188.5285,62.9942,163.3912,28.3232,45.0204,25.6493,136.0262,167.9308,34.7191,26.828,126.1668,178.1551,74.8395,72.5298,35.1973,389.5386,277.3139,9.2984,55.9219
2023-05-09,98.4998,93.645,351.9506,101.0662,128.8598,55.3422,223.293,84.5241,44.5933,188.8022,63.19,161.7652,28.0958,44.8899,25.4513,134.6335,167.9502,34.1224,26.352,123.6811,187.059,74.4479,71.9729,35.2936,391.8285,262.6404,9.1651,55.2726
2023-05-10,98.5711,92.6463,356.0037,99.5097,128.5967,55.7978,223.9258,81.1922,44.4105,191.7158,63.19,164.0282,27.8946,44.5729,25.3998,132.1842,169.9712,33.8745,26.5519,123.6162,186.4264,73.8525,71.2723,34.8892,394.03,263.588,9.2362,54.8849
2023-05-11,97.6084,93.1361,354.2088,97.8662,128.9538,55.0805,224.1011,79.8912,43.4883,190.4839,62.6214,163.8381,27.7197,42.7736,25.2889,132.0785,169.2814,33.0024,26.2949,122.7444,190.2698,72.4087,70.7873,33.2526,393.6762,259.4599,9.2096,55.3307
2023-05-12,97.6797,93.3377,357.3838,97.4408,129.7619,55.2647,221.4237,77.8322,43.4633,191.0216,62.3869,164.6368,27.7809,42.8295,25.2533,133.5865,169.2522,32.4516,26.2854,122.8186,187.6532,72.8084,70.6885,33.6858,395.6417,260.8203,9.1562,54.4681
2023-05-15,98.1967,94.1251,355.9072,101.7236,132.1391,56.1176,220.6156,78.9553,43.4218,191.794,63.0996,164.7699,27.8334,43.9016,25.9859,134.9312,168.8247,33.5991,26.5234,120.9821,195.2824,73.4936,71.9998,34.7833,397.5975,262.0306,9.2096,54.8267
2023-05-16,96.5387,91.6861,353.1086,99.4034,130.9176,55.2162,216.3513,75.9229,42.4247,190.6599,60.8866,159.9206,27.536,42.065,25.7404,131.3774,167.6684,32.369,25.5904,117.7915,197.1226,71.9519,70.7873,33.9361,395.5435,258.5592,9.0851,54.032
2023-05-17,96.2891,92.8096,352.2497,102.1973,133.8116,54.2373,221.6184,76.9992,42.7737,192.1264,60.127,161.8793,28.0783,41.7201,25.978,134.1244,169.5049,32.3414,26.1235,119.6094,199.3462,72.7268,72.7543,34.4849,400.3591,259.1315,9.1118,53.6831
2023-05-18,96.6902,93.9235,355.3186,103.9375,133.962,54.4602,227.3292,78.7775,43.0977,192.0286,61.618,162.6115,28.0171,40.3403,26.4888,134.7391,169.9907,32.8555,26.2663,119.8599,201.4069,73.4446,74.892,34.3501,400.8014,258.4279,9.0851,53.3633
2023-05-19,97.0824,93.2033,358.5032,103.8118,133.8022,55.2162,227.2316,78.3189,43.1642,192.8206,62.0962,162.4023,27.9558,40.7039,26.4334,133.1927,170.3016,32.828,26.4472,120.0639,195.6658,74.138,74.0567,34.3982,401.3714,261.674,9.094,52.9174
2023-05-22,96.1197,93.3281,353.5815,104.8946,132.1861,55.1096,225.1523,78.0568,43.0147,192.8597,62.8652,162.3738,27.7547,40.3962,26.5641,134.4318,168.0862,33.0299,26.6757,119.7115,197.9182,73.9667,74.416,34.2923,399.0029,258.0057,9.1295,52.5685
2023-05-23,95.059,92.0317,341.5667,104.5852,128.6155,54.3052,221.6477,77.7105,43.1725,190.8456,63.2871,161.2708,27.9558,39.6131,26.6868,131.5118,162.781,32.7545,26.828,118.6541,207.0904,74.0074,74.0747,33.3874,390.4231,254.722,9.1026,53.0725
2023-05-24,93.5168,89.5447,342.4546,103.3478,125.355,53.5492,223.3365,75.1835,42.6408,189.7702,61.6649,156.6783,27.5185,38.9791,26.2433,128.1021,162.8976,32.2772,26.5995,118.1718,203.41,73.0449,72.9699,31.9722,388.4281,254.1027,8.9407,52.0355
2023-05-25,92.5898,90.9659,344.1241,102.729,125.0074,53.1615,221.1205,73.2461,41.8514,191.1714,59.8832,156.4786,27.1723,37.8884,26.3463,129.3699,162.0037,31.3683,26.4377,118.0976,196.4517,72.4087,72.431,32.3765,392.2904,255.3036,8.8237,51.6478
2023-05-26,92.3402,91.8493,343.7574,103.8505,125.6557,53.4716,223.688,73.2461,41.8265,192.0532,58.9361,154.9573,27.1812,37.9256,26.77,130.7626,162.1786,31.1113,27.1041,117.977,195.5125,72.235,73.0328,33.474,392.2904,256.908,8.8057,52.1518
2023-05-30,92.8928,89.3334,342.5028,104.4112,126.2383,53.2778,223.0046,73.1993,41.7085,192.1022,58.1484,155.0429,26.7551,37.6646,27.3592,129.8598,162.1465,30.6156,27.2374,117.2258,193.471,71.7468,71.7124,33.1563,391.3764,257.1331,8.7608,50.4073
2023-05-31,92.777,88.2483,341.2965,100.5635,123.363,51.9852,222.3603,72.3383,41.1019,191.5633,57.6795,153.2077,26.1337,38.1825,26.7501,126.8438,160.3713,29.5166,26.6662,115.0369,185.4872,70.7706,69.2424,33.06,391.8391,252.5078,8.6708,49.7749
2023-06-01,92.9642,88.5076,344.3087,102.5744,126.8302,52.3448,229.3011,71.6925,41.2872,194.7968,56.4886,151.4107,25.894,39.9904,26.8496,127.7755,164.3259,29.2857,26.1997,115.7789,187.4136,71.6972,69.8352,34.1479,398.1,256.2888,8.7428,50.2321
2023-06-02,95.4423,93.8274,349.1321,110.8789,131.1525,54.3468,235.0998,74.9214,43.4864,198.6477,58.9924,158.1521,26.9681,39.6326,28.8124,135.7092,168.1931,30.5509,27.4754,118.7932,199.7009,74.3943,74.1645,35.8038,408.6136,263.6724,8.9676,52.9661
2023-06-05,95.7721,93.7986,351.3985,110.0958,129.5927,54.619,234.026,74.5284,43.3937,198.1676,59.8832,157.8573,26.8793,39.4725,28.4939,135.373,168.4846,30.6987,27.2279,117.9307,197.6019,74.2288,73.8501,35.6594,410.5726,262.4903,8.9946,52.6644
2023-06-06,98.2413,95.3543,348.425,111.6523,130.8142,55.999,234.5824,75.6889,44.3122,199.0299,62.5557,160.0645,27.3676,39.5384,28.2829,137.8415,168.2709,31.9547,27.8562,120.1752,204.2535,73.6332,74.0747,36.3333,411.5866,261.2894,8.9946,53.1509
2023-06-07,99.3466,97.342,350.8948,113.8566,133.2854,56.4558,235.0315,75.9978,45.3907,200.8622,64.1592,164.2496,28.5216,39.4537,28.2789,142.0869,170.2822,33.5063,28.9225,123.2174,209.7262,76.3137,75.2244,36.1696,416.745,264.9671,9.0936,51.4483
2023-06-08,98.0184,96.3721,350.8173,111.7974,132.6465,56.2031,237.4622,74.6407,44.4723,202.0282,63.1652,158.851,28.1843,39.5855,28.044,141.04,171.9631,32.2595,28.3703,121.3346,210.4929,74.8411,72.2334,36.4296,418.7729,265.8678,9.0666,51.7791
2023-06-09,94.1586,95.2774,349.4129,109.8541,131.2371,54.8522,235.0315,73.2274,43.596,202.479,63.7372,155.287,28.1221,39.0394,27.7374,139.801,172.449,32.398,28.1894,121.316,211.3363,73.6497,72.2873,36.4777,420.6039,261.3738,9.0036,51.1564
2023-06-12,93.6862,97.0347,350.6236,110.5696,131.5377,55.3965,239.0827,72.8624,43.6465,201.7441,63.8685,158.3637,27.8114,39.5855,27.7573,142.6152,173.955,32.8044,27.8467,121.3531,209.4674,73.6745,72.4939,36.4103,416.5678,261.6928,9.0216,51.8569
2023-06-13,94.3191,102.8443,361.5198,113.6632,132.7874,56.0768,241.3085,74.5939,44.7756,203.5176,65.1251,160.762,28.0067,39.9621,28.1754,148.2726,176.3259,33.4878,28.2656,122.3919,219.3393,75.0727,74.0477,38.3358,420.6531,267.247,9.1385,52.8493
2023-06-14,93.187,100.5301,362.5367,112.4838,132.2049,55.4256,240.0004,73.2836,44.4975,203.2139,63.5778,159.6536,28.2286,39.642,27.8449,144.6899,174.7129,32.3149,27.8276,123.0005,217.3745,74.7335,74.3379,38.5668,419.1765,270.9904,9.1385,52.9855
2023-06-15,94.3993,101.7496,364.5997,112.9188,132.7405,56.0573,243.5342,74.4067,45.0621,204.7327,65.7159,161.5455,28.2375,40.207,27.7534,145.2086,177.0546,32.5827,27.7705,124.2178,221.7047,75.9249,75.272,38.5861,422.7598,272.7917,9.2465,53.0147
2023-06-16,95.1748,98.4559,363.4859,110.2119,134.4412,55.62,241.9918,75.2022,44.7924,203.1355,66.8317,163.4756,28.3884,41.271,27.6339,145.4295,177.3957,33.0815,28.0656,123.9931,219.074,76.3137,74.9728,38.4032,419.8951,275.0528,9.3094,56.848
2023-06-20,93.8466,96.9675,357.0838,105.204,133.464,54.9494,242.4604,74.1353,43.7476,204.4779,67.2819,160.5614,27.9801,40.5836,27.3512,143.6141,175.9924,32.1117,27.2183,123.3002,222.9625,74.0055,72.7872,37.9314,423.4686,271.422,9.1655,54.4838
2023-06-21,97.0379,98.0526,358.9919,104.914,133.7459,56.9223,241.3963,73.1525,43.7139,206.3298,68.3696,162.2335,27.625,40.094,27.2398,145.9001,176.1581,32.7859,26.8185,123.2815,221.1959,73.9972,72.0163,38.2876,425.1815,271.2718,9.1295,53.9876
2023-06-22,96.191,98.3503,360.9193,103.5701,132.2707,56.2614,240.4201,73.039,43.301,209.1518,66.7942,160.4372,27.2877,39.6891,27.0089,147.2737,175.281,32.4073,26.2949,122.4855,216.9905,73.0292,71.1185,38.2395,432.3776,270.2117,9.0576,54.8243
2023-06-23,94.2478,98.6,358.9337,105.8227,130.5042,55.62,241.1621,71.1949,43.2758,210.1121,66.166,160.3798,27.1634,39.1524,26.985,147.7155,173.6049,31.5945,25.9236,120.6222,211.4025,73.0788,71.2364,36.9398,435.4883,268.5698,8.8777,54.299
2023-06-26,95.0144,99.5986,359.05,107.3889,132.5619,56.378,245.7209,72.6607,43.7729,210.4453,65.6596,161.6602,27.8203,40.254,26.9929,149.2331,175.7975,31.7238,27.047,122.5885,216.2416,73.8069,73.1771,37.8063,435.8821,268.6918,8.9587,54.513
2023-06-27,93.6862,102.489,363.9315,109.3804,135.7097,55.7172,250.5824,72.4905,44.2953,215.9815,65.7065,162.8163,28.1132,39.981,27.5503,154.4198,176.2945,32.084,27.3231,123.2815,218.0178,74.7004,74.1022,38.9038,445.0471,273.4016,9.0576,55.9529
2023-06-28,92.6522,102.7195,363.176,110.1925,134.6479,55.3381,249.9284,72.5567,44.6239,216.4126,63.9998,158.1057,27.8469,38.7757,27.7374,154.756,176.4602,31.3359,26.8756,121.1653,208.3493,75.1472,74.8005,37.7581,446.7108,273.3171,8.8237,55.1162
2023-06-29,93.701,105.2263,367.2633,110.3279,136.5929,56.0768,255.073,73.5876,44.8598,220.3125,65.9409,160.5136,28.1221,39.5008,28.2112,157.3768,179.1887,32.121,27.304,123.4687,210.2503,75.0065,75.1904,37.8833,450.6977,276.5352,8.9047,56.1475
2023-06-30,93.5306,105.0238,369.0938,111.952,139.346,55.688,259.2024,75.271,44.8767,220.9004,65.097,164.154,28.2375,40.1693,28.4421,158.0031,181.927,32.3241,27.6753,123.7496,214.1965,75.9745,75.925,38.5091,454.4975,282.6982,8.9766,56.634
2023-07-03,95.0994,106.8074,366.2656,113.0348,140.0695,56.3683,257.8454,75.4034,45.3148,218.8427,66.0441,165.7593,28.4328,40.5271,28.4939,159.5737,181.8198,33.0076,27.9038,124.171,220.1205,76.6199,77.7751,39.2407,449.1127,280.3765,9.0666,56.9356
2023-07-05,91.9171,101.4758,355.6891,110.7339,137.354,54.9591,252.6227,74.3252,44.5228,216.1873,65.7534,161.1251,27.8114,39.6891,27.7852,154.6018,179.0718,32.5181,27.0375,121.7552,219.8901,74.5267,75.0907,37.7196,442.399,271.7878,8.7788,55.1259
2023-07-06,92.6522,100.2899,353.0644,108.433,136.4614,55.0272,251.2463,73.7956,44.4638,213.6004,64.9,162.1188,27.7848,39.1147,27.6976,154.2838,178.4579,32.2133,27.0851,121.8675,218.4979,73.8152,74.5828,36.497,433.9034,271.6651,8.8417,54.7368
2023-07-07,93.45,101.389,353.045,113.0542,137.9084,55.688,249.3427,74.3252,44.7419,213.0027,67.3756,164.0107,28.2286,39.7738,28.032,156.0471,178.721,33.9403,27.6087,124.068,228.0512,74.8742,77.0496,37.1998,433.3128,270.7213,8.9407,55.9043
2023-07-10,83.0338,101.4372,355.9894,113.0058,138.9702,52.5683,250.8167,74.3536,44.8851,214.9722,65.7346,165.5586,27.7138,40.1222,27.9962,158.1766,179.0036,33.0815,27.3897,123.5343,230.2979,75.3954,76.2061,37.5271,437.024,273.7226,8.7338,54.513
2023-07-11,84.1095,102.9702,355.3017,114.7557,141.4977,52.9862,255.1609,76.0748,45.0115,219.1073,68.2852,169.0557,28.1399,40.7813,28.4023,162.2042,179.9488,33.7741,28.1323,124.0774,229.5586,75.9497,76.8682,38.2299,442.4187,272.4296,8.8777,54.6687
2023-07-12,85.5796,103.1244,362.8176,117.772,142.5125,52.51,256.9473,77.2003,45.5929,215.8443,67.7226,170.0017,28.2375,42.5704,28.9159,163.4857,182.0147,33.1369,28.2941,124.9482,233.7352,77.0252,80.1239,39.2022,438.2939,277.7149,8.8957,55.194
2023-07-13,86.216,104.0211,365.2777,118.6131,142.3622,53.0737,259.9638,76.6612,45.6772,218.8623,69.3449,171.7311,28.2553,42.8152,29.1428,163.0907,181.5762,33.4139,28.4274,125.5287,232.0358,76.7026,80.1511,40.6613,447.0553,282.1508,8.9766,54.8341
2023-07-14,85.3644,102.5459,366.6724,115.8578,140.6991,52.7238,260.6862,75.7533,44.5902,220.2243,69.1479,170.4794,27.8736,42.3538,28.9079,160.6914,183.6519,33.0076,28.3036,125.6692,225.8909,75.2878,78.8271,39.695,450.4319,281.8488,8.9317,54.7562
2023-07-17,85.5258,103.1051,370.0914,117.0179,142.0709,53.0543,261.4574,75.1669,44.1773,219.2052,69.3261,168.9124,27.5096,42.0149,28.896,161.3274,182.7846,33.026,27.999,125.4632,228.1856,75.1968,78.4552,39.0959,450.9831,282.4623,8.8867,54.4546
2023-07-18,85.6692,104.8213,372.1835,119.5219,142.2307,53.5499,261.3207,77.8434,44.6408,219.3914,71.5954,169.4475,27.8381,42.3538,29.6803,165.0371,183.798,34.6607,28.3322,126.7928,227.5807,75.1141,79.7974,39.0476,454.7929,281.4996,8.9497,54.6589
2023-07-19,85.723,101.524,362.9242,118.4294,141.1877,54.6092,261.6331,79.5079,44.506,216.883,73.4052,169.5239,28.0156,42.5422,29.9231,161.0287,182.502,35.1225,28.7701,127.2235,223.2505,75.4947,80.1239,39.2989,447.1833,281.811,8.9766,55.4567
2023-07-20,85.7319,98.5062,369.5974,117.888,140.6803,55.0272,259.9931,78.9026,44.6998,217.1671,74.0991,169.1608,28.06,39.9716,30.0266,159.9688,182.9502,35.6859,28.8939,127.3265,214.2157,75.4119,79.4256,40.4777,450.9339,284.4065,8.9497,55.8751
2023-07-21,85.3017,96.7033,372.445,117.2306,140.3326,54.7647,262.336,79.4417,44.6998,217.8236,74.1179,170.4316,28.273,40.6872,29.9112,157.8586,184.3438,35.612,28.9034,128.6094,207.3795,75.9249,79.1082,39.2409,450.7567,285.7278,9.0126,56.0308
2023-07-24,85.5258,98.323,372.5903,117.946,137.0627,55.1049,261.6429,80.359,44.2785,218.1176,75.5338,169.7055,28.7346,40.706,30.0545,160.5758,184.5971,36.5078,29.2842,129.8454,202.3964,75.1306,78.4462,40.6807,451.3671,285.1238,9.0936,56.381
2023-07-25,85.8395,101.3504,378.7405,119.8796,138.1339,54.6481,269.3939,82.2978,45.0621,217.7746,76.0308,166.8867,30.1194,41.0638,30.5761,166.5787,185.9809,36.7479,30.5219,142.9357,204.0382,77.5547,80.3416,42.217,451.121,288.6631,9.1565,57.6069
2023-07-26,85.4182,100.0392,375.9995,120.943,137.354,54.2205,274.2164,82.3451,45.2474,218.9603,76.5653,172.5815,29.9774,40.9132,30.5084,162.7534,184.1391,37.3667,30.7313,140.9693,201.6475,78.5889,79.8246,41.9465,451.2489,285.9827,9.1295,57.8501
2023-07-27,85.3465,98.8147,372.5321,121.6778,136.0573,54.0261,270.4678,79.593,46.2923,213.8944,76.4059,175.3142,31.4243,39.6514,30.9782,162.2909,179.14,36.8865,30.9312,142.7297,197.7398,80.1857,79.4528,41.8305,437.9888,285.8694,9.1565,56.4589
2023-07-28,86.3594,100.0874,376.4838,122.4847,136.6305,54.5607,273.455,80.6617,46.7304,215.7561,76.1715,176.3844,31.7261,39.9433,30.9182,162.7823,178.8964,37.1451,31.4168,143.0949,199.756,81.3853,78.3645,42.1591,441.7394,286.3791,9.1925,57.1594
2023-07-31,86.2608,102.7581,378.3822,121.9014,135.2117,54.8425,269.9211,80.0186,47.5814,216.0599,76.9686,175.8206,32.0102,40.4141,31.0502,165.8175,178.4676,37.6438,31.6929,143.5912,203.8174,81.7907,77.6118,43.1447,439.5048,288.1723,9.2285,57.101
2023-08-01,84.2887,103.163,376.416,121.8819,136.762,54.3663,273.5331,79.7443,47.0,219.46,76.2184,177.0341,31.9037,39.2748,30.8142,166.6944,180.4458,37.1543,31.1978,143.3571,199.6984,80.8806,77.766,42.275,446.2185,285.4164,9.0036,56.5075
2023-08-02,83.2041,101.5818,371.7089,120.0737,133.2103,54.3274,271.073,77.8717,46.09,218.5879,75.6276,176.9099,32.4807,38.2861,30.5502,163.4087,180.1924,37.6161,30.9788,144.7991,194.8017,79.6893,76.7775,41.1348,443.5212,282.5,8.8597,55.5346
2023-08-03,81.5637,101.6589,368.7742,120.9486,131.8102,54.1233,266.7289,75.81,46.2586,221.6353,76.1715,176.9194,32.5073,38.0789,30.8502,165.5188,176.8597,37.6807,32.8924,145.3421,191.4029,79.7803,75.6076,41.5986,446.4154,265.9834,8.7878,57.4707
2023-08-04,82.0119,100.0681,365.9363,120.5014,132.0827,54.444,267.0511,76.1316,45.9299,221.4491,76.1809,176.7857,32.1877,38.4838,30.8102,161.6454,177.8732,38.0871,32.2641,144.0968,192.1134,79.1846,76.5689,41.0768,448.7485,268.4467,8.8597,56.2545
2023-08-07,81.6175,100.7141,372.8615,121.2597,134.6103,53.0348,267.793,75.9803,46.781,224.1144,75.4776,178.5629,32.0812,38.1166,31.2302,163.0907,179.8026,38.5119,32.7686,143.3102,188.9065,81.3688,77.0133,40.8642,455.039,271.1555,8.9137,55.5443
2023-08-08,79.4392,100.2224,369.7718,121.843,134.6761,52.6558,266.3189,61.2647,46.3512,222.2722,74.3242,176.3653,31.8238,37.5139,31.0342,163.717,180.4848,38.5673,33.1209,142.7484,187.8504,81.4267,76.324,41.2508,450.1661,267.6068,8.7338,54.7465
2023-08-09,77.9422,100.8201,367.6216,122.7374,131.6178,51.8686,265.0498,60.3189,46.7978,218.8819,77.6062,175.448,31.6995,37.5799,30.5502,163.2063,178.6235,39.1676,32.5782,142.505,186.4774,82.1878,76.5145,40.9995,444.5056,269.3622,8.7248,53.7444
2023-08-10,78.6593,98.4291,370.2948,123.418,131.6273,50.7412,266.3677,59.8271,47.1686,219.7932,74.9806,176.4704,31.5575,37.5139,30.4542,160.2,180.2801,38.3549,32.3878,143.1136,184.029,83.313,77.6844,40.9512,451.623,270.2211,8.7428,55.3108
2023-08-11,79.8336,98.6315,369.8105,122.4944,128.9749,50.9356,267.2072,60.7823,46.722,219.411,74.9149,176.7283,31.4421,37.8435,30.5262,160.4505,179.6565,38.5027,32.2165,142.3458,180.0157,82.0389,76.5236,40.0236,448.3449,272.5617,8.7158,55.8556
2023-08-14,80.497,103.7897,370.1495,120.8417,131.7972,50.5371,270.048,61.4443,46.663,220.5967,73.5672,176.0308,31.2083,37.1561,30.6742,165.7694,179.4616,37.5052,31.8452,141.2409,178.1434,82.1299,76.3331,39.8207,452.0955,274.3927,8.6798,55.1259
2023-08-15,78.4173,100.473,367.4473,115.8836,131.0798,49.2251,268.7106,61.0755,45.1042,219.6266,72.7096,172.2948,30.8485,36.2239,30.0982,163.081,177.2203,36.2123,31.2073,138.3101,176.7032,79.7224,74.3924,38.5065,449.2112,269.1168,8.5269,54.0071
2023-08-16,78.1215,102.0639,365.917,113.1615,129.9188,48.6031,266.5727,59.9028,44.9273,218.4387,72.3232,170.3552,30.6057,36.0544,29.9022,162.3391,177.649,36.1753,30.8456,137.9355,174.2933,79.499,73.7213,37.6948,444.9782,269.853,8.4639,53.0342
2023-08-17,79.6185,101.6589,364.5223,114.6489,130.3247,49.0113,262.2384,59.411,45.3823,209.4361,73.3693,169.4188,30.7855,36.4028,29.9302,161.8092,176.3725,36.2862,30.9027,137.3643,175.3974,80.2022,75.4353,38.2843,425.3488,268.5128,8.6079,53.9001
2023-08-18,79.7798,101.4661,363.3019,114.4253,131.7028,49.332,264.3126,60.2338,45.5171,207.934,74.5003,169.2659,31.0374,35.9697,30.1582,162.2042,174.7743,36.4893,30.5695,137.6265,176.0791,80.5745,75.8434,37.5306,424.453,268.8148,8.6079,53.0925
2023-08-21,79.0179,100.1356,365.6167,114.7267,130.825,48.7975,264.5377,61.066,45.6435,208.6899,74.5757,169.7628,30.6327,36.0168,29.9182,161.549,175.8657,36.517,30.0078,135.9973,180.5726,81.0047,75.6167,37.4243,425.8115,269.1829,8.4999,51.604
2023-08-22,79.3496,101.0901,365.7136,114.1823,130.5984,47.9908,264.567,63.3547,45.3233,210.6632,72.3326,168.7595,30.3718,36.3463,29.5543,162.2813,175.9437,35.889,30.1315,135.8381,180.659,80.9551,74.4377,37.5789,429.5228,269.0508,8.374,51.0883
2023-08-23,79.0448,99.2004,366.4497,114.2406,130.117,47.6993,266.1716,63.5628,44.9947,213.098,70.1179,173.8714,30.4708,36.9019,29.8062,160.9227,175.4272,35.2887,30.5314,136.1471,184.1347,80.0533,74.4196,37.9364,435.3604,269.6926,8.428,50.9618
2023-08-24,79.1075,97.4264,366.0526,114.3184,129.5507,48.2532,263.4125,61.8416,45.1126,211.0559,69.3262,173.451,30.3449,36.7795,29.6982,159.0052,174.3065,35.5935,30.1411,135.3793,183.1361,80.4835,74.2291,37.1054,430.645,270.5231,8.455,51.3315
2023-08-25,78.8386,98.1109,369.5878,114.9211,130.6079,48.5351,258.9119,62.4563,45.4834,210.9087,69.3451,176.155,30.5157,36.0733,29.8542,159.3714,175.8755,36.0091,30.2458,136.7463,182.176,80.8858,74.3017,37.0378,430.4284,272.0993,8.4729,51.1953
2023-08-28,79.4302,98.458,370.0527,118.1585,131.0421,49.4972,260.6045,62.8062,46.0058,211.1836,70.9944,177.7794,30.9834,36.7607,30.1942,160.8552,176.314,35.3534,30.7599,138.4131,182.08,81.5814,75.7527,37.6465,432.2496,273.5716,8.5719,51.0591
2023-08-29,79.5019,102.7484,374.6823,119.4417,133.0526,49.8665,264.6159,65.1989,46.545,214.6,72.0593,179.1744,31.1903,37.2126,30.6822,165.461,178.3799,35.9444,31.1883,139.5742,189.8667,82.7967,76.6324,38.835,438.8452,277.1581,8.7338,52.392
2023-08-30,79.242,102.6038,374.9148,121.8139,134.072,49.8179,264.2833,66.0122,46.7243,214.2564,72.3515,179.4515,31.3072,37.4386,30.7942,164.0542,179.179,35.8613,30.9312,139.8925,190.6732,82.9057,77.2581,38.835,439.0815,278.9136,8.7698,52.9369
2023-08-31,77.2968,102.7677,374.8663,122.8444,133.8077,49.2427,265.8487,66.627,46.5621,214.2663,72.6342,179.9961,31.4061,37.1185,30.7542,165.8272,179.1205,35.8798,31.1407,139.6116,190.7884,82.7799,77.0949,38.5645,440.1859,278.8852,8.7608,53.1712
2023-09-01,77.1713,103.4522,377.9274,125.3137,134.0437,49.8277,268.8817,66.4378,47.1851,218.851,74.6511,180.6077,31.6489,37.0243,31.1862,166.2897,178.0388,36.8033,31.274,140.0423,192.2766,84.6238,77.9564,40.0912,451.0128,281.2731,8.7967,53.64
2023-09-05,74.0608,101.7939,370.8238,122.8346,128.8144,49.6815,263.7647,66.8918,46.2463,212.2929,77.8082,176.6253,30.8665,36.5723,30.1542,164.035,177.4444,36.4247,30.5123,136.2594,192.7951,82.738,74.2382,39.4245,435.5218,276.252,8.5269,52.4291
2023-09-06,73.6753,100.2609,372.4661,123.3985,129.3619,49.233,263.256,67.1377,46.8437,211.2719,76.3663,176.0399,30.4708,36.6294,30.3822,162.4547,176.9864,35.45,30.3505,135.5665,182.2624,83.5342,75.009,39.0476,432.5439,276.8655,8.454,51.6869
2023-09-07,68.2162,101.2926,375.7021,121.8916,128.5407,48.3166,265.3008,65.4448,46.1695,211.6254,76.1967,175.0419,30.201,36.4962,30.2222,162.7438,177.0449,34.0484,31.6357,135.5384,180.0925,82.8386,72.7962,38.4195,431.6072,275.6952,8.3356,50.0854
2023-09-08,67.6425,99.2486,375.8867,121.0847,128.0876,48.3361,265.5845,65.0003,45.8367,212.3028,78.9203,173.7465,31.1453,36.8482,30.1622,158.9281,177.4152,34.9488,32.9114,137.2333,177.0777,83.2912,72.1251,37.9654,431.9819,281.7355,8.4267,50.8667
2023-09-11,66.2173,96.7418,378.355,122.4847,128.7012,48.5603,267.737,64.6315,45.8026,212.6366,77.1108,173.7273,31.1183,37.0195,30.1702,157.2227,179.1595,34.4475,32.4259,136.9523,178.8923,84.079,72.1886,38.7577,432.9482,285.7845,8.5907,50.7885
2023-09-12,67.275,96.5876,376.9653,122.4847,126.332,50.3346,262.9233,64.4045,45.7684,210.8498,76.9789,174.5333,31.0284,36.9339,30.0742,157.0781,177.4736,34.6796,33.3208,137.6078,177.0008,83.9617,71.9347,38.7094,431.2621,285.1616,8.5998,50.6616
2023-09-13,67.5081,95.1124,374.2736,120.7153,125.5391,50.6856,262.6591,63.8654,45.0772,209.8386,76.2155,173.9096,30.4078,37.3525,29.6702,155.257,175.6416,34.5218,34.0539,138.1696,177.2217,82.8386,70.7104,38.4002,427.9883,286.0959,8.3903,49.6851
2023-09-14,67.777,98.8533,378.7923,125.2943,126.8511,51.2901,262.2776,65.3502,46.1183,211.0461,79.1277,175.5217,31.1273,37.5999,30.0662,159.4966,173.1372,36.0534,35.0535,141.1566,177.9818,84.3891,72.955,39.3085,429.7238,288.899,8.6818,51.3451
2023-09-15,67.8129,95.1703,377.0334,124.6721,126.2942,51.2316,255.9767,65.3029,45.9477,206.7461,77.3747,173.2667,30.7945,38.3705,29.8222,149.7551,173.4198,35.6357,34.7774,140.2202,176.8945,83.8443,72.3778,39.009,419.2026,285.1332,8.5178,50.4663
2023-09-18,66.1007,94.5918,376.5864,125.4109,125.0577,50.5686,254.333,63.7425,45.5551,207.826,76.5831,174.6485,30.7226,38.5037,29.9102,149.0325,171.8071,35.3479,34.7869,142.093,174.7584,84.255,71.8739,38.835,422.072,282.6982,8.454,50.2514
2023-09-19,64.9892,95.7295,378.7728,124.7304,124.7934,51.2218,255.7713,64.1681,45.1454,206.049,78.1287,174.8404,30.6686,38.3324,29.7862,152.4242,172.3251,36.5361,35.1201,141.2971,173.19,82.0592,72.1121,37.5112,416.836,282.4151,8.372,49.3628
2023-09-20,63.6267,96.6551,368.1223,124.429,123.4625,50.4711,254.196,66.2014,44.7699,205.7251,78.8355,176.251,30.3269,38.9604,29.5983,149.7262,173.5175,34.3918,33.8254,140.5667,167.8497,81.3216,71.8464,37.3856,415.0414,278.2529,8.4358,50.7397
2023-09-21,62.5599,95.9705,361.9225,121.8625,121.0933,50.2372,248.8834,65.5699,43.524,198.6565,78.7224,172.7965,30.6956,38.5513,29.1423,146.0166,168.2102,34.4475,33.4636,140.2764,162.5574,80.0309,70.2431,35.9748,400.8915,270.9384,8.2992,49.2163
2023-09-22,61.305,97.4746,362.4181,120.4528,122.8301,50.1299,249.1671,64.9097,42.8839,196.9581,79.3633,173.5545,30.6416,38.7606,29.1343,147.5486,168.0929,33.2315,33.5493,140.7485,161.855,79.5029,69.4186,35.8975,400.714,270.5326,8.2445,48.3765
2023-09-25,60.8926,100.6466,365.9359,120.4334,124.6424,49.9837,250.6738,65.2063,43.6008,198.3521,80.9937,177.5753,31.3072,38.5132,29.3423,149.5913,168.2786,33.5193,34.2157,142.4387,160.5849,79.8466,69.8858,35.9458,404.4413,273.3357,8.372,48.1324
2023-09-26,60.0948,99.1329,360.7175,116.778,121.3954,49.5157,248.3844,64.2017,43.0802,197.6747,80.2303,175.1667,31.0554,37.4857,29.1103,146.2093,165.1412,32.8602,33.9396,140.8052,157.4673,78.4721,68.4841,35.3371,401.5817,270.5892,8.29,47.0192
2023-09-27,59.1715,102.6231,361.5046,119.8695,120.8479,49.4767,245.2046,64.2973,43.524,199.8837,78.647,174.6773,31.4331,35.4687,29.3863,150.0346,164.0758,32.6745,34.0348,143.4208,156.4858,79.5951,68.3833,35.3178,404.2342,269.2301,8.2263,47.0973
2023-09-28,59.6056,102.565,362.9428,122.8735,123.236,49.6327,250.6738,65.235,43.4642,201.2876,81.022,176.1263,31.7928,35.2308,29.8142,152.5094,165.4442,33.2686,34.4537,145.2054,165.8867,79.2347,70.4447,36.0715,408.7405,270.7496,8.3538,47.0387
2023-09-29,60.5642,103.7944,361.835,122.0277,122.5186,49.8764,249.5389,65.2254,44.0019,198.3325,80.8052,175.2914,31.9008,35.1547,29.8342,151.1463,165.5713,33.0458,34.0824,144.9882,163.6159,79.3688,70.2889,36.0328,404.7568,269.1163,8.3447,48.6109
2023-10-02,59.0088,102.9135,359.7555,118.0224,122.1127,48.7943,247.1908,63.1205,43.78,197.2624,78.8921,174.1879,31.9008,33.8132,29.3263,149.6285,163.1278,32.5075,33.9015,144.7332,156.2742,78.3212,69.1529,35.4047,400.0435,265.0141,8.2536,48.1031
2023-10-03,58.9183,102.8167,362.3015,117.5946,121.4331,49.077,243.3946,62.2593,43.541,196.3396,77.5538,172.2495,31.613,33.4993,29.3943,150.7789,161.818,31.5514,33.873,143.213,150.8472,78.6062,68.8872,35.1148,398.7123,267.5875,8.1352,47.5856
2023-10-04,58.647,103.1555,367.9183,118.4501,125.7468,49.1842,250.9184,62.5942,43.6178,201.2876,77.2993,175.9152,31.8738,33.7086,29.4703,151.707,165.7765,31.1893,34.6632,144.7805,152.4156,78.3631,69.4552,34.651,413.0792,270.5217,8.2445,48.1129
2023-10-05,57.4352,103.5524,359.4154,116.953,123.9628,48.5798,248.2376,61.7522,42.5511,203.1725,76.3852,175.4066,31.4331,34.5839,29.4583,151.2236,164.6329,31.5606,34.1491,144.044,149.173,76.008,67.4396,34.1775,414.3906,265.7547,8.1352,46.5993
2023-10-06,56.7841,104.7915,362.9914,116.9821,125.6618,48.7943,249.3432,60.2692,42.9095,208.523,76.2532,176.3758,31.0733,35.9634,30.1182,151.997,165.7081,31.2729,34.33,143.0903,153.8012,75.9242,67.7236,35.4337,426.667,266.8943,8.0623,45.0466
2023-10-09,57.2905,105.2562,363.1761,117.6043,121.537,49.3207,246.3787,60.9677,43.3618,206.4123,81.0785,177.249,31.622,35.8017,30.1062,150.4793,163.8901,33.3986,34.6632,145.1582,149.8658,77.9022,66.6151,35.5883,420.5239,269.9425,8.1807,44.8611
2023-10-10,58.439,106.2533,368.2584,119.6265,122.9717,49.2525,247.7289,62.9291,43.7885,207.1486,80.4942,176.8652,31.8108,36.5723,30.4902,150.7113,165.3074,33.8627,35.2058,146.008,155.9566,78.7486,67.9527,36.0328,421.7959,273.399,8.1898,45.1638
2023-10-11,56.7569,106.9599,367.9766,120.6375,125.086,48.6285,250.0183,62.7186,43.4301,210.84,79.1654,178.9763,31.8648,37.2098,30.5662,149.7059,165.9133,33.5378,35.4914,145.7058,158.5739,78.3966,68.0077,35.8975,430.6014,276.2288,8.1534,44.9099
2023-10-12,55.9521,102.4391,367.0437,117.4196,122.764,48.1996,243.6881,61.2451,42.8839,206.7853,80.1455,175.8672,31.586,36.8958,30.3462,142.6392,161.7594,33.5471,35.0249,143.1469,164.3472,77.4496,66.9999,34.9952,424.3301,271.3859,7.9165,42.8202
2023-10-13,56.4404,102.5263,367.2186,116.1266,121.2538,48.3068,241.6041,62.001,42.4401,205.4698,79.6837,175.3106,31.613,37.5142,30.1542,142.1655,160.9091,33.7513,35.1677,142.9297,157.2075,77.6759,66.5601,34.3937,420.2478,271.0725,7.9348,43.0448
2023-10-16,58.0773,101.3743,368.5305,117.0988,123.0378,48.5603,246.9168,63.5223,42.8327,209.1514,79.467,175.3202,31.4871,38.1041,30.1142,144.0409,162.5511,33.7792,35.2534,143.9401,161.3932,78.2877,67.2472,34.7818,425.6415,272.6488,8.0987,43.9334
2023-10-17,60.8084,103.3685,370.3282,118.8098,124.0761,50.2664,247.3767,64.6418,43.2935,210.8694,81.5686,176.8268,31.9367,38.5037,30.2662,144.5823,162.5315,34.4661,35.3677,144.3461,163.077,79.4107,68.1909,35.393,430.986,276.2383,8.0623,44.4998
2023-10-18,59.8317,100.1061,360.9119,115.9613,120.6119,49.9447,237.0546,64.0964,42.7388,200.0211,79.8628,171.9808,31.7119,37.9804,29.6862,140.2804,158.5829,34.0484,35.3581,144.5161,147.1138,78.3715,66.5968,34.549,408.5334,269.0973,7.8892,44.0994
2023-10-19,60.2206,96.0307,359.6874,113.4045,117.3649,49.6815,233.7281,63.5319,42.2012,198.9903,80.7487,169.7833,30.8125,37.5333,29.5903,138.9656,156.716,33.8256,33.6445,141.2112,139.0985,77.7345,65.534,34.1803,404.9935,266.4669,7.8528,44.0994
2023-10-20,60.5461,95.7886,356.0142,112.0143,117.7236,48.999,232.5638,62.8047,41.8086,197.8711,78.2041,166.8469,29.9761,36.9148,29.2023,136.6552,156.3153,32.8695,32.6734,136.4239,133.4407,77.1479,65.3141,32.8705,404.037,264.5298,7.7526,43.1034
2023-10-23,52.5607,95.595,355.1105,109.9533,116.7514,47.5464,233.4835,61.9627,41.1686,198.8037,75.6501,164.3519,29.1487,36.5723,28.9103,135.8141,155.5529,31.2636,32.1498,136.4806,131.1313,75.5638,63.8849,32.5115,406.9459,260.8263,7.6979,41.8144
2023-10-24,50.743,98.3733,356.8888,112.9379,115.9585,47.1954,229.9026,63.2257,42.022,201.4054,75.7349,166.0792,29.9132,36.5818,29.1183,142.2718,156.6281,31.7092,33.0542,140.6258,133.9795,76.9048,64.7552,33.3944,410.614,263.2668,7.8619,44.8904
2023-10-25,50.4355,96.6502,354.0901,109.7977,114.6653,47.4099,233.4541,63.2449,40.5712,199.6579,76.2249,161.5307,29.7872,34.974,28.6543,139.7874,155.0838,30.9666,32.9686,140.5786,130.2076,74.7928,63.2436,32.8317,404.6188,260.6459,7.7981,44.3924
2023-10-26,51.8554,99.0897,359.8624,113.3559,115.1656,47.4879,232.5736,64.2686,40.9808,190.4294,75.6501,163.9489,29.5714,35.659,28.8863,143.3739,154.8394,31.245,33.5493,142.2404,130.1018,75.3124,64.2239,32.7056,392.3128,263.6656,7.9074,45.8962
2023-10-27,51.4394,100.7838,360.0664,111.0086,113.948,46.6202,230.9299,64.9193,41.0576,190.1545,75.2825,163.6514,29.8052,37.0766,28.8583,143.1805,153.8816,30.7159,33.5112,141.8061,129.3609,75.7985,66.496,32.6668,393.4665,262.2317,7.8892,45.9548
2023-10-30,52.4161,101.2484,368.1709,111.7715,114.9863,47.0102,230.3331,62.4411,41.2539,192.4126,76.5548,165.657,30.0301,36.8197,29.1543,143.9926,155.5529,31.0779,33.7302,143.2413,122.5965,75.9326,68.8872,33.0257,399.4518,266.5524,8.0714,46.7848
2023-10-31,48.1114,103.1071,371.368,111.9964,115.883,46.9322,233.0628,65.3977,41.2539,192.9034,75.1883,167.0388,30.3359,35.6495,29.1503,142.8712,163.9488,30.1497,34.2062,144.5161,121.9903,75.6309,68.4657,32.7735,403.2383,268.2047,8.0987,47.0192
2023-11-01,45.2265,105.5369,376.1685,110.5391,116.0718,46.5422,233.7477,65.1202,41.1429,200.08,74.6982,166.8469,30.2279,35.4592,26.7664,143.0645,163.4307,29.9733,34.4537,145.0354,118.3146,75.3375,68.2275,32.7056,433.0468,269.1258,7.9348,46.4333
2023-11-02,49.4588,107.9764,378.6562,113.0332,117.9124,48.3166,240.0191,66.4502,41.8086,203.0449,75.6972,169.0924,30.6237,36.1157,27.2504,146.2257,167.2524,31.245,35.1773,146.7539,119.9119,77.0724,68.8689,33.9668,434.5949,275.0228,8.0259,47.693
2023-11-03,50.0919,108.2959,381.4257,118.3048,121.1122,48.9698,245.4884,69.5693,42.4401,203.9874,76.8564,173.9192,31.1183,37.1241,27.8664,147.2407,170.8199,30.9666,36.0341,149.445,123.1449,77.6926,70.573,34.1027,436.7051,278.4224,8.2992,50.0171
2023-11-06,50.0919,108.2378,381.9019,117.3953,120.5836,48.7163,245.0872,69.2153,42.1073,203.359,74.6322,171.8752,30.8935,36.0395,27.8144,148.0335,170.5267,30.1497,36.015,148.5008,114.9468,77.282,69.8767,34.3161,435.5613,276.6182,8.2536,49.3042
2023-11-07,48.2651,106.7276,378.3064,114.0112,120.6402,48.0436,246.545,68.4977,41.416,203.4278,73.9631,170.0904,30.4438,34.8788,27.3704,146.3997,170.0673,29.6392,35.7009,147.9059,117.4967,76.36,69.4461,33.0451,438.125,241.6349,8.2445,48.9234
2023-11-08,47.406,105.6821,381.1828,115.4,122.2826,47.4002,250.5564,67.9523,41.2198,204.6255,75.3296,171.4146,30.183,33.0902,27.3624,147.8691,172.6965,30.4189,35.6342,147.4243,114.5138,76.4774,69.7484,32.6085,445.5599,246.8292,8.2627,48.816
2023-11-09,45.3169,105.2271,379.9389,113.8352,120.8312,43.3933,246.9462,68.4499,41.271,205.4109,75.6595,170.6565,29.9132,32.3005,27.1304,146.129,171.7191,31.2079,36.5577,147.0089,110.2704,76.9802,69.785,32.2496,444.7612,250.6846,8.1898,47.4977
2023-11-10,46.3388,105.5369,388.5487,115.9086,122.1973,42.4574,250.2238,68.6412,42.2268,208.2245,74.9526,172.8156,29.7603,32.5383,27.4944,147.5404,173.8791,31.2265,36.3958,146.9522,112.5605,78.6313,70.6646,32.6765,447.5419,252.0805,8.2627,47.6637
2023-11-13,46.3298,104.0074,388.4613,115.2631,122.6431,44.1537,248.404,68.1533,42.022,207.0735,75.2542,172.4126,29.1667,32.5383,27.4104,147.8498,174.9543,32.0248,35.7199,144.9127,109.8759,78.581,70.3989,32.4339,445.5599,251.6722,8.1534,47.4586
2023-11-14,47.6954,107.2116,392.358,123.0288,126.656,45.1189,260.585,70.4783,43.5666,213.0253,75.8225,180.3582,30.5808,34.3365,28.1503,149.8219,179.7044,33.3336,36.6243,149.0768,120.5854,80.7685,73.0833,34.1221,458.0828,254.8818,8.4358,49.7437
2023-11-15,49.4679,107.7053,391.3766,124.4959,126.7603,45.5576,259.0684,70.8036,43.9763,207.4473,76.173,181.337,31.0825,34.6029,28.3463,151.359,179.1473,34.6332,36.8433,149.5678,122.8947,81.4976,74.3201,34.9273,448.5378,259.8292,8.5178,50.7495
2023-11-16,48.3194,106.3694,396.8573,125.0632,128.2213,45.7916,264.0894,71.416,43.8995,208.8246,75.8794,181.5289,30.672,34.7837,28.2343,149.7832,180.9457,34.1412,35.7866,146.82,117.9682,80.6511,74.9431,34.481,453.5963,259.8103,8.454,50.6518
2023-11-17,48.5183,107.3859,396.3617,127.0779,128.8948,46.1328,265.0504,70.7462,44.1214,208.9033,73.3693,182.287,30.453,34.5839,28.4863,151.5426,180.1834,33.5564,36.0912,146.6501,122.5772,81.4893,74.6866,34.9273,455.6177,256.3822,8.536,51.1303
2023-11-20,48.5726,108.2862,396.7407,127.7039,128.6007,45.6843,267.757,70.6792,44.1043,206.9652,72.9147,181.9799,29.7232,34.7837,28.5423,151.823,180.7991,33.6121,34.9297,144.5444,125.435,80.7517,75.0622,35.558,448.8632,258.4333,8.536,51.7162
2023-11-21,48.1114,109.0606,400.2779,127.567,129.5684,45.1091,268.2473,70.4209,44.147,206.434,72.4505,181.8168,29.6411,35.6019,28.3383,152.5384,182.3825,33.3429,34.5775,144.941,121.3648,80.1818,74.54,35.8975,451.7523,262.4122,8.536,52.4877
2023-11-22,48.039,109.0993,399.9961,128.8189,129.6253,45.1969,269.3359,71.7509,43.8653,208.4606,72.3748,182.1334,30.0334,35.8588,28.5223,152.1613,182.4314,33.4264,35.1392,145.6114,121.8074,79.5867,74.6041,35.7908,456.3474,260.4465,8.573,52.3314
2023-11-24,48.0119,107.9377,402.5226,130.0219,129.445,45.4991,270.493,71.5021,44.0958,208.2441,74.2218,182.0759,30.0425,35.7636,28.6063,151.9293,183.008,33.7977,35.8818,146.4801,124.0013,79.9435,75.0256,35.7423,455.5585,260.6649,8.6469,53.0052
2023-11-27,47.0261,111.5679,401.1427,131.0488,130.2419,44.5827,270.0517,71.6073,43.6264,209.3952,71.8917,182.5461,31.1281,36.325,28.4863,155.8639,184.7283,33.4171,36.0912,149.851,116.2169,79.0517,75.0989,35.4998,459.128,257.9775,8.6376,52.8783
2023-11-28,47.3607,110.5805,399.1312,131.5574,130.9914,44.3584,268.1591,72.4015,44.1128,207.7326,71.6075,182.0375,31.2559,38.5988,28.5143,155.7962,184.1516,33.6771,36.5672,149.3223,119.2287,79.7566,75.4562,36.111,453.5864,254.8723,8.5914,52.4486
2023-11-29,47.6411,111.8002,399.7726,134.4231,132.3859,44.3584,268.4239,71.9805,44.407,209.2279,70.8024,184.59,32.6517,38.8006,28.7193,158.329,184.3666,33.807,38.1761,152.8254,118.7187,79.833,76.2166,36.0625,456.2783,253.0491,8.767,53.5325
2023-11-30,48.5274,115.3239,402.0854,135.6163,134.7006,44.2215,273.4056,72.124,44.7703,210.0936,71.1813,186.6436,33.7009,38.6181,28.7595,164.313,187.3966,33.315,39.1948,158.6419,116.6884,80.7673,76.8029,36.208,458.8462,256.914,8.7577,54.1892
2023-12-01,50.4174,115.9241,401.3153,137.9441,136.2564,45.1998,276.8673,73.4635,45.2461,212.13,72.28,187.3057,33.929,39.5886,29.1093,164.7383,188.0514,34.2526,39.7279,160.2471,121.3937,81.107,78.2963,38.0708,461.5721,258.8986,8.8316,55.2183
2023-12-04,50.119,114.9754,396.3829,138.2962,135.8011,44.241,276.0141,73.0043,45.0731,211.3135,69.9594,187.6224,34.084,38.9544,28.848,161.8285,187.1131,33.5193,39.5566,158.963,115.4472,79.9095,77.7649,36.4894,458.4906,256.5341,8.7577,55.5417
2023-12-05,48.6359,112.8844,393.7803,136.9269,135.3268,42.9398,277.5243,72.1623,44.2426,208.5786,69.3532,186.177,33.2447,38.3298,28.4942,160.2431,185.7057,32.6281,38.5093,156.0736,108.981,78.8309,76.5647,35.4803,453.5722,248.8139,8.6561,55.1399
2023-12-06,49.9291,110.048,390.2126,137.8365,135.3742,43.1942,281.1625,72.4398,44.0263,208.4901,70.3762,186.1192,33.3451,38.1376,28.3937,156.8403,185.9989,32.7495,38.7949,155.0538,113.8306,78.4997,76.6105,35.1699,454.787,248.1112,8.6931,56.218
2023-12-07,50.0738,110.7547,388.5945,138.5994,137.5371,43.5366,285.9383,73.674,44.182,210.6937,73.4356,186.9286,33.5914,38.176,28.4299,157.7876,188.071,33.5244,39.0044,155.1577,120.6143,78.2873,77.939,35.2863,459.577,248.8044,8.9055,56.071
2023-12-08,50.535,109.5446,391.1484,138.2473,136.5885,44.1726,284.2123,73.5018,44.0523,212.5235,72.5168,184.7316,33.6096,37.5515,28.4982,156.6952,187.7777,33.3096,39.1853,154.7422,123.1545,78.6271,77.7374,37.0133,463.5868,250.0009,8.9148,56.365
2023-12-11,50.4627,111.1032,397.9426,139.2547,138.353,44.8085,285.9873,73.3583,44.3637,215.3076,71.4939,185.7241,33.6735,37.3497,28.6952,159.1024,189.0875,33.5057,39.3566,155.9886,121.7593,78.729,78.3513,36.7416,465.9374,251.2259,8.8409,56.4336
2023-12-12,49.4227,110.1545,415.9564,138.2473,137.9071,43.8399,289.1156,73.1574,43.9657,217.3145,70.2531,183.98,32.8889,36.2927,28.5063,158.3097,189.6348,32.4601,38.7664,152.7215,123.1064,77.8202,77.6183,36.305,474.7175,253.8658,8.7208,56.0808
2023-12-13,52.2352,111.6744,398.4299,141.866,139.8993,44.5541,297.5198,75.3293,45.2721,220.0395,72.2043,189.3087,33.6735,38.4355,28.9002,161.1711,194.0135,34.0378,39.747,156.5268,134.7685,79.0687,79.863,38.0223,481.7791,255.746,8.9979,57.7763
2023-12-14,54.4689,115.3239,399.3852,148.5363,141.4931,45.5325,300.8344,76.7262,46.9158,221.1118,72.8199,191.708,34.3669,39.5405,29.5153,165.1637,192.2542,34.6353,41.0798,158.0187,140.7803,80.3426,82.1626,40.7194,486.9543,257.1609,8.9702,57.9625
2023-12-15,53.8178,120.5417,397.1043,148.6635,141.0472,45.5422,303.7763,76.1809,46.9245,220.7085,72.2137,190.5806,34.1479,39.2715,29.4389,167.0681,192.3324,34.1872,40.4991,156.7439,141.9094,80.6993,81.7928,40.2635,483.8828,257.2084,8.8686,57.2667
2023-12-18,53.2571,118.2281,398.7809,147.1377,141.1136,46.1586,302.4034,75.6451,46.9331,219.0853,73.123,191.708,33.6096,39.4829,29.5837,168.4215,192.8617,34.5419,40.7561,156.2207,140.7996,81.107,81.2011,40.1179,484.3272,257.5312,8.9425,56.316
2023-12-19,55.1472,119.38,401.6954,148.6439,141.8346,46.8239,301.2659,76.5349,47.5128,221.043,74.1744,193.1823,33.6279,40.1363,29.7967,171.9404,192.95,35.6155,41.2036,156.43,143.7139,82.3299,82.1163,40.9232,486.7568,258.7847,8.9979,56.2474
2023-12-20,54.0167,116.4275,396.11,147.8615,138.8083,45.5814,298.3239,76.1617,47.2186,217.59,73.6629,193.7798,33.3816,39.5117,29.455,169.8426,190.9993,33.5897,40.8608,154.6319,137.538,81.4042,81.3582,40.1082,481.9865,254.6349,8.8871,54.591
2023-12-21,56.1601,116.35,398.8101,150.9423,140.1649,46.2662,300.9913,76.975,47.556,219.6559,75.6142,195.3215,33.3724,39.8096,29.8932,170.7416,193.0186,33.9165,39.8993,155.2979,140.3557,81.9053,82.4029,40.9717,486.3914,258.044,8.9702,55.6005
2023-12-22,56.7388,117.9473,400.3795,152.028,141.1136,46.4325,305.2473,77.2142,47.6858,221.2791,76.2014,194.2616,33.4272,40.4149,30.3635,172.1337,193.7145,33.8044,39.747,155.7165,144.8332,81.5826,82.9577,41.1172,490.2432,259.0886,8.9425,56.0612
2023-12-26,57.6432,117.3762,399.5899,154.1406,142.0053,46.9609,306.6202,78.5346,48.1962,221.9874,76.3909,194.5507,33.3724,40.2708,30.7575,172.3174,194.7144,33.9911,40.1087,156.0114,147.0527,82.1091,83.4939,41.5538,492.1987,261.0162,8.9425,56.463
2023-12-27,57.5437,117.0374,400.8376,155.0208,142.4512,46.9413,307.2086,78.6699,48.1962,222.1546,76.2582,195.3697,33.2721,40.7224,30.9264,171.95,195.4496,34.1218,40.699,156.9817,144.0902,81.9308,83.8729,41.9128,493.4431,261.7949,8.9794,56.757
2023-12-28,57.781,115.687,399.434,153.8765,142.6599,47.0489,306.7869,79.0951,47.781,221.7808,75.4531,195.3986,33.0714,40.069,30.9706,169.875,194.9398,33.7111,40.0992,155.3835,144.1963,81.2683,83.6418,41.7382,492.0802,260.4085,8.9702,56.7962
2023-12-29,57.5437,114.7349,400.3503,151.9595,141.8725,46.8826,305.8651,78.2447,47.4436,223.3253,75.3016,194.8012,32.9801,39.7711,30.9264,168.7599,194.4301,33.3563,39.528,154.9839,139.4197,80.7503,83.0409,41.3016,492.7419,261.67,8.9055,56.3748
2024-01-02,59.1774,115.5218,399.2488,151.3238,139.7191,47.5087,299.0104,78.6796,47.8675,219.9707,77.3002,192.4018,33.3359,39.3099,31.1595,170.1077,194.2831,34.0565,39.7755,155.9162,141.7453,82.0242,82.6341,40.8359,484.9593,261.3546,9.0072,55.8456
2024-01-03,55.8461,115.7161,398.4007,146.9421,138.1443,47.0391,291.0279,77.2977,47.2619,215.77,78.3326,189.5688,33.1626,38.4355,30.9625,171.2131,192.2442,34.2152,39.6137,155.6879,135.2703,81.9987,81.3675,40.1373,476.0409,258.8603,8.8686,54.738
2024-01-04,55.0065,113.1416,398.2837,146.4629,137.4707,46.5695,290.0472,76.8725,46.8812,217.0981,76.855,188.5571,33.2721,38.5508,30.7776,166.8496,191.6266,33.347,40.1373,157.6096,131.1692,81.6081,81.6448,40.312,480.0606,258.2773,8.9055,55.5221
2024-01-05,55.472,112.9085,398.8004,146.8345,138.4479,46.3054,290.9396,77.2784,47.4263,218.0228,76.855,188.9521,34.0019,38.7622,30.8299,165.3951,191.3914,33.1603,39.8993,159.5884,131.0727,82.2705,82.4584,40.1761,480.7816,258.1817,8.9979,56.2474
2024-01-08,56.2021,113.7051,397.9913,145.8858,139.8234,45.9923,293.6756,77.5393,47.6512,220.3642,75.008,188.2776,34.3577,38.6565,30.8218,167.509,192.107,33.0389,40.5657,160.4256,131.7964,82.0921,82.1533,40.9426,490.4999,260.7526,9.0626,56.0318
2024-01-09,55.2985,109.7899,396.4317,144.3601,138.723,45.5031,291.7535,77.3557,46.6649,219.7936,74.2407,188.2873,34.3669,37.1671,30.6771,162.0401,192.0579,31.9186,40.1563,159.0081,128.9883,80.8267,81.1733,40.4575,491.1715,256.213,9.0256,55.9338
2024-01-10,54.3129,109.6248,395.6421,145.7196,139.7285,45.0531,292.6263,77.8292,46.1805,222.4399,73.9566,188.9425,34.2665,36.4657,30.6248,163.737,193.4891,31.4332,39.8517,157.876,128.2839,80.1133,81.1271,40.0694,493.7591,255.1331,9.0164,56.1592
2024-01-11,53.7835,109.8968,395.7201,144.1449,138.8748,45.0335,291.6653,77.0948,46.4054,220.7183,74.6196,189.5592,34.5037,36.0525,30.456,163.0873,194.1066,31.1531,39.547,158.3612,124.1441,80.436,80.4984,39.9526,491.1814,252.868,9.0903,55.5123
2024-01-12,53.1264,109.9939,398.6054,144.1351,138.0779,45.1118,296.6568,77.5489,46.1718,220.3248,73.1136,189.9447,34.3669,36.1678,30.3635,163.7661,194.9889,30.6023,39.6898,158.0758,121.6352,80.1982,80.369,39.8649,489.7493,252.4284,9.0072,55.2379
2024-01-16,52.0586,108.4201,396.3927,141.3868,136.3798,44.5052,294.2738,76.8628,45.9382,218.7705,72.1474,189.0389,34.0384,34.6015,29.6359,165.6182,195.1065,30.2195,39.2614,157.0579,121.5387,79.8076,79.7773,37.8785,489.7,248.9115,8.8501,54.3754
2024-01-17,50.6257,109.1487,396.4901,139.6752,135.7347,43.8693,295.0583,76.2251,45.3932,217.6687,71.2476,189.222,33.6644,33.3716,29.3786,163.9213,193.5381,29.5194,38.5474,156.2778,116.4726,78.729,79.2411,37.2358,487.0037,248.6152,8.7393,53.5423
2024-01-18,50.2332,109.479,397.5624,142.3844,137.5087,43.4486,300.4421,75.7129,45.5057,221.466,71.0582,191.2648,33.4728,33.2659,29.4832,161.3516,196.4984,29.9861,38.5474,156.3063,113.8575,79.247,80.4245,37.2066,496.7813,248.5101,8.73,53.758
2024-01-19,50.79,109.6442,397.1043,141.9443,134.1314,44.6128,298.1376,76.8435,45.6874,222.4104,71.0298,193.298,33.5184,33.2275,29.6198,161.7298,195.9201,29.9675,38.0714,156.3824,111.0977,79.315,80.2026,37.7519,499.2307,249.093,8.7485,54.4244
2024-01-22,51.4745,112.141,396.2172,142.091,134.8429,43.9965,301.5306,77.0754,46.3362,223.5909,71.0108,194.7241,33.1626,33.6311,29.9053,165.2691,196.9003,29.8741,38.0428,157.2006,116.5208,79.6292,80.7943,36.4958,501.759,249.3702,8.7393,55.2281
2024-01-23,52.7705,112.8307,397.6014,143.0984,135.1275,44.4465,299.5497,76.8049,46.639,219.1837,72.0433,193.7123,33.3086,33.977,30.0259,166.5296,195.2437,30.0702,38.4903,158.3897,118.2964,80.3256,80.1194,37.1677,494.1443,251.5779,8.7485,55.6005
2024-01-24,52.0312,113.2193,391.1581,140.1545,133.7899,44.4269,295.2349,76.3797,45.9296,216.2323,72.7158,191.2359,33.0075,33.093,25.8088,167.3926,192.7343,29.8368,38.8425,156.9817,117.4279,79.3405,77.4752,38.677,488.5642,245.7672,8.6007,54.7576
2024-01-25,52.451,112.5976,393.2929,142.179,135.4596,44.2606,298.0297,79.5976,47.5301,219.7838,72.8863,193.1149,34.3486,33.141,25.7726,169.3998,194.6948,29.9208,40.3943,163.3272,114.3014,81.0136,78.2333,38.4043,498.5788,251.9697,8.7485,55.7377
2024-01-26,53.2542,112.6947,393.8485,142.9321,135.6967,44.8672,296.0096,79.4913,46.7688,218.7508,73.3977,193.6834,34.2756,32.872,25.9978,169.7877,194.5674,30.0888,40.3563,163.5936,115.6427,81.0475,78.5107,38.5504,495.3986,250.2972,8.8132,56.1004
2024-01-29,52.7522,113.5302,395.3789,144.2916,135.526,44.9357,302.1288,79.2497,46.7774,225.647,73.3977,192.6331,33.5002,33.2947,25.5314,171.281,195.3123,29.9861,39.8041,161.4436,118.885,80.9116,77.6879,39.1736,506.7959,249.5613,8.8501,55.8652
2024-01-30,52.4693,118.9609,397.5624,147.0888,135.7252,44.8378,301.6777,78.2737,47.1235,227.2997,73.3125,193.9147,33.1352,33.1602,25.3063,183.169,196.7729,29.6687,39.4042,160.8442,116.0962,81.2344,78.6679,38.9204,511.102,247.7933,8.8316,55.4143
2024-01-31,51.2919,117.2511,394.6186,143.0788,133.7994,44.4954,298.4906,77.9645,46.3708,222.3416,71.5223,192.1898,32.6882,33.1602,24.844,181.2588,194.3027,28.6698,38.3285,157.8094,110.7213,79.935,77.2441,38.6477,502.1343,244.3815,8.7115,54.346
2024-02-01,56.7132,116.3767,398.3422,144.6535,134.2358,52.8897,303.0997,79.414,46.3189,226.6209,72.7821,192.1995,31.3471,34.2172,24.9083,179.9885,196.0769,28.8192,37.3479,155.2027,112.6899,80.3511,78.4552,39.1249,509.1366,248.0609,8.7393,58.2272
2024-02-02,56.0652,116.7362,396.8216,143.7439,132.8982,51.8917,303.9921,78.5346,46.2151,230.6347,72.479,191.6213,30.526,33.0641,25.0691,177.8262,195.3908,28.8098,36.9671,153.5188,110.2485,78.8649,76.3658,39.047,513.4822,246.7325,8.6746,58.2958
2024-02-05,55.1434,118.0283,390.5245,141.3281,130.5075,50.6786,298.5985,77.4813,45.9901,225.9225,72.0811,188.8076,30.079,32.0552,24.6068,176.779,191.6855,27.9416,36.8052,154.67,104.9218,79.1111,76.3011,37.6643,502.2429,208.3612,8.5175,57.3059
2024-02-06,48.7821,116.7459,405.0779,144.6241,132.7084,50.9623,301.9229,78.0514,46.7515,227.8211,72.119,191.2166,30.2341,32.3435,26.4279,175.8481,195.9985,28.3337,36.5291,155.0981,109.0616,80.2322,76.375,39.1151,508.149,208.3899,8.4806,56.1102
2024-02-07,49.8773,121.0108,406.3159,145.7391,132.2151,52.8994,303.8646,79.5686,46.7947,232.681,72.3274,195.6781,30.8909,32.3339,26.7254,180.5606,198.9882,28.3524,38.0048,157.2672,111.0205,80.2322,76.7079,38.1706,517.9958,205.8382,8.6654,57.3255
2024-02-08,47.4952,121.2828,403.5573,145.6315,131.5131,52.0874,306.1103,77.8002,46.613,234.5698,72.4695,195.5817,31.8306,32.036,26.9746,180.6382,198.8804,28.091,40.7656,158.7513,110.3257,80.6653,76.7264,37.119,518.9143,210.1675,8.4621,57.9625
2024-02-09,47.2306,121.4286,408.8406,145.6511,132.4144,52.4396,305.7082,77.2494,46.7082,236.1045,73.9566,197.3162,32.1682,31.5075,27.2078,180.8806,198.7138,27.9323,40.461,160.1402,111.7249,81.022,76.1254,36.3789,520.6229,210.1006,8.4067,57.9919
2024-02-12,48.9281,120.2822,409.0258,148.331,133.6666,53.8484,304.4138,77.6166,47.4003,236.2324,74.6954,199.2819,32.3871,32.2474,27.5254,180.454,198.9686,28.5578,40.6133,160.0261,115.884,81.9563,77.4937,36.7003,525.7191,212.7287,8.4806,59.3151
2024-02-13,46.9933,114.9972,405.7505,142.316,131.6175,52.469,301.2659,77.7809,46.0074,233.2712,72.9526,196.4297,31.5752,30.7868,26.8701,174.0348,216.8089,27.5495,40.2611,156.8105,108.2703,80.453,75.922,35.6973,520.7315,207.9694,8.2034,58.629
2024-02-14,46.6647,116.3282,407.8463,144.898,132.9077,52.9092,305.012,76.7082,46.3535,237.1866,73.9631,198.8772,31.5022,30.8637,27.1957,175.5669,212.6821,27.5869,40.5752,157.3528,110.3836,80.3766,75.922,36.2231,532.7905,207.396,8.2681,60.7656
2024-02-15,47.2214,120.5736,417.8767,148.7613,135.7383,53.4962,306.4633,78.3124,47.729,238.5245,73.2195,201.0742,31.9948,31.7861,27.5173,180.7061,212.192,28.1377,41.2321,158.7798,113.3847,82.7801,78.8158,37.2456,529.0178,216.8956,8.3051,61.0008
2024-02-16,47.769,119.8256,420.7426,148.4272,135.2523,53.6136,303.0997,78.4573,47.9972,251.0086,74.0775,201.2284,32.6608,32.1225,27.5173,179.9498,211.1236,28.5204,41.6129,159.8072,118.2964,82.9754,78.7603,37.8103,533.1955,216.8,8.3513,60.8538
2024-02-20,46.5369,119.1164,424.9633,146.7667,134.5374,53.1832,305.2375,79.269,47.3311,247.2998,73.5913,202.0764,32.6061,31.8918,27.3244,178.408,212.1136,28.3431,41.6796,161.3579,110.7985,81.7609,78.1316,37.1385,526.5487,217.9851,8.4252,60.648
2024-02-21,46.6465,118.5723,428.3751,147.7591,135.9575,53.0462,308.2089,74.1957,48.2308,249.3165,74.1443,203.252,32.0978,32.1225,27.7626,178.7668,212.6429,28.2217,41.651,163.194,114.3979,82.7036,79.2411,37.8395,529.6696,217.9946,8.5083,60.4422
2024-02-22,47.1393,121.2245,435.7541,146.9337,136.6533,53.5256,314.4164,76.7855,48.4471,252.7695,75.9843,208.5421,31.876,29.6818,28.1123,180.9873,215.3778,30.0795,41.8319,164.7733,114.0409,83.4765,79.8882,37.6545,541.383,221.244,8.5545,60.3932
2024-02-23,47.8055,123.391,436.2708,146.7765,137.5968,53.7115,316.5099,77.7712,48.7845,253.0548,76.6612,206.8751,32.0978,30.0566,28.1244,184.226,217.946,29.3887,41.8033,166.8758,116.4243,84.3088,80.0731,37.9369,541.8966,222.4769,8.5637,61.6379
2024-02-26,47.9516,127.3353,433.7168,147.5134,135.6621,53.6332,316.9817,74.8045,48.5077,256.8423,76.6898,206.5089,31.2383,28.8362,28.1043,185.7774,215.9267,29.538,41.6225,165.6105,117.2639,83.9266,80.0084,37.0313,546.4693,219.1988,8.4436,61.138
2024-02-27,48.1706,129.1812,433.5804,146.9828,134.2992,53.9365,322.1024,71.9345,48.6807,259.2821,76.0606,206.3066,31.608,28.6921,27.9796,187.261,217.701,29.1459,42.5269,166.2764,124.0863,84.0795,79.6479,37.1579,552.168,221.4638,8.3874,61.3635
2024-02-28,46.8107,128.7149,439.8189,146.8158,133.8893,53.3593,324.0288,70.7459,48.269,258.0425,76.175,206.3644,31.9961,28.7017,28.1454,186.3592,220.5633,28.8379,42.8696,167.7795,127.4347,83.9011,79.9622,36.4276,559.1012,222.1137,8.3124,61.5693
2024-02-29,51.4653,130.007,437.499,149.3214,134.9568,52.5154,326.3385,72.9588,48.9523,261.5349,76.9567,208.6481,32.68,30.0277,27.9675,186.4659,220.3966,29.0899,43.1171,172.3745,133.0219,85.1666,81.1178,36.8171,570.5677,223.6715,8.4905,62.9458
2024-03-01,52.305,129.9001,437.8791,150.7854,132.9744,52.6528,329.4836,73.326,48.8559,263.5461,78.6538,208.8312,32.3935,30.6907,28.1171,184.9144,221.0534,29.5287,42.8601,171.4232,137.7986,85.5278,80.5169,36.934,583.4036,225.5447,8.5186,63.2014
2024-03-04,53.6649,126.529,444.1079,152.1905,132.6885,52.6037,331.3216,73.4806,49.9509,263.96,76.1368,208.2627,33.1699,32.4243,28.1494,181.4818,221.4357,29.2113,42.8125,176.4083,128.5348,87.4284,81.5524,37.3137,595.221,227.8479,8.5936,63.4374
2024-03-05,54.4954,124.8386,449.3327,148.9676,132.2786,52.9275,327.567,74.1378,49.9159,261.1316,75.8127,209.0848,33.1329,32.2887,27.8907,179.1934,218.9949,29.1646,42.9172,175.5045,105.5684,87.2736,80.7111,36.1452,596.2099,228.966,8.5936,62.7688
2024-03-06,56.1473,126.257,451.9159,148.8497,133.5462,53.0158,330.722,74.505,49.8108,263.4574,77.7767,207.0053,33.0035,32.5599,28.4081,179.048,219.1223,29.5594,42.1175,174.4199,115.4015,85.9234,80.5169,37.1385,600.6105,232.3301,8.6217,62.9851
2024-03-07,57.8631,128.6371,453.5535,153.9296,134.2896,53.4672,338.752,76.1961,49.8808,267.2317,79.9694,209.0558,33.1606,32.8214,28.7759,180.7546,220.1319,30.0105,43.1552,175.8374,118.3639,85.158,82.4677,38.7646,605.1199,234.3084,8.8279,64.0863
2024-03-08,57.2151,127.7336,450.8826,152.78,134.1276,53.6536,334.85,76.0994,49.5918,262.8267,80.408,208.6592,33.4933,32.8407,28.8608,180.1825,219.0439,29.6909,43.3742,177.0266,114.1856,85.0892,83.0409,38.8035,590.2271,230.9061,8.7716,64.1748
2024-03-11,58.5568,126.2181,457.6378,154.6862,135.8146,54.0559,334.5552,78.3317,50.3101,261.1021,81.1039,208.8914,33.8445,34.1288,29.164,179.2128,219.4752,29.7473,44.1168,178.5488,120.3807,86.5684,84.7512,39.3586,589.0997,236.9557,8.8747,64.8237
2024-03-12,58.2738,127.5976,459.5776,153.8314,134.6804,54.0756,336.8256,78.467,50.5291,265.6648,81.4281,209.6845,33.3917,32.8117,29.1195,177.3414,219.1419,29.4748,44.6594,177.6355,119.5895,86.4566,85.0933,39.3002,596.467,234.0217,8.8935,64.401
2024-03-13,59.9714,130.1333,464.2802,155.0989,135.2237,54.262,331.0365,79.8198,50.7831,265.4086,80.7321,207.7887,33.5395,33.2862,29.8229,178.5147,220.7299,30.0293,44.6499,175.4474,121.3843,87.4714,85.9993,42.2701,598.2075,236.3345,8.9216,64.2043
2024-03-14,58.4746,128.3943,463.3514,155.0105,132.4407,54.1639,329.1789,78.8535,50.2137,266.7981,79.9599,208.8914,33.4471,33.1313,29.835,176.5656,220.3868,29.7285,45.6305,175.2941,116.06,86.0008,85.0667,42.1824,599.8095,234.2797,8.8372,63.5849
2024-03-15,59.369,133.9707,457.769,157.2605,131.3923,54.0559,328.9234,80.0614,49.9684,262.9843,79.5309,208.6109,33.595,32.8117,29.6814,182.7618,222.2199,30.1703,46.2683,175.1984,118.2381,85.9234,86.0833,43.4386,589.6535,233.7923,8.8841,63.0048
2024-03-18,60.2908,135.9817,455.6963,159.4812,132.5455,53.6831,329.5229,80.9891,49.7056,265.5072,81.9715,207.4405,32.2919,33.3347,29.7178,184.0417,224.1769,30.2831,46.0684,173.3497,120.6002,85.8718,86.0833,43.312,590.1381,234.7289,8.8279,63.693
2024-03-19,56.2842,136.8658,456.3025,159.3239,134.9568,53.6438,330.8105,80.2547,49.7232,265.1031,82.2671,208.1563,35.8316,32.5018,29.7986,185.1568,223.4104,30.2267,46.6967,175.5144,116.6893,85.8546,86.8014,43.1659,595.5869,231.1068,8.7904,63.5357
2024-03-20,58.5111,138.6534,456.3611,162.5664,135.5858,54.6839,335.2039,81.0954,50.9584,267.7935,82.1241,209.375,36.2567,33.2184,30.1179,187.6295,224.6584,30.3301,47.068,176.4531,120.4743,87.9702,87.361,44.8018,596.9417,228.364,8.5748,64.1551
2024-03-21,59.2413,139.7609,455.8821,165.4061,136.8725,54.733,341.2779,80.9012,50.7481,271.5875,81.6569,211.4642,36.8575,33.4412,30.3403,190.4221,224.8648,30.1139,46.4873,177.2098,120.8712,87.0758,89.0398,45.0257,606.1484,225.0572,8.6967,64.4305
2024-03-22,56.914,139.9066,457.7788,162.5271,135.8718,54.0363,336.9927,80.6682,50.5291,270.3754,79.7597,208.5142,36.534,32.7051,30.6151,188.541,225.307,29.3056,45.9066,176.932,116.999,86.8436,88.8532,43.9157,600.3831,226.2232,8.6498,65.1089
2024-03-25,57.3338,140.0426,456.4687,164.9835,134.5279,54.5858,336.1376,79.6293,50.2751,268.6607,79.14,210.1874,37.7539,32.8504,30.696,189.5494,223.145,29.409,46.354,179.4128,114.5692,86.4222,92.5745,44.1591,598.0987,227.0355,8.706,65.3842
2024-03-26,56.987,140.7032,457.1042,163.5293,135.1665,55.2432,336.1376,79.0758,49.9947,269.8925,77.9959,212.2186,35.3048,32.9279,30.5343,188.1725,224.285,28.6665,46.9728,178.9914,115.2081,86.9812,91.6978,43.5554,603.33,227.2936,8.6123,65.3448
2024-03-27,57.7659,143.2582,455.8137,166.6834,137.7589,55.9301,340.9437,83.1539,50.9321,268.8282,78.7586,216.8903,36.4046,34.1385,30.9223,193.0732,227.754,30.0857,46.8395,180.9741,124.6854,88.5378,92.8729,44.6752,605.0705,232.3301,8.8841,66.0134
2024-03-28,58.6872,144.4667,453.9463,168.8647,138.102,56.5875,341.3762,83.4937,50.7481,268.9563,79.3307,215.9328,36.0626,34.7099,30.991,192.4314,226.9088,30.5086,47.0775,181.7787,127.5315,87.9616,93.4698,45.7853,607.1274,233.235,8.9122,66.2297
2024-04-01,57.8212,145.4705,453.0469,168.1573,136.6533,56.5973,332.3634,83.8627,51.0372,265.7732,79.4451,216.2423,36.0719,35.2813,31.2053,194.4734,223.9902,30.4804,46.9728,180.7921,125.0532,87.781,93.5445,46.0871,597.7131,234.3422,8.856,66.7017
2024-04-02,55.5916,144.1451,451.0329,166.0349,135.014,56.0969,328.2354,81.8042,51.9395,262.3832,79.0732,213.1472,35.7669,35.6299,31.0557,192.8885,223.5185,30.1797,46.9062,179.5948,122.4395,89.5956,93.6657,47.1096,595.399,230.8957,8.7248,66.2887
2024-04-03,55.306,143.9794,452.1377,168.285,135.0807,56.3324,328.5597,83.0179,52.5527,264.8666,79.3307,213.8919,36.1088,36.056,31.1729,194.6193,224.3145,30.5932,46.5539,180.7251,124.7531,91.0404,95.1486,48.3073,603.6069,230.6646,8.603,65.6201
2024-04-04,54.5505,142.9853,447.0441,160.4637,133.2127,55.881,324.2057,81.4255,52.4388,262.0284,82.1622,210.023,36.3122,36.5306,30.6192,193.5983,220.6981,30.8094,46.4968,179.7481,117.2507,89.7848,92.9569,47.8885,597.3867,228.2675,8.5936,64.8827
2024-04-05,54.1175,143.531,454.3178,159.7857,132.5169,55.7829,326.1616,80.9206,52.2899,266.2266,81.1421,210.9612,35.7299,38.3997,30.5302,195.4166,223.8133,30.9692,46.5539,179.7577,119.5063,90.1116,93.1061,48.1709,612.5367,229.7789,8.6311,65.3547
2024-04-08,55.4073,144.0963,451.3555,161.8491,133.3461,56.4403,326.6038,82.6198,52.141,265.8028,76.0701,211.0483,35.314,38.1576,30.8334,195.3291,222.8699,30.6026,46.8871,182.6695,127.4831,89.2946,93.759,48.687,614.6332,228.7681,8.5748,65.4923
2024-04-09,58.7425,143.0048,447.7089,163.382,135.5286,56.4403,328.8153,83.8724,52.4476,261.7623,77.3381,212.325,35.2493,38.4191,31.2376,194.3567,221.8871,31.3075,46.7919,181.8553,125.0339,90.0944,95.0833,49.9529,603.8541,230.7224,8.7904,66.2297
2024-04-10,57.3237,140.9776,440.4253,157.2802,131.2684,56.0871,315.6548,83.6976,51.554,260.7177,77.1188,208.4561,35.351,37.8283,30.797,192.7037,218.3101,30.7154,46.7443,179.9013,123.5721,89.0366,93.8709,49.5829,599.8194,227.1122,8.5374,65.6496
2024-04-11,56.6972,140.5682,442.8792,157.5848,131.1445,55.4002,314.4361,84.0569,51.2124,261.6441,77.0712,207.9532,34.9443,37.838,30.8172,191.8869,216.9343,30.1515,46.7824,178.4263,126.1471,88.5034,93.2833,49.4076,600.3435,227.4396,8.4999,65.2367
2024-04-12,52.2841,137.0596,437.4141,153.3204,128.1232,52.7509,312.7947,81.1828,50.5379,258.9636,74.4589,204.3067,34.3251,37.4216,29.8309,189.1546,217.858,29.2492,45.6876,174.5183,118.6641,87.3166,91.3807,48.3138,595.4287,222.8956,8.3499,64.4206
2024-04-15,52.2749,137.391,434.8136,153.065,128.6855,52.6626,308.588,80.1924,50.2137,256.6871,74.4303,204.3551,33.9832,37.2279,29.6854,188.6489,215.2538,29.0988,45.2211,172.7559,116.6505,86.3964,90.7652,48.8509,592.5905,222.5394,8.378,63.5357
2024-04-16,51.068,136.2215,435.8205,152.2298,127.2463,52.3192,303.0939,80.5517,49.8108,254.7852,74.1252,204.1713,33.1883,36.9083,29.3338,186.8014,216.5707,28.5913,44.945,172.0087,110.4647,85.2698,89.9071,48.2552,588.6349,219.2662,8.275,62.7
2024-04-17,51.6484,135.4028,436.808,151.7974,128.6283,52.5252,304.8434,80.4449,49.7757,254.5092,74.1729,202.0724,32.4028,37.3441,29.544,187.4529,215.4602,28.4691,44.9641,170.9839,110.7357,85.7428,89.5061,48.6556,586.3407,220.4696,8.275,62.8671
2024-04-18,52.4592,132.6154,436.456,151.9252,128.7713,52.9472,304.0767,81.1731,49.4866,251.3656,75.8794,202.4883,32.5876,37.3344,29.7218,185.4985,215.4209,28.6383,45.2877,170.7348,108.2285,85.4848,89.5527,48.9876,580.6149,224.33,8.3406,63.2702
2024-04-19,53.2699,133.4243,436.3289,151.7581,124.7588,53.7714,300.7154,81.5324,49.6356,248.3993,75.765,204.6356,32.6893,37.7896,29.8673,186.0722,214.389,29.1364,45.6876,172.3057,108.5673,86.6372,89.9258,48.4505,569.4996,223.0015,8.4062,63.8602
2024-04-22,53.6661,133.8142,436.984,152.2396,125.0066,54.1639,303.9588,82.4256,49.9246,250.7841,75.1263,204.829,32.1255,36.2788,29.8754,186.3347,215.5192,28.892,45.7638,171.731,108.7028,86.5082,90.5227,47.8059,577.8361,225.62,8.4624,64.3321
2024-04-23,54.0346,130.7539,435.1166,153.3303,124.3108,54.1443,297.1771,82.95,49.7056,255.5735,74.8784,204.4034,31.802,36.5209,29.8309,169.8142,215.8631,28.5819,44.8403,163.6755,110.5615,86.4738,90.2802,46.8683,587.7944,224.9943,8.4155,64.401
2024-04-24,53.8043,126.6215,434.3932,152.7211,124.3966,53.742,298.5236,82.6684,49.9159,252.6762,75.5553,205.4577,31.8205,37.3828,29.8956,167.9861,216.9637,28.6571,45.2021,166.5874,111.5876,86.6716,89.8698,47.1125,585.2529,225.9281,8.4905,64.0962
2024-04-25,53.2515,129.6526,433.9141,151.2079,123.1671,53.6733,299.5851,81.8916,49.4428,254.7852,76.2417,210.0424,30.9795,42.0412,29.7097,171.0199,215.9909,28.4597,44.5642,164.0299,111.3069,85.7256,89.6553,48.2454,590.4446,226.3132,8.3874,64.3518
2024-04-26,53.8595,130.6369,433.2786,152.4911,124.0535,53.8891,301.197,82.1538,50.1875,257.446,76.2703,211.8511,31.266,41.3826,29.7946,170.5726,217.2782,28.4315,44.9831,165.5625,113.1462,87.8326,89.1237,49.3197,598.2767,227.2759,8.4062,68.6288
2024-04-29,55.4718,131.6408,435.1264,155.5608,124.6063,54.4582,300.8431,83.2704,50.6342,257.6529,77.0616,211.232,32.6431,40.9274,29.8714,170.3976,217.8384,29.0048,46.2112,169.5854,121.7135,87.4628,90.7838,51.185,595.9528,229.2398,8.4811,69.5334
2024-04-30,54.3663,126.8165,431.1082,151.6225,122.9479,53.114,294.4742,82.1926,49.8458,253.8884,75.2883,210.1584,32.2919,39.3585,29.3055,163.873,222.2409,29.503,45.659,165.687,116.4666,85.975,88.0791,48.7728,580.5556,227.5262,8.378,68.4027
2024-05-01,53.2238,126.3584,432.7311,152.4417,124.8064,52.8981,298.1403,81.5518,50.1349,255.9579,74.335,210.6904,32.6061,39.3004,31.6539,164.0092,221.0911,28.1307,45.6019,166.8556,115.1985,85.588,88.3776,48.7435,584.3035,228.6333,9.184,67.1343
2024-05-02,55.7667,127.4695,410.245,154.3566,126.0455,55.9105,299.2411,84.2899,49.7845,260.5699,70.4261,212.3153,33.0959,39.7556,31.4276,165.808,222.8404,26.7021,48.6579,167.9475,121.2972,84.9516,89.4595,47.6399,583.4135,234.6021,9.2496,66.8492
2024-05-03,56.9828,132.0306,414.1361,155.1364,126.684,56.0871,305.9638,84.1248,49.9684,260.5995,70.6358,214.2885,33.5303,39.3779,31.3952,169.1141,223.5676,26.9559,48.7055,168.8383,124.0077,85.244,90.933,49.2709,584.4716,236.7008,9.3808,67.4391
2024-05-06,56.1812,129.2335,417.0886,157.0217,126.7984,55.3021,309.5906,86.0862,50.2313,262.738,71.0363,214.8591,34.1218,40.0849,31.7429,166.2942,224.9925,27.2942,48.934,168.7234,126.6021,85.7772,92.0989,49.7982,593.1344,238.3663,9.4557,67.7439
2024-05-07,61.4972,129.3407,420.3931,160.6245,127.9135,56.4403,313.2861,91.5916,51.1248,264.4527,71.4939,216.5615,35.8963,40.1333,32.0501,167.0429,228.8939,28.0837,49.1434,171.5969,127.3475,87.2478,93.8522,50.1889,592.1653,239.3771,9.4839,68.0487
2024-05-08,59.7375,127.4987,418.1543,161.1575,127.1701,55.7535,313.5318,94.4074,51.3701,264.0388,69.835,217.7221,36.3029,40.2301,31.6095,165.1079,229.1985,27.7924,49.3243,171.0126,126.2924,87.8756,93.9735,48.7923,590.0194,237.0859,9.5776,68.7173
2024-05-09,61.7459,131.4166,420.2562,159.3314,128.6738,56.7445,314.957,94.2423,52.0797,266.7587,70.8265,220.1789,36.8205,41.4892,31.852,169.5517,229.5425,28.0931,49.2196,172.775,129.2836,87.4026,94.2812,49.8861,596.5066,241.264,9.6713,68.442
2024-05-10,62.2158,131.748,424.685,154.6626,129.6124,56.4011,315.3599,94.3589,52.0446,268.1187,70.5024,218.2154,35.656,41.1502,31.8358,169.6489,229.4835,27.6608,49.1625,171.8363,125.4792,87.179,94.2253,50.3842,603.6564,241.2063,9.7088,67.9995
2024-05-13,61.4603,131.4264,425.0663,158.1667,130.005,56.2245,310.4555,93.718,52.0008,266.1674,70.7979,217.6931,36.5247,41.1211,31.8803,168.9391,227.7441,27.689,48.6484,173.7808,127.3088,87.136,94.216,50.8237,601.3028,240.9271,9.7181,68.1077
2024-05-14,61.0549,131.6408,422.456,157.6435,129.6602,56.4698,308.6667,93.8248,52.2549,263.8614,71.393,218.3411,36.8297,41.2277,31.6701,167.85,227.8915,28.2717,49.1815,173.9819,131.1326,87.308,93.9455,52.23,599.4041,239.2905,9.7744,68.8549
2024-05-15,58.8899,133.4536,421.1948,156.5282,129.3346,56.0577,310.9469,93.7083,51.738,266.5715,71.8153,218.699,36.7003,41.8281,31.6176,171.3408,228.9234,28.3939,50.343,174.3555,123.4947,86.233,94.0201,52.357,605.8814,242.2171,9.69,69.3466
2024-05-16,59.1018,131.5238,420.09,153.6558,129.0856,54.9489,309.3412,94.99,51.4226,256.224,74.215,217.2192,37.449,41.4892,31.3548,168.6376,228.6089,28.9202,49.8384,174.7099,125.0629,85.9492,93.3299,50.8237,575.2353,247.4542,9.7088,69.0418
2024-05-17,58.9452,130.5297,422.8568,155.3042,128.76,55.3904,307.7453,96.796,51.8519,255.337,73.1591,218.8828,37.5599,42.3608,32.3007,167.3638,229.6211,28.7699,50.4001,175.4091,126.9313,86.7834,93.6191,52.9625,574.3057,252.9032,9.6244,68.9336
2024-05-20,58.8438,129.7013,422.9448,154.5047,128.1183,55.675,304.8097,95.9513,51.8957,256.4309,75.4052,218.641,38.0589,43.0387,32.2845,166.2067,230.6333,28.9296,49.9717,173.9053,125.9923,86.0868,93.8336,53.5778,576.6296,256.2823,9.437,68.9139
2024-05-21,58.9912,130.9391,425.3205,153.4189,128.08,55.5867,305.3417,95.058,51.6066,258.3723,75.4244,221.6297,38.7151,42.6513,32.143,167.3638,230.9379,29.0048,50.2002,174.183,122.5944,86.1212,93.218,53.0504,574.8595,254.7901,9.5604,69.1302
2024-05-22,58.6135,129.3602,425.0761,151.2276,129.009,55.9105,302.6425,93.1549,50.459,257.0813,76.4802,221.7071,38.9092,41.0533,31.751,166.372,229.6604,29.8413,50.4096,173.6562,122.4395,84.728,92.7237,50.0326,566.8889,254.7804,9.5604,68.9434
2024-05-23,55.3244,130.1789,422.6417,149.6286,125.4845,54.5269,298.574,91.7275,49.8633,253.9222,75.1172,219.5889,41.2639,39.9299,31.9046,166.7901,229.1003,29.174,50.4763,172.6409,119.0223,83.782,92.3786,50.0033,567.0966,253.192,9.38,67.4096
2024-05-24,56.8999,129.9547,425.8387,150.892,125.8676,54.4681,300.298,93.3491,50.5992,255.9362,74.3973,219.6082,42.4787,40.6563,32.7898,166.5373,230.2599,29.1176,51.533,176.0221,123.514,84.7452,93.4792,50.3256,572.7334,254.7419,9.437,67.7242
2024-05-28,57.9409,130.8708,420.3149,149.3029,124.1244,54.6152,297.2343,92.3684,50.8445,250.7335,75.5491,217.5287,42.189,41.063,33.1819,163.7369,224.9434,29.2586,50.7619,173.2923,123.6786,84.8914,93.9455,52.3765,563.9914,254.7612,9.3326,66.3281
2024-05-29,55.739,128.3856,416.6584,146.4404,121.778,53.2513,292.9984,91.9606,49.9334,248.69,74.0038,214.6754,41.4882,40.327,32.8504,161.9964,222.2213,27.9897,50.8666,171.6065,119.4966,83.266,91.8191,51.5366,557.5636,250.5638,9.2376,65.4235
2024-05-30,56.3471,130.1106,420.5006,149.3621,123.6647,54.2031,297.5495,92.7665,50.2751,250.8322,73.8886,216.1552,41.6564,40.5691,33.0727,162.0644,224.7468,28.2529,51.6377,173.8286,119.8258,83.6788,94.0294,51.0874,560.8368,250.7852,9.38,67.5079
2024-05-31,56.1536,130.4713,425.7898,150.0728,125.858,54.89,299.2735,93.3879,51.1087,252.5006,76.5282,220.1305,42.1329,40.6175,33.3651,164.1842,228.1863,29.0706,51.0665,175.7539,118.6738,85.502,94.5051,51.4976,565.7319,256.754,9.6554,68.265
