Date,09F623,14BA06,164D72,16B183,2920D5,2B49F4,2D2D43,366A08,388E00,3FACA7,641F17,902670,940C3D,A43906,AA5C8E,CA212F,D0909F,D54E62,E15736,E21871,E70531,EAEBF3,FE89E0,HTA3J9,VERNOV,VISTRA
2023-03-16,52.0812,42.3874,42.7372,29.5669,177.6512,28.9455,117.3114,28.8816,21.6788,85.4117,116.0098,21.3755,25.7023,94.0609,14.103,56.3332,117.3155,138.7366,112.3224,25.608,91.1858,64.1022,88.6196,76.8862,,24.2663
2023-03-17,50.7753,42.2774,41.349,28.6026,173.4215,27.965,115.9055,28.1625,21.3837,85.1152,115.28,20.5888,25.3445,92.5034,13.873,55.7989,114.9263,136.9832,110.166,25.146,90.1117,62.982,86.7719,75.2589,,23.7875
2023-03-20,51.8593,43.0561,42.7742,29.6299,178.0321,28.656,118.333,28.92,21.7525,85.861,117.5971,21.1132,25.3727,94.9341,14.086,56.2759,118.2576,138.9973,112.394,25.6702,92.4674,64.0555,88.399,75.4844,,24.0365
2023-03-21,52.8067,44.9432,44.6806,31.5764,186.0818,29.8232,120.2451,29.7254,22.2505,85.861,120.5892,22.2981,26.399,97.788,14.3331,57.4782,122.4631,143.2505,116.8769,25.9279,96.6101,66.2305,91.6625,75.0138,,24.1885
2023-03-22,51.3984,43.7523,43.8662,30.9546,180.8138,28.4412,119.0173,28.2967,21.6695,85.0882,120.2061,21.6375,25.4575,95.1862,14.1627,55.9897,120.103,140.3371,114.4967,25.4481,94.3989,63.6634,90.4306,72.9551,,23.3874
2023-03-23,50.0498,42.7996,42.0894,30.6483,180.2137,27.4702,118.2393,28.3159,21.3007,84.0549,118.9381,21.3657,25.1656,94.3309,13.9667,55.7989,117.0921,138.9434,113.3067,25.146,93.3338,62.4032,88.638,71.9552,,23.0785
2023-03-24,50.7668,42.6622,41.2472,31.0988,183.1096,27.6382,116.8802,29.3035,21.8355,84.2256,117.9163,21.521,25.4386,94.9701,14.3076,55.5126,118.9666,140.3282,112.224,25.5369,93.4422,63.0286,87.7279,71.9944,,22.6056
2023-03-27,51.7739,44.0455,43.2832,31.8828,185.2053,28.5533,120.8262,29.1885,21.9093,86.4721,120.3064,22.2397,25.6646,97.5719,14.3928,56.9152,123.2109,141.7579,115.0336,25.7058,95.491,65.1943,89.6125,73.7884,,22.3932
2023-03-28,52.047,44.4944,44.0883,32.3514,188.3966,29.2162,123.3194,29.6295,22.1122,88.7635,124.0831,22.5991,25.9659,99.3995,14.5376,59.3579,125.8721,143.4124,116.9574,25.6524,96.6824,65.5864,90.5775,74.0237,,22.5283
2023-03-29,52.9262,45.612,45.0693,32.3604,192.6928,29.2723,125.672,30.1569,22.232,90.1114,124.9315,22.9585,26.5213,101.4431,14.6995,59.2434,129.1743,144.6443,118.8185,26.0079,98.3431,66.4265,92.2609,74.3864,,22.6924
2023-03-30,53.37,45.6669,45.1063,31.8828,192.4832,29.0015,125.5408,30.0035,22.1675,89.8508,124.9953,23.0264,27.0674,102.2174,14.7422,59.4628,128.6596,146.02,119.2749,26.1323,98.8214,66.8466,91.7984,75.3079,,22.7697
2023-03-31,54.232,46.3632,45.4395,32.4956,194.5599,29.543,126.375,30.598,22.6285,91.0999,127.3489,23.269,27.171,103.1987,14.9211,59.5678,128.5333,146.7124,120.9481,26.5321,98.9749,68.0975,91.7614,76.9548,,23.1654
2023-04-03,55.5294,48.8366,48.4287,35.3252,203.2572,31.84,127.1342,30.4925,23.1634,92.4747,126.3728,25.5708,28.1595,109.3025,15.0489,62.1917,139.382,152.818,129.2338,26.5232,104.8144,70.3938,100.28,75.1118,,22.8758
2023-04-04,55.5123,48.3144,46.6981,34.334,200.7709,31.0277,117.93,31.1446,23.1357,88.3142,116.2469,24.9881,27.5381,107.691,14.8955,61.8577,136.8665,151.9997,126.7463,26.3633,103.8126,69.7124,98.3191,74.5236,,22.5959
2023-04-05,56.3231,49.0381,46.9202,34.2348,200.4279,30.8689,124.3879,31.2597,23.4308,93.8406,123.2347,24.959,27.3404,108.3662,15.0915,61.6097,138.1194,152.755,127.9364,26.6032,105.5906,70.2725,99.6603,74.9942,,23.0882
2023-04-06,56.0671,48.4702,45.9207,34.3069,198.2941,30.5421,120.6107,30.7994,22.9974,92.4118,120.9541,24.7842,26.8414,107.466,15.0915,60.1498,136.8276,150.7498,125.7621,26.3455,103.8397,69.9457,98.2821,75.4451,,23.233
2023-04-10,56.3914,48.9099,46.3094,35.2261,209.7824,30.8969,123.0101,32.0172,23.6521,94.3168,123.2438,25.0172,27.1427,108.3662,15.1256,61.1517,138.2359,151.3253,128.1243,26.5143,103.3794,70.3845,97.9954,75.8079,,23.5708
2023-04-11,56.6987,49.7435,47.3274,35.9741,209.9445,31.4945,123.9006,32.0459,23.9379,95.6647,124.7125,25.3571,27.444,109.5456,15.2449,61.4188,140.6349,152.1615,129.896,26.8076,104.1104,71.2433,98.7353,75.8961,,23.8314
2023-04-12,56.545,49.9634,48.1048,35.7218,214.4311,31.3638,122.0541,31.3076,23.7535,95.2783,121.9849,24.8814,27.5381,110.1128,15.1853,61.8673,141.9655,152.7011,129.7528,26.9497,104.0021,71.0566,99.4568,75.2981,,23.6963
2023-04-13,56.9889,50.5863,48.0215,36.4697,217.1175,31.5692,122.2978,31.5186,23.7351,95.494,121.4467,24.9202,27.7264,109.936,15.1427,61.8005,143.0144,154.7422,130.406,27.1008,104.4895,71.5233,100.8534,75.6216,,23.9665
2023-04-14,57.2108,51.0261,48.5675,36.7491,219.0989,31.4011,122.579,31.7775,23.7535,95.485,120.2882,24.9881,27.444,110.2261,15.1768,61.5238,144.6461,155.0569,131.3008,27.003,104.7422,72.7275,100.354,74.9256,,23.6384
2023-04-17,56.6816,50.6596,48.1788,35.5866,217.4033,31.2237,121.1918,31.4418,23.6797,93.3823,117.0406,24.0849,27.444,109.4738,15.1512,60.0544,141.4604,153.6902,129.386,26.9408,103.5238,71.4113,97.6809,73.5629,,23.4067
2023-04-18,56.9633,50.5863,48.2806,35.5235,217.6509,31.6346,120.9668,31.9405,23.7535,93.7328,115.955,24.0266,27.7735,107.8604,15.083,60.1116,141.6061,153.3305,129.4575,26.7987,105.5455,71.7474,97.0705,73.014,,23.4646
2023-04-19,56.6304,50.2474,48.7063,34.9558,216.5365,31.8493,118.4643,31.8542,23.6982,92.6095,113.4828,23.9491,28.7715,107.6791,14.9978,59.6059,140.7709,153.4744,128.5538,26.7276,105.2116,71.1593,97.3572,73.2786,,23.4164
2023-04-20,56.3743,49.487,48.0955,34.1939,214.6217,31.6252,117.8082,31.3843,23.5691,90.983,112.1601,23.5704,28.329,107.1897,14.7848,59.1861,139.8482,152.728,127.0058,26.5054,104.3722,70.5338,95.9883,74.9648,,22.953
2023-04-21,56.5877,49.1298,46.0873,33.7676,214.1263,31.1864,115.7836,31.2501,23.4769,89.9946,109.1315,23.3953,27.9241,106.3286,14.8018,59.0334,139.7025,152.0716,126.2453,26.5943,104.7061,70.5805,94.5824,75.0432,,22.8758
2023-04-24,57.1766,49.8993,46.476,34.3299,216.4697,32.1855,118.5767,31.3939,23.6982,90.4798,109.469,24.017,28.4231,108.0236,15.0148,59.8826,141.5381,154.1937,128.3927,26.9497,106.6827,71.8687,95.8681,75.7686,,22.8276
2023-04-25,55.9476,48.745,45.3099,32.906,211.8973,31.0463,115.4274,30.4062,23.191,89.2488,107.5077,23.0554,27.5758,105.7485,14.8359,58.5182,137.1093,151.9547,124.6704,26.5943,105.1664,70.4872,94.4252,75.4157,,22.538
2023-04-26,55.2392,47.8197,44.2179,32.0806,211.9353,29.6177,114.8463,30.0706,22.7668,89.2038,106.4039,22.6185,27.0768,104.8331,14.6655,57.4973,138.8381,149.2482,122.523,26.1589,104.2007,69.4323,92.9268,74.3668,,22.1712
2023-04-27,55.7342,47.8656,44.3845,32.3436,202.7237,29.8792,113.8153,32.161,23.2002,87.829,104.5794,22.803,27.1521,104.9962,14.7592,57.8026,137.4104,150.1204,123.5341,26.4877,105.4462,69.8082,93.6298,75.2393,,22.3256
2023-04-28,56.6567,48.9465,45.6709,33.4229,207.239,30.5795,114.3496,33.4076,23.606,88.9612,104.6067,23.4634,27.5287,108.2864,14.8567,58.709,140.8874,151.5861,127.2385,26.8875,106.8091,70.983,95.1651,75.8765,,23.0303
2023-05-01,56.6394,48.7725,45.4858,33.4683,206.7056,30.3927,114.7807,32.861,23.4584,88.422,105.2818,23.3468,27.1898,107.5341,14.8133,58.3655,139.1877,150.3811,126.9969,26.9764,103.4967,70.8608,94.8322,75.5334,,22.6152
2023-05-02,54.344,46.4548,42.7372,31.1645,199.58,27.881,109.635,31.4802,22.4164,85.1242,101.0581,22.0844,25.7493,101.1622,14.4495,57.2873,133.1369,143.9069,120.8408,26.0345,99.372,67.9099,91.2342,75.2785,,22.3063
2023-05-03,54.4133,44.8974,41.895,30.9922,197.9416,27.2181,103.1677,30.2049,22.2228,86.2205,97.6646,21.628,25.8529,100.6274,14.3456,56.2664,131.4179,141.0205,115.2305,25.7324,97.4134,67.0922,88.8757,75.004,,22.2098
2023-05-04,54.2487,44.192,41.7099,29.2598,196.2937,27.0967,98.4718,29.7638,22.2597,82.9496,95.1559,21.4434,25.6269,100.8903,14.4149,56.0088,127.1736,140.472,112.734,25.8568,95.7076,65.175,90.0503,77.0431,,22.3643
2023-05-05,55.8771,46.1341,42.3392,30.1305,202.1616,27.8997,100.1965,31.0199,23.1357,83.965,97.6463,22.2689,26.5684,103.4825,14.7614,57.9075,132.3794,144.0598,118.8275,26.8164,98.0903,67.5527,92.8343,77.9253,,22.6056
2023-05-08,55.0196,46.7204,43.1351,30.0036,202.2854,27.965,101.893,30.9624,22.9236,84.4323,97.9565,22.162,26.4649,103.6548,14.6401,56.2569,132.9427,143.4933,118.6396,26.2655,98.4784,66.9607,93.3246,77.1607,,22.567
2023-05-09,55.3141,45.044,43.6534,30.0761,201.2281,28.1051,103.9831,31.1358,22.9052,84.4502,98.887,22.2397,26.5402,103.12,14.5968,56.2569,132.2434,143.0797,118.9259,26.1678,98.5055,66.8949,93.9073,77.396,,23.7445
2023-05-10,54.7511,44.073,42.441,29.7496,199.1991,27.6009,104.7142,31.0202,22.5548,84.6749,101.2679,22.0164,26.2577,101.6607,14.5448,54.2436,131.3499,141.2543,117.4943,25.9101,97.2419,66.5377,92.9268,77.891,,24.343
2023-05-11,54.4219,43.2943,40.8493,30.0036,197.3796,26.6018,103.1958,30.7312,22.4626,83.9291,100.9486,21.8221,25.7587,100.1833,14.4668,55.2741,128.7178,140.472,114.9461,25.768,95.4819,65.4946,92.3904,77.8389,,23.7831
2023-05-12,55.1928,43.5325,40.7845,29.9129,195.0743,26.7139,102.9896,32.2244,22.8683,83.7673,100.8209,21.7444,26.0412,100.0836,14.5535,55.4268,128.9703,140.8317,115.2523,26.0167,95.4729,65.6825,91.9649,78.5571,,23.6673
2023-05-15,50.195,43.7065,41.275,29.8766,196.9794,27.1714,103.6926,33.8525,23.5691,84.6659,103.0012,22.0164,26.2577,100.9175,14.4668,55.837,130.7671,141.3532,116.1166,25.8568,95.655,66.519,93.2386,78.9703,,23.9376
2023-05-16,49.0083,42.2591,40.0256,28.6884,191.6449,26.0322,100.7388,33.5346,22.8498,82.5722,100.0182,21.4311,25.8341,97.5547,14.1203,55.4745,126.3674,138.0352,112.425,25.457,93.3335,64.3856,91.1747,77.7208,,23.5032
2023-05-17,49.5454,43.7065,41.1824,29.5319,194.2931,27.022,104.4003,33.5346,22.7207,85.1781,102.2623,22.1529,25.8717,100.428,14.2503,56.2187,128.3876,140.0134,114.8741,25.7235,95.4274,65.269,93.6291,79.0883,,23.5032
2023-05-18,50.5675,44.2287,41.5063,29.668,194.3027,27.8903,104.7306,35.4902,23.4677,86.517,101.7605,22.4846,26.5308,101.5338,14.3109,55.5794,129.2811,139.8409,115.9186,25.9545,96.2923,65.457,93.657,80.082,,23.5901
2023-05-19,50.6887,45.0715,41.895,30.3029,199.0372,28.1705,104.0983,34.9025,23.6336,86.2535,101.5051,22.504,26.5213,103.8632,14.3109,56.4191,129.7085,140.9487,117.2512,25.9812,96.7384,65.9927,95.3862,80.9674,,23.6577
2023-05-22,50.3163,45.1814,42.5706,30.3573,201.0376,28.2171,104.4003,34.9796,23.8734,86.8168,103.8436,22.8553,26.7096,102.9206,14.3196,56.3332,129.252,138.4154,119.2591,25.9723,95.564,66.9513,96.4367,82.1775,,23.6577
2023-05-23,50.706,44.989,42.6261,30.7564,203.8763,28.5533,103.7303,34.5365,23.7627,86.8895,103.5766,23.0602,26.7379,102.839,14.3282,56.9439,128.1642,142.4196,119.6913,26.1056,96.8658,66.6881,97.0503,82.6792,,23.7059
2023-05-24,50.706,45.502,42.7835,31.1827,202.2664,28.7774,104.3154,35.2012,23.523,87.7253,105.685,23.4308,27.0392,102.6849,14.2936,56.6672,129.2811,142.801,120.9969,26.0079,97.9492,66.5753,96.6691,81.961,,23.5515
2023-05-25,49.8659,43.8531,41.7932,30.2031,197.7606,28.3105,103.3528,35.153,23.0769,86.4353,104.2027,22.7576,26.3613,100.0654,14.051,56.1137,125.3962,140.3403,117.9535,25.839,96.1921,65.2314,94.5402,81.4101,,23.426
2023-05-26,49.632,44.0363,41.1639,30.3029,198.075,28.1985,102.6828,34.7677,22.5285,86.2263,104.7919,22.6895,26.4371,99.8117,14.0424,56.2378,126.4548,139.9045,117.9445,25.5458,95.564,65.0247,94.6889,82.4923,,23.5997
2023-05-30,49.6926,43.0195,41.0066,29.2417,196.5222,27.7596,101.7202,33.785,21.8872,85.0271,102.8033,22.2796,26.3518,98.6243,13.9904,55.36,124.2113,139.0328,116.5939,25.377,94.7173,64.3668,94.0846,82.3447,,23.5322
2023-05-31,49.0776,42.2316,39.6369,28.8245,193.1138,26.7512,99.0024,33.496,21.6084,83.2282,98.5497,21.6164,25.8305,97.2466,13.9557,55.0165,123.0264,136.7628,114.4869,25.4658,93.024,63.9533,92.3182,82.6595,,23.1364
2023-06-01,49.2942,42.8546,41.6267,29.0603,194.4307,28.0117,99.9084,33.8139,21.3482,84.5365,97.5278,21.9188,27.1196,98.0261,14.0857,55.4554,125.3379,138.1611,115.3423,25.8657,94.0982,64.6582,92.532,87.4409,,23.7831
2023-06-02,50.8793,44.4577,43.2832,30.5478,199.1463,29.543,102.7772,35.2108,22.2125,88.1523,100.6028,22.6895,28.0391,101.4432,14.5101,56.9534,129.825,141.8839,118.2686,26.8609,96.2832,67.1862,95.1538,86.1226,,23.8604
2023-06-05,50.862,44.3111,42.7742,29.9945,196.4157,29.0948,102.5696,34.7195,22.0545,87.2347,98.872,22.3772,28.1244,101.1984,14.5188,56.6767,127.9117,141.2029,117.3412,26.7809,95.8553,66.6317,94.8934,86.093,,24.0341
2023-06-06,51.373,44.8425,43.6861,30.2394,196.9968,29.3107,102.8904,35.9911,22.4635,87.9615,100.6028,22.6113,28.9965,102.2498,14.5968,56.7149,128.4459,141.4572,117.9175,26.9675,96.6382,66.7821,94.7726,88.1,,23.87
2023-06-07,52.3431,45.8502,44.784,31.2008,200.2501,30.5496,107.6938,37.388,23.0862,91.8045,104.5157,23.7136,29.0439,105.3678,14.926,57.2873,133.1369,145.1255,120.8168,27.9005,98.805,68.3986,97.4408,89.3396,,24.2851
2023-06-08,52.5856,45.8227,44.1513,30.838,200.4632,30.1742,106.099,37.5421,22.8166,90.0693,103.5214,23.3626,28.7121,105.2772,15.0039,57.1438,133.0787,144.5897,120.0604,28.167,98.4954,67.9193,97.1898,90.8055,,23.9569
2023-06-09,51.8321,45.6853,44.2258,30.3029,198.3039,30.3525,106.6463,37.1375,22.8352,89.724,104.3961,22.9722,28.4467,105.3678,14.7527,56.7706,132.4668,144.2447,119.106,27.3919,97.7671,66.5471,96.5855,91.7794,,23.9569
2023-06-12,51.7974,45.2547,43.7512,29.9854,195.2538,29.78,106.0423,36.9063,22.7423,87.9252,104.1106,22.6797,28.2381,103.2559,14.6314,56.6461,130.8837,142.8555,116.819,27.5451,96.884,65.9175,95.5907,92.232,,23.8411
2023-06-13,52.2132,46.1616,44.6259,30.575,195.5152,30.6904,106.165,37.5132,23.0025,88.0161,104.1106,22.7675,28.5984,102.1683,14.7527,56.2442,132.6319,143.9269,117.1071,27.473,96.9022,66.6505,96.1392,92.7239,,24.0341
2023-06-14,52.3431,45.0212,43.9838,30.5205,194.8955,30.0803,105.3534,37.0412,22.5471,86.944,102.9598,22.2506,28.3803,100.3102,14.6401,55.9571,130.5955,142.6376,114.1538,27.2206,95.7369,66.6975,95.4513,91.6909,,23.9472
2023-06-15,52.9321,45.619,44.57,31.4457,196.8417,30.6998,107.4201,37.5229,23.3092,88.1432,104.9853,22.7187,28.6647,101.2438,14.7354,55.9092,132.3298,143.7181,114.0457,27.5541,96.4015,67.5809,96.8272,91.9467,,24.4491
2023-06-16,52.7935,45.8029,44.4584,31.1827,200.2404,30.5777,106.9105,38.1876,23.43,88.2432,105.151,22.9234,28.9775,102.7937,14.7614,55.6508,132.0863,142.7919,115.9186,27.5181,95.7096,67.4681,97.5431,91.3859,,24.1885
2023-06-20,51.3817,44.3957,43.9745,30.3845,195.4377,29.5453,104.6929,37.8601,22.7144,84.9271,102.1588,22.2602,28.2476,100.002,14.4322,54.7704,128.9683,139.5413,114.3248,27.6172,93.5156,66.6693,94.8563,90.5005,,24.2956
2023-06-21,51.1738,45.012,44.4398,31.0285,196.8224,29.9583,105.6932,38.3225,22.6958,84.7454,102.7664,22.4748,28.9017,100.4915,14.4149,55.0001,129.6698,140.6309,114.9551,27.7795,94.5625,67.6185,96.4088,89.0346,,24.4707
2023-06-22,50.4029,43.8623,43.5837,30.1215,193.8402,29.3483,105.1458,38.0142,22.2311,82.5014,101.634,21.7043,28.5794,98.1167,14.2849,54.0909,130.2252,138.597,113.3164,27.5541,94.0436,66.8949,94.2984,87.8049,,24.6166
2023-06-23,49.9698,43.3656,43.3511,29.5501,192.3586,28.9916,105.3534,37.7445,22.0452,82.5468,102.4718,21.4115,28.2192,96.8206,14.1376,53.6602,128.2375,137.4256,112.9112,27.5722,93.2242,65.7107,93.3966,88.8969,,24.4221
2023-06-26,50.758,43.9083,44.0676,29.9582,194.9923,29.7237,106.6746,38.7367,22.2683,83.1465,104.0278,21.6164,28.9396,99.7029,14.3282,54.7895,131.5309,139.8409,114.5499,28.0048,94.9449,67.2238,94.7528,89.1625,,24.9085
2023-06-27,51.5376,43.522,44.7934,29.7133,193.4044,30.4276,107.5617,38.862,22.5564,84.1004,106.2006,21.5675,29.3567,98.7784,14.5535,54.6747,129.4652,139.4051,114.64,28.2752,95.1816,68.314,94.2664,89.379,,25.0934
2023-06-28,52.4211,43.8623,45.2121,30.1124,196.987,30.559,108.6186,38.2936,22.7423,84.8544,106.5136,21.7919,29.5083,100.7815,14.7354,54.9905,130.1278,140.6672,115.8015,28.8611,95.9554,69.6485,95.8751,89.0838,,25.035
2023-06-29,53.2613,44.5153,45.1004,30.7654,199.5336,31.1503,109.7888,39.5363,23.3557,85.8811,107.3606,22.3676,29.7264,102.4221,14.9,56.0049,130.4298,141.8658,117.0621,29.3208,97.1389,70.6823,96.3895,89.3986,,25.3367
2023-06-30,53.4605,44.4601,45.7052,30.9922,200.6084,30.9625,110.0341,39.623,23.5137,86.6533,107.9959,22.4553,29.9633,103.7273,14.9173,56.2729,132.4663,142.8736,118.2776,29.4109,97.6397,71.5187,96.9039,90.0676,,25.541
2023-07-03,54.0495,44.9108,46.0309,30.8924,201.1506,31.5632,110.9212,39.1895,23.3929,86.9077,108.1156,22.4359,29.9539,103.9629,14.9433,56.6653,133.8888,142.7465,118.8089,29.492,97.8308,72.3739,97.4838,90.1168,,25.3853
2023-07-05,53.3479,44.6073,45.8727,31.1554,200.9473,31.1596,109.6661,38.9198,23.4114,87.3347,107.4895,22.3382,29.897,103.5913,14.796,56.359,130.995,141.9293,117.5933,29.2577,97.3301,71.8476,97.2874,90.6481,,26.1151
2023-07-06,52.7849,43.7335,45.7052,30.5205,196.5513,30.9813,106.9577,37.8408,23.0676,86.6715,104.4605,21.9872,29.9539,101.7423,14.6054,55.134,126.7564,138.8149,114.5049,29.1765,93.6977,71.4341,93.8456,89.5265,,26.2221
2023-07-07,53.8503,44.9292,49.6412,31.6634,199.8531,33.3934,111.3742,38.255,23.4579,90.3418,105.7679,22.943,31.3852,105.3225,14.6574,56.0911,130.9657,140.0316,119.2141,29.501,93.9161,72.6464,96.5485,89.8512,,25.9788
2023-07-10,54.0495,45.2419,49.8924,31.8176,199.8531,33.7876,111.2043,38.8138,23.7182,91.1504,103.6779,23.2163,31.4989,104.9328,14.6834,56.1772,132.5052,140.9668,120.7357,29.6633,95.309,72.3833,97.596,92.0844,,25.7453
2023-07-11,54.8637,46.5019,52.1535,33.813,206.6505,35.2142,113.2521,39.0739,24.5267,92.2315,106.753,23.7332,32.2573,108.4042,14.9433,57.9477,135.6232,143.5728,123.482,30.2401,96.4744,73.7742,100.486,92.8321,,25.8037
2023-07-12,55.7559,46.9894,52.7397,34.0216,209.0712,35.5896,113.2049,38.3225,24.6104,92.6313,105.9152,24.1819,32.6459,110.3167,15.1945,58.6846,137.2407,144.9529,125.616,30.7449,96.9478,74.2629,102.235,94.5046,,26.0372
2023-07-13,56.5787,47.0078,53.4282,35.0102,208.374,35.43,113.1672,37.966,24.5825,93.1945,106.3479,24.5136,32.8734,111.0962,15.2465,58.7994,136.1494,143.0189,125.5259,30.8801,95.1725,74.7892,103.3947,93.7274,,25.9886
2023-07-14,55.2015,44.9752,53.1584,33.2325,202.2931,34.6229,111.7422,36.81,23.6717,91.2685,104.4789,23.4893,32.5606,108.5319,14.9086,56.828,131.7939,139.4505,122.1494,30.0869,91.8951,73.3325,100.1587,93.4618,,25.6286
2023-07-17,54.9243,44.9936,52.5815,32.9513,200.4341,35.064,111.478,37.0508,23.7182,89.9784,104.6907,23.3721,32.845,108.3038,14.8393,56.7418,131.0534,139.3234,121.9783,29.7534,92.2956,73.0224,99.5508,94.6227,,25.4242
2023-07-18,55.7126,46.4559,53.0188,34.3572,204.4331,35.7679,112.7048,38.1876,24.5918,91.9045,106.265,24.1916,33.2147,112.0362,14.9693,57.4979,133.1483,139.6048,124.9857,30.0508,91.8769,73.746,101.7112,93.8258,,26.0567
2023-07-19,56.1023,46.5571,53.3724,34.4932,203.4455,34.7355,115.2339,38.4092,24.629,93.0855,108.6588,24.2599,33.3663,111.735,14.9779,57.5745,133.7427,140.4584,125.0667,30.0328,92.5141,73.9998,102.394,93.1961,,26.5918
2023-07-20,57.1071,47.2745,53.2793,34.6667,206.3794,34.2099,117.2534,39.3244,24.9821,94.53,111.1539,24.6111,32.8545,112.6932,15.2811,57.8616,136.7438,142.011,126.0752,30.2852,94.1437,74.7986,104.461,95.3212,,26.6307
2023-07-21,57.5922,48.0655,52.1162,35.2784,209.0033,34.6698,118.735,38.4381,24.8241,96.0563,113.2346,24.6697,33.5843,113.7153,15.4197,58.1295,138.5561,144.0903,127.1737,30.5105,94.5807,75.8042,105.5833,95.0359,,27.594
2023-07-24,58.2505,48.8289,53.056,35.8627,211.1142,35.9087,121.1602,38.2454,24.9728,97.0739,115.7388,25.011,33.973,115.1206,15.6883,59.6416,141.9274,146.9324,130.064,30.6097,96.0647,76.4808,107.2948,94.9867,,27.5356
2023-07-25,58.5016,49.114,53.8562,36.1275,212.5667,36.0588,121.3678,38.1876,25.2331,97.8552,114.6617,25.3426,33.8782,117.2652,15.645,60.6848,143.5644,147.6043,131.4956,30.6277,96.2103,76.7534,108.6603,95.941,,27.341
2023-07-26,58.5536,48.8841,53.6608,36.5109,213.5543,35.8617,123.0099,39.9987,25.2331,99.5632,116.1716,25.4694,33.6791,118.0135,15.5497,60.1488,143.8372,146.4965,130.5502,30.7088,95.6732,76.4808,109.2683,95.7639,,27.6426
2023-07-27,57.9819,48.0287,53.056,36.0453,213.6512,35.599,122.2832,39.9024,25.0658,98.9272,115.5179,25.2257,32.8545,117.5025,15.4197,59.1918,144.1295,144.9711,129.9739,30.6908,95.9736,75.7102,108.2862,93.875,,27.341
2023-07-28,58.2245,48.7461,53.177,36.657,216.3138,35.8148,124.4065,40.7309,25.4747,100.2536,118.8323,25.4598,33.5749,119.2728,15.4637,59.4119,145.2013,144.2538,131.1355,30.6998,94.8265,76.2492,108.4265,94.1898,,26.9713
2023-07-31,58.9099,49.6658,54.2843,36.9674,218.5119,36.6783,125.5295,40.6345,25.5955,101.3438,118.685,25.6255,33.9256,120.9428,15.587,60.4168,147.8419,148.6031,132.6481,31.0513,97.6306,77.5353,110.1007,95.085,,27.3021
2023-08-01,58.5232,49.3715,53.605,36.7392,217.5533,36.8566,127.3414,40.1432,25.6513,101.8526,118.5561,25.5379,33.9066,120.231,15.4549,59.9479,147.7152,147.3682,133.1524,30.7359,97.0661,77.176,109.7827,94.7407,,27.1367
2023-08-02,57.5742,45.7477,53.4747,35.6162,220.7099,36.6314,128.219,39.3629,25.1215,99.0181,117.2198,25.0793,33.7076,118.6705,15.2789,58.8282,145.6301,145.0347,132.1709,30.3573,95.8553,76.7599,108.1085,94.0029,,27.234
2023-08-03,57.9608,46.7503,53.9493,38.0356,222.6852,37.2508,128.5493,40.201,25.7442,100.3081,116.5609,25.1476,33.7929,120.1763,15.3669,59.5364,148.0465,144.9802,133.6296,31.0423,97.5213,77.3651,107.5474,99.5023,,27.1853
2023-08-04,57.337,46.7227,53.6608,38.2274,226.6358,37.1194,130.1819,40.2685,25.6234,100.3717,117.758,25.5379,33.6697,118.4515,15.2789,60.7901,149.0209,144.6533,133.7737,30.9702,97.7944,77.9892,106.3502,102.257,,27.7691
2023-08-07,57.293,46.7319,53.94,38.5013,224.9509,37.1569,132.1165,40.6056,25.8372,101.2439,119.9853,25.3818,33.927,116.4712,15.2965,61.1537,147.9491,145.1799,133.7917,31.0694,97.5941,77.6299,107.0704,102.0701,,27.9248
2023-08-08,56.3704,46.6951,54.4424,39.5604,225.987,37.3353,133.7962,41.4854,25.6513,102.3704,121.8878,25.1867,33.9842,117.1739,15.3845,61.0102,149.4788,144.962,134.3409,31.3939,98.0766,78.3297,108.1085,103.1129,,28.0416
2023-08-09,56.5461,47.0814,55.3729,40.3729,229.0856,37.9735,135.9384,42.5876,26.2926,103.9512,124.3099,25.6255,34.4227,119.3732,15.4461,61.0676,152.3922,145.1527,136.2153,31.7814,99.7427,79.7009,108.9035,103.4081,,29.4913
2023-08-10,57.2491,46.6859,54.8239,40.309,228.4271,37.8796,137.0991,41.3694,25.8558,104.1784,125.1544,25.5964,33.6792,119.5922,15.4373,60.991,152.5579,146.0335,135.5543,31.6012,100.2525,79.6347,108.333,104.0082,,29.8611
2023-08-11,58.2069,46.364,55.5032,40.9755,229.2501,38.1987,141.3174,41.6208,26.0695,105.9681,129.0522,26.1816,33.8222,120.7603,15.6486,63.0103,153.6394,149.048,135.5181,31.8896,101.8093,80.325,110.1848,105.115,,29.3259
2023-08-14,57.9521,46.2536,55.3822,40.7747,229.4825,37.8327,140.1756,41.4758,25.9952,104.1784,126.6764,25.8012,33.6792,119.9846,15.5518,62.3117,153.1425,148.9391,134.8661,31.5741,101.8912,79.9941,110.0726,105.549,,29.5011
2023-08-15,57.4951,45.2419,54.275,40.0443,226.3066,37.0631,135.2719,40.799,25.6978,103.0518,121.7022,25.3214,33.4695,117.8492,15.2789,60.8188,151.5835,144.5897,133.4807,31.3308,99.2753,79.5023,108.5039,104.7993,,29.4232
2023-08-16,57.3282,44.6257,53.7539,39.8434,226.7229,36.8754,134.1148,40.5863,25.8007,102.9065,121.5166,25.0276,33.336,117.3564,15.1469,59.8617,148.8358,144.0359,133.037,31.0694,97.6048,78.6796,107.6867,103.6748,,29.2578
2023-08-17,57.416,45.1223,53.8655,40.2177,229.0953,36.8566,135.1486,41.4854,26.1471,104.1628,122.5188,25.4585,33.2407,118.3876,15.2613,60.4455,150.3363,146.4469,133.5712,31.1956,99.4956,79.2375,109.6499,103.3986,,28.9075
2023-08-18,57.6445,45.9777,53.9958,40.3729,230.3152,36.9786,137.1689,42.0268,26.0067,104.7588,123.9666,25.8404,33.6125,119.209,15.3405,61.3164,151.5738,147.5011,134.0511,31.3398,101.0009,80.1454,110.1759,103.3492,,29.0535
2023-08-21,57.3457,46.1432,53.4468,40.0808,229.7633,36.6032,135.4901,43.0903,26.3999,103.9243,121.7207,25.8893,33.4123,118.9717,15.2789,60.991,149.7322,147.0061,134.4224,31.3939,99.7801,79.9373,110.1008,104.6711,,29.1897
2023-08-22,56.9942,45.7477,52.4884,38.903,227.6525,36.209,135.5849,41.9592,26.119,103.5667,121.4702,25.5661,33.5362,117.9405,15.1821,60.2063,148.1245,145.796,134.2866,31.2136,99.2202,79.1524,109.1051,104.819,,28.8589
2023-08-23,56.8537,45.3799,53.8655,38.8391,226.6455,36.3404,135.8695,40.3639,25.8663,102.9431,120.0595,25.1941,33.8031,117.6211,15.1909,59.1631,146.9552,145.9885,134.2141,31.2767,98.3483,79.0862,108.7857,106.9695,,29.5108
2023-08-24,56.5725,44.92,52.842,38.5561,225.3964,35.8899,136.2014,40.3156,26.0254,103.0624,120.1431,24.9885,33.5839,114.6917,15.1645,58.7133,146.1757,144.7876,134.9295,31.1144,97.614,79.5212,107.837,105.4701,,29.1994
2023-08-25,57.0733,46.3824,52.535,39.0126,226.3646,35.8054,136.5619,40.6443,25.9692,104.4379,123.5397,25.0864,33.7364,115.9693,15.2613,59.1823,146.7409,145.8693,135.4185,31.2496,99.3579,79.89,109.4526,104.4343,,29.3065
2023-08-28,57.4512,46.5111,53.8097,39.1678,228.9209,36.331,135.6608,40.944,26.1097,103.7409,122.1291,25.3802,34.3179,116.2796,15.2789,59.5651,149.4594,146.8686,136.4417,31.4299,100.1932,80.656,110.392,103.9411,,29.1605
2023-08-29,57.337,46.6583,54.1726,39.7795,230.2184,36.3686,135.8885,41.3211,26.2595,103.3375,121.9342,25.5955,34.4132,116.672,15.3581,59.7182,150.7163,146.6394,136.9035,31.4389,100.7898,81.0438,110.5235,104.1088,,29.5984
2023-08-30,57.4951,46.5939,54.8984,39.9164,230.5187,36.5187,135.7651,41.5628,26.3437,104.2178,121.9899,25.8306,34.3655,116.599,15.3493,59.9383,150.7358,146.841,137.0122,31.5471,101.7719,81.5166,111.5004,104.3061,,30.4838
2023-08-31,57.293,46.9894,54.8612,40.026,230.383,36.2465,135.4142,41.7851,26.3905,104.6855,120.5514,25.8011,34.499,117.3747,15.1557,60.0914,150.5409,147.6844,137.4377,31.1235,102.0564,81.5639,111.8104,102.7475,,30.5713
2023-09-01,57.6006,48.6725,55.9405,41.1581,233.9947,37.3634,138.4399,42.7519,26.6433,107.4456,123.9666,26.5454,35.09,119.5284,15.0853,61.7949,153.1717,150.618,140.0456,31.2677,104.195,82.7743,114.7318,105.8351,,30.9314
2023-09-05,57.6972,49.206,56.2582,41.3772,237.1268,38.3529,139.4452,41.7755,26.3531,107.0513,123.5397,26.5942,35.3379,121.7276,15.0237,63.3357,153.7856,152.5981,139.62,31.0423,104.2042,82.1313,115.3799,104.6119,,31.6222
2023-09-06,55.931,49.1968,56.9963,40.7655,235.507,38.5225,140.2704,40.9247,26.2782,106.9596,124.3842,26.5258,35.4809,121.4813,14.6364,62.7519,153.7661,152.7539,141.3495,30.5015,105.1037,80.4102,115.6054,105.1939,,31.9238
2023-09-07,56.5109,48.2862,56.8375,40.5099,233.1459,38.7109,143.1159,40.3736,26.1752,108.8945,126.4444,26.1439,35.4618,120.0485,14.6012,61.965,154.2728,152.7631,140.2358,30.817,104.5897,80.8641,114.3278,107.0681,,32.4687
2023-09-08,56.9152,48.4334,56.2208,40.4095,233.019,38.8994,147.3081,41.0697,26.3999,112.0857,131.8363,26.7412,35.2235,121.1254,14.786,62.6464,156.4067,153.2856,141.2861,30.8901,106.1133,80.6939,115.2766,107.1668,,33.14
2023-09-11,56.7043,46.7043,56.7814,39.1586,227.9648,38.9371,146.132,40.8087,25.9786,112.1866,133.3954,25.6152,35.0233,118.7892,14.6716,61.2645,153.9025,150.1229,138.144,30.7713,104.7824,79.2754,113.1349,108.4886,,32.78
2023-09-12,58.2772,47.2653,58.0242,40.3547,230.4529,39.9171,147.8013,42.3169,26.6526,113.9656,135.734,26.565,35.3665,122.3664,15.0765,63.75,157.1179,152.9189,141.5397,31.2006,107.8389,80.5615,115.6148,107.0287,,32.7898
2023-09-13,58.8747,46.5847,56.6413,38.4374,230.1016,39.4837,147.4694,41.5241,26.5029,112.9477,135.0101,26.0166,34.5467,121.2896,15.1029,63.6444,156.3384,152.3597,141.0688,31.2919,106.8751,80.1643,114.8915,107.7882,,32.2838
2023-09-14,60.2192,47.0279,57.557,39.2408,231.5847,39.7758,148.1428,41.176,26.7275,112.7643,135.4463,26.7607,34.9661,122.8866,15.2349,64.5849,160.6549,153.304,142.9975,31.7121,108.7843,81.0816,116.9486,110.935,,32.1476
2023-09-15,59.3492,45.8737,56.6039,38.766,228.3161,39.6815,145.8854,40.1512,26.1378,110.9853,133.3397,26.3201,34.4704,120.6234,15.0237,63.4813,156.6591,152.6348,141.0326,31.365,107.1138,80.0603,116.075,108.4393,,32.0211
2023-09-18,59.9204,45.7075,57.1926,38.9943,229.565,40.181,148.2851,39.8225,26.119,112.2874,135.7526,26.3397,34.7564,120.3497,14.9797,63.6444,158.8573,153.2948,141.4944,31.4472,107.9766,81.0059,116.9298,109.2383,,32.5854
2023-09-19,59.5601,45.2366,56.4638,38.5013,228.2478,39.0408,144.3109,39.6292,25.782,110.2425,132.3931,26.1928,34.4895,117.7215,14.9005,63.155,155.3792,153.2765,140.7066,31.3193,107.692,80.5236,115.6899,109.041,,32.4582
2023-09-20,58.8835,44.2116,55.8658,37.6887,223.2131,38.9088,144.8041,38.672,25.2016,110.105,132.6808,25.6053,34.1272,114.5275,14.8389,61.6579,152.6828,152.8089,138.4429,31.3193,106.8384,80.7884,113.8206,108.6366,,31.6651
2023-09-21,57.9872,42.8542,54.9594,36.6479,217.554,38.4094,146.7959,37.4539,24.4339,109.9858,135.7711,25.3312,33.4218,111.8719,14.5748,60.0361,147.4559,151.4338,137.0574,30.5521,105.3332,78.5566,111.848,108.4491,,32.7519
2023-09-22,58.163,43.0204,55.165,36.7209,217.6515,38.2869,145.5534,37.1735,24.3871,108.7386,134.8153,25.6152,33.7459,111.8993,14.61,60.3528,146.6645,152.4331,136.3421,30.7074,105.4984,79.8522,111.9325,108.8634,,32.5267
2023-09-25,58.4705,43.87,55.9125,37.4513,220.0615,38.6167,146.2553,37.6279,24.8739,110.2792,135.9939,26.0557,34.2226,114.6644,14.742,60.6119,148.4426,154.6607,138.2165,31.0179,106.6824,80.6844,113.7267,110.6883,,32.9575
2023-09-26,56.6603,43.3529,55.2491,37.4787,222.335,38.4377,143.2392,37.6666,24.6586,109.5089,131.3908,25.7425,34.0414,115.7868,14.4956,60.6023,148.5403,153.8265,138.5968,30.6709,106.8476,79.7671,112.8531,107.0188,,32.3015
2023-09-27,56.6867,45.0981,56.8095,38.693,228.4039,39.6062,144.5765,38.295,25.4075,110.7744,133.5903,26.8196,34.5562,118.4607,14.6628,62.9535,154.4022,156.7967,142.3727,31.1458,110.3263,81.8854,116.2045,109.2481,,32.6246
2023-09-28,57.0206,45.0704,56.9403,38.5561,228.5015,39.38,146.4735,39.0974,25.7727,113.1403,136.5878,26.8392,34.8803,118.1504,14.6716,63.2222,153.0345,156.3842,142.2913,31.4289,109.6563,82.6892,115.8552,107.8375,,32.7323
2023-09-29,55.7377,44.0454,54.4736,37.5244,223.9742,38.1644,143.5427,39.2328,25.3233,110.1783,131.5115,26.1928,33.6697,115.6773,14.5924,62.2625,149.4783,154.5782,140.2448,30.7713,107.9215,81.0627,113.0985,107.6008,,32.4875
2023-10-02,54.3493,42.1525,54.1372,36.091,219.0078,37.4765,142.2907,37.7922,24.6399,109.1421,128.152,25.0569,32.9452,112.8483,14.2228,59.7866,145.6876,152.6714,136.007,30.0772,106.1317,78.8971,110.5496,103.3098,,31.8511
2023-10-03,54.4635,42.2448,54.7632,36.2096,218.2077,37.7498,139.6824,38.3046,24.6586,106.0335,123.9666,25.1451,32.9166,113.3776,14.17,59.9402,146.0588,153.0289,136.6318,30.1137,106.3153,77.611,111.0216,103.4676,,31.3322
2023-10-04,53.9099,40.0287,52.1657,34.7032,210.0898,36.063,134.5796,38.3337,24.1812,101.32,119.4099,23.8918,31.5915,108.9243,14.1084,57.6178,139.9624,149.4629,131.7602,30.0772,102.3409,74.9253,106.9905,104.7204,,30.7349
2023-10-05,54.8677,39.567,51.7639,34.4476,209.7386,35.8651,134.9495,39.7258,24.4433,100.3939,118.3056,23.7351,31.7917,108.103,14.2228,57.0228,138.6728,150.2513,131.4071,30.4699,100.0371,75.7953,107.0754,106.4171,,31.1657
2023-10-06,55.7992,40.3519,52.0442,34.3197,231.6627,36.4588,135.8031,41.3694,25.0893,100.1279,117.4239,24.0777,32.1539,110.1289,14.3108,58.9229,142.2974,148.7203,136.9397,30.7622,98.3666,76.8734,108.8786,108.676,,30.8818
2023-10-09,57.9521,42.568,54.4175,35.7623,229.8967,38.9277,139.0184,42.8776,26.3531,101.9803,117.8137,25.6739,33.174,116.1153,14.7508,61.5908,149.8495,152.8364,141.6846,31.3833,101.8086,78.6228,115.0055,109.8696,,31.1853
2023-10-10,58.7517,42.5403,54.7726,35.5066,231.6432,38.7769,141.2379,42.6262,26.2969,103.0624,120.8391,25.6838,33.2693,115.6317,14.8037,61.3988,150.1133,152.6714,141.6031,31.4381,101.3772,78.6796,113.6555,111.4676,,31.4301
2023-10-11,59.2789,43.1682,54.9034,35.5432,234.9704,39.2387,140.868,42.1042,26.4467,102.8239,120.273,25.9381,33.2693,116.234,14.8301,60.7942,151.4127,147.6844,143.8397,31.6847,97.7425,80.8546,113.3251,113.5096,,32.0861
2023-10-12,59.8413,43.1128,54.539,35.8079,234.5216,39.3235,139.9859,41.9688,26.7463,101.5585,117.1455,26.2418,33.1454,117.685,14.8829,60.6695,152.7511,147.8036,147.018,31.7852,97.7241,80.8735,114.3352,114.1507,,31.1363
2023-10-13,60.7376,44.6825,55.0902,37.6613,242.259,39.9831,140.5644,41.9302,27.2331,101.4209,116.9785,27.4853,33.2216,122.1383,15.0589,61.7731,157.2746,150.3979,150.8302,32.1414,100.8448,82.4812,117.8755,112.1483,,30.9797
2023-10-16,61.5724,45.6152,55.5481,38.5195,242.7176,39.9171,142.9831,42.0558,27.3454,102.503,119.9018,27.8574,33.5267,123.0749,15.2085,62.7328,157.6947,151.6264,151.5908,32.6346,100.9183,83.1526,118.3003,115.2457,,31.6161
2023-10-17,61.0803,46.1046,56.2862,38.7387,245.7228,40.5579,143.5427,42.7906,27.5233,104.4562,121.3124,28.0336,33.9461,123.3229,15.2525,62.8863,160.2446,153.634,152.5506,32.7899,102.24,83.0769,118.4419,115.5614,,31.8903
2023-10-18,60.3158,46.2431,56.6133,39.2499,249.0304,40.6427,146.0561,42.2299,27.8135,106.602,124.3842,28.2491,34.051,124.6635,15.0853,63.8172,161.1727,154.8532,153.8636,32.5615,103.6718,82.7554,119.5087,114.496,,31.7434
2023-10-19,60.8167,45.4767,56.034,39.533,249.128,40.7652,144.9654,41.6594,27.7105,105.63,122.89,28.582,33.9175,125.0951,14.9709,63.7788,162.2572,155.0182,152.9581,32.4885,103.7361,82.9445,119.3105,112.7401,,31.4399
2023-10-20,59.3844,44.6179,54.3895,38.7157,244.8349,39.6815,143.0874,40.944,27.0833,104.1169,121.7393,27.8966,33.2121,122.3403,14.9533,62.5504,159.2676,152.9373,150.7487,31.8948,101.9554,81.98,117.1202,110.5798,,31.2636
2023-10-23,58.6463,44.0546,54.9781,37.8249,241.254,39.2481,141.75,40.8667,26.5871,103.6676,121.3217,27.5832,33.05,120.8803,14.9445,60.2856,157.5872,147.2994,149.6983,31.8217,100.4593,81.7057,114.5524,110.5897,,31.2244
2023-10-24,58.5232,43.833,53.2589,37.6504,239.0001,37.91,140.9723,41.118,26.5497,102.6405,119.5306,27.5735,32.8689,119.3192,14.8301,60.0073,151.6472,143.605,147.833,31.4746,99.4864,80.8452,113.2401,112.7204,,32.0175
2023-10-25,58.2333,44.1839,52.9038,37.6688,239.205,38.0513,139.7582,40.625,26.428,101.5493,117.7302,27.5343,32.4304,119.1264,14.7772,60.7175,150.846,142.89,149.1188,31.4746,99.67,80.7128,113.6744,110.5108,,32.0959
2023-10-26,58.2772,43.556,52.203,37.1178,237.156,37.175,140.4317,41.3887,26.1378,100.9624,116.3381,27.1231,33.3837,117.4827,14.698,60.7175,149.6541,141.8632,146.4385,31.5842,98.7613,81.0532,111.6919,111.1914,,32.2134
2023-10-27,57.5039,43.1867,52.1657,36.8515,232.9897,37.3163,138.4778,40.5573,25.9318,101.7235,114.6677,26.9076,33.1835,115.6921,14.4076,59.7194,139.9918,132.3293,144.9263,31.1001,96.8797,79.8049,111.2104,109.2777,,31.3517
2023-10-30,57.6533,42.6326,52.6983,36.4383,233.1068,37.1467,139.2935,39.8129,25.5854,103.1082,115.2987,26.5942,33.3265,115.1962,14.4434,59.182,141.8285,133.9244,143.4594,31.2645,97.1826,79.529,111.5314,111.4972,,31.9
2023-10-31,58.1438,43.002,52.0068,36.475,233.1946,37.0713,143.4573,40.973,25.7446,104.6029,117.8601,26.7412,32.8117,115.9308,14.5061,59.3164,141.0762,133.5944,145.1708,31.4198,97.1551,79.5386,112.1545,111.3887,,32.0371
2023-11-01,57.5552,42.6696,52.1937,36.374,232.092,37.1467,147.2133,41.3017,25.7914,106.4553,118.5376,26.5454,33.2121,114.0668,14.6404,58.8845,138.9757,131.9901,144.3468,31.7121,96.9623,80.0523,110.1436,113.2925,,33.2219
2023-11-02,59.4368,43.6484,53.5953,36.4475,239.8685,38.2492,147.7444,42.8776,26.2782,108.3168,119.6791,27.4364,33.8508,118.1347,15.1329,60.7175,144.3589,136.372,147.8148,32.6894,100.1473,85.8552,115.1943,115.6008,,33.9366
2023-11-03,59.6063,43.713,53.1374,36.6954,237.7707,37.9665,143.0115,43.2353,26.2501,107.0972,117.3311,26.8881,33.7357,117.6847,15.106,60.468,142.8934,135.3178,146.7826,32.9543,98.9265,83.8289,113.0513,115.4824,,34.2597
2023-11-06,59.1069,43.1405,52.773,36.0893,233.263,37.2409,142.1958,41.0987,25.6884,107.1522,116.765,26.0557,33.4961,116.0869,14.9269,59.2588,142.3854,134.7586,145.0078,32.6529,97.1734,83.2772,111.8429,123.0386,,34.5927
2023-11-07,57.6979,41.8201,49.8298,34.969,229.2625,35.7615,138.6296,39.5533,25.6978,104.4104,114.1944,24.9983,32.4607,112.6159,14.8195,57.7713,139.6596,132.3843,143.7853,32.2418,95.6498,81.3556,108.8031,118.2445,,34.0248
2023-11-08,56.7437,40.7951,49.456,33.7109,226.0622,35.6107,136.1066,38.7091,25.1641,102.5305,112.8302,24.3325,32.3457,111.3028,14.6315,58.683,137.5298,130.5417,141.2318,32.0774,94.4749,79.3198,108.0478,119.5367,,33.9464
2023-11-09,56.922,40.7582,49.2785,33.3895,226.2183,35.6201,134.4942,38.2433,25.0893,101.4484,111.2896,24.2834,32.5182,111.3854,14.515,58.136,136.9729,130.12,140.8787,31.8217,94.5025,79.6147,107.7646,118.9942,,33.8387
2023-11-10,57.3947,42.1248,49.8017,33.9038,227.8867,36.0818,137.6526,37.9716,25.2484,104.0252,113.8417,24.5675,32.9209,112.671,14.721,58.5199,138.3309,131.0459,142.8074,31.8582,95.2276,80.4423,109.1429,120.1187,,33.7604
2023-11-13,57.6622,41.9401,50.4558,33.6558,230.2577,36.4305,139.1986,38.6218,25.2671,104.6763,115.3266,24.5576,33.0455,113.0016,14.7926,59.1244,139.3958,132.0084,143.233,31.9039,96.228,80.7753,109.456,120.0694,,33.6821
2023-11-14,58.6164,42.2356,50.7828,34.5007,231.1554,36.9205,142.9072,38.7188,25.4731,105.4741,117.0063,25.1773,33.266,114.8932,15.0434,59.2396,140.4509,132.971,144.1204,32.2327,96.5985,82.2212,109.6268,124.8043,,34.4849
2023-11-15,58.9642,42.0324,50.1568,34.2619,229.4869,36.2232,143.3745,40.1065,25.6051,105.9051,117.5817,24.9904,33.2276,113.0108,15.1508,58.827,140.8515,133.4385,144.1204,32.3149,96.015,82.069,109.1429,120.3357,,33.9758
2023-11-16,58.4291,40.8967,48.6898,32.9212,226.7061,35.0359,138.3865,38.8644,24.8318,105.0629,114.064,24.3412,31.8663,110.8345,15.0613,57.8769,138.2039,131.3265,141.0768,31.7395,94.9035,79.7669,106.2585,120.2962,,34.015
2023-11-17,59.419,41.8847,49.3813,33.8579,232.375,35.7991,141.0569,39.1749,25.2279,107.6911,116.1129,25.1379,32.3169,113.8647,15.1866,58.5007,141.1251,133.8183,144.4534,32.3606,97.2191,81.8312,108.7254,120.3159,,34.1325
2023-11-20,59.6509,42.1525,49.2785,33.9772,231.6042,35.997,142.0965,38.9032,25.1619,109.3014,116.6929,25.1477,32.4703,114.9942,15.1687,58.6734,141.1739,133.7442,144.4534,32.525,96.793,82.6493,109.4845,120.8993,,33.966
2023-11-21,59.6687,41.7831,49.2598,33.6283,231.3896,36.0065,140.7994,38.8353,25.0204,108.6536,115.2334,24.892,32.5086,114.0943,15.3299,58.2991,140.998,133.4293,143.4728,32.8355,96.756,83.2962,109.2757,121.1267,,33.7702
2023-11-22,59.4458,41.7,49.0729,33.5732,230.5115,35.7049,142.3063,39.1264,25.1524,109.2088,117.2823,24.8233,32.1923,113.1026,15.4821,57.7809,141.0762,133.6979,142.6125,33.0913,96.3392,82.9728,108.9721,121.8583,,34.0835
2023-11-24,60.0343,41.8755,49.1477,33.867,231.9165,35.8651,142.5829,39.6407,25.2467,109.7826,116.9081,24.9312,32.4895,113.4056,15.5358,57.7329,142.063,134.2259,143.0473,33.1735,96.8579,83.5626,109.5794,122.4614,,34.1325
2023-11-27,59.9362,41.4876,49.101,33.3712,230.6577,35.5164,143.5843,39.039,24.7752,109.505,117.5162,24.9019,32.5662,112.9465,15.5,57.4546,141.1837,133.7257,142.483,33.2374,96.2929,83.6862,108.9247,123.6874,,34.8962
2023-11-28,59.74,41.3861,48.8767,33.4079,230.3748,35.3563,143.0502,38.6703,24.5866,109.1996,117.1701,24.9019,32.4224,113.5342,15.4821,57.637,142.2486,134.791,142.4552,33.1826,96.2373,83.2391,109.0955,123.0448,,34.4849
2023-11-29,60.0968,41.4415,48.4656,33.3436,227.3778,35.1489,140.5992,38.5732,24.6054,113.1048,116.0848,24.8821,31.9622,113.1669,15.509,57.8961,136.3476,133.3088,142.2702,33.2831,94.7923,83.7243,108.1372,119.2185,,34.1912
2023-11-30,61.3988,41.5246,48.6244,33.0589,229.1186,34.8945,142.2873,38.777,24.7563,119.2774,117.2823,25.01,32.3552,113.0108,15.7328,56.7637,137.3246,133.0217,142.8437,33.6028,95.1628,86.0455,109.6553,119.6733,,34.671
2023-12-01,62.3084,41.7092,48.9515,33.2426,229.6231,35.5353,144.4141,39.0487,24.6526,120.027,118.2366,25.0199,32.3936,113.4974,15.894,56.4566,137.8229,134.1425,142.7142,34.0503,95.3944,85.7696,109.3327,118.5264,,35.5228
2023-12-04,62.6116,41.2568,48.6151,32.8936,227.8427,35.2149,144.3855,37.8163,24.3225,118.861,118.3114,24.6462,32.3552,112.9465,15.9836,55.5257,138.4286,134.1981,142.3349,33.7854,94.8757,84.961,108.6685,117.5772,,36.3453
2023-12-05,61.7822,40.4257,47.5166,31.9478,223.3224,34.2349,142.0298,37.2244,23.8981,118.1761,117.5536,23.9971,31.4445,111.9823,15.6702,54.9691,135.2045,132.3362,138.9028,33.1187,93.0325,83.477,107.3496,116.9741,,36.5901
2023-12-06,61.0599,39.9363,46.1271,31.2499,219.6528,32.995,136.5553,35.7785,23.37,115.6775,114.8218,23.1513,30.5434,109.9621,15.697,54.2014,133.1431,132.0305,135.5078,32.7351,91.8005,81.4602,104.8637,111.3582,,35.5228
2023-12-07,59.9897,40.1303,45.498,31.0662,218.1988,32.5785,135.0294,35.895,23.1814,115.3258,114.2043,23.2693,30.4187,108.6766,15.6702,54.2977,129.1863,131.9286,136.5346,32.3096,91.1614,80.5945,105.1768,109.282,,36.3943
2023-12-08,60.8548,40.712,45.8172,31.6539,220.6221,33.0612,136.4027,36.0308,23.2945,115.9736,114.8311,23.6921,30.9076,109.2367,15.8493,54.3651,131.4041,133.6794,137.5892,32.8553,92.2081,82.3449,106.3344,109.9543,,36.1886
2023-12-11,59.9541,41.0075,46.1458,31.8651,220.998,32.9098,137.1943,35.7979,23.4454,116.9824,115.5235,23.6529,31.1665,109.4571,15.7328,54.9331,133.065,133.7164,138.3385,32.2726,92.2729,81.4887,106.4198,114.8385,,36.1103
2023-12-12,58.9107,40.0195,46.0426,31.3876,217.8823,32.5974,136.7365,34.944,23.0305,115.8811,113.1097,22.9643,30.9652,108.0521,15.4194,53.4794,131.6972,132.0027,136.8029,31.8286,90.8187,80.3281,105.3761,113.1972,,36.5509
2023-12-13,60.0254,40.832,46.1834,32.0029,220.1968,32.8341,139.8743,36.157,23.2568,117.6764,116.7584,23.5348,31.2528,108.7959,15.6523,55.0871,133.5828,133.9573,138.2645,32.0598,91.6246,80.7182,106.1257,115.1153,,37.3244
2023-12-14,61.1847,42.2792,49.216,32.8202,225.9634,33.9699,143.9086,37.6708,24.115,120.4064,120.8562,24.0364,32.1539,112.1627,15.8403,56.5697,139.8061,138.8854,141.9464,32.0598,94.0884,82.0785,109.067,114.2947,,36.7076
2023-12-15,60.5783,42.1665,49.0,32.462,224.6775,33.9036,141.5147,37.302,23.7001,120.1843,120.2855,23.9184,32.1923,111.7069,15.6612,56.3772,141.7171,138.3481,141.6411,32.0228,93.4585,81.2509,108.678,117.4091,,36.8936
2023-12-18,60.8637,42.5142,49.0845,32.7283,226.2997,34.2727,144.786,37.7581,24.0773,121.5077,123.4196,24.1642,32.662,113.1113,15.7328,56.7719,142.8147,138.6538,143.9724,32.0968,94.1532,81.7932,109.0196,118.0123,,36.9719
2023-12-19,61.6574,42.9277,49.7417,33.0681,228.9604,34.8501,146.6554,37.6902,24.1999,123.8212,124.9914,24.4298,32.662,113.9576,15.7955,58.0523,144.1377,140.4694,145.3785,32.4391,95.3944,82.069,110.5282,119.4459,,37.1393
2023-12-20,61.042,42.5142,49.338,32.6181,224.5489,34.5094,146.5218,36.8751,23.7944,124.0711,123.9997,24.0658,32.6237,112.9346,15.6702,57.9272,142.8539,139.1818,144.1574,32.0691,93.8012,81.6029,110.718,115.6888,,37.031
2023-12-21,62.0052,43.0874,49.3662,33.0038,226.2502,34.6797,145.5967,37.8649,24.2753,124.2747,123.4196,24.302,32.6333,112.6091,15.7955,58.1871,143.2263,139.6079,144.5552,32.3466,94.2273,82.8681,110.8508,116.9741,,37.2082
2023-12-22,62.567,43.0498,49.8356,33.0222,226.1414,34.6324,143.8895,37.8357,24.3131,124.0618,123.6816,24.233,32.71,113.7158,15.8672,58.5433,143.6281,139.9229,144.6754,32.5038,94.394,82.4876,111.6383,114.0278,,37.4347
2023-12-26,63.4409,43.8486,50.3989,34.2435,227.4866,35.0678,145.0435,38.0492,24.4357,125.598,124.6078,24.7346,33.3427,115.6038,15.9836,59.1498,145.6567,141.1827,147.0899,32.4853,94.6071,83.2867,112.9287,116.2425,,37.6119
2023-12-27,63.2982,43.6043,49.7887,34.1333,226.3392,34.6987,142.9453,38.0201,24.3602,124.6541,123.3261,24.4397,33.0647,115.5759,15.9119,58.7647,145.6077,140.7195,146.2481,32.4021,94.1625,82.8206,112.4258,116.0942,,37.7892
2023-12-28,62.888,43.0028,49.047,33.1508,222.4025,34.2727,140.0841,37.8649,24.1905,122.9328,121.7075,23.9774,32.7866,112.8416,15.8403,57.7346,141.8445,138.7372,143.6948,32.3096,92.8009,82.1451,110.5377,115.7877,,38.2224
2023-12-29,62.6205,42.5706,48.8592,32.9487,222.4322,34.2159,141.4957,37.5155,24.0679,123.2104,121.6233,23.761,32.7675,112.4882,15.7955,57.4843,141.2761,138.1721,143.4636,32.2171,92.6064,82.6398,110.1297,115.5701,,37.927
2024-01-02,63.3339,43.078,48.8029,33.1599,227.7734,34.1876,145.3106,37.7678,24.2282,124.2747,122.2408,24.0167,32.5278,113.0927,15.9657,57.8116,141.8837,138.4685,145.249,32.8553,94.8109,82.2117,111.5719,113.9487,,37.4839
2024-01-03,63.976,43.9896,49.4319,33.7477,229.8407,34.6135,150.5847,37.5834,24.4168,125.6258,125.1223,24.5183,32.5182,116.2362,16.1627,58.3507,144.8531,141.1086,148.1723,33.586,95.6074,83.477,113.7921,114.5419,,37.5922
2024-01-04,63.2001,42.8807,48.5306,31.2682,227.1206,33.8657,146.3025,37.0691,23.9453,125.1908,121.9134,23.7807,31.8759,112.5533,16.0731,56.9163,142.8343,139.5616,144.1481,33.1328,94.7738,82.05,110.5187,114.0574,,37.8089
2024-01-05,63.8422,43.172,48.6902,31.5345,227.5756,34.0456,145.4441,37.564,24.1999,125.1538,120.6878,23.9872,32.0389,111.9581,16.1358,56.743,142.1581,139.3208,144.2684,32.8831,95.0609,81.6124,110.5661,114.9275,,37.9959
2024-01-08,63.5568,42.7867,47.2443,30.9744,223.8862,33.3262,149.0301,37.0788,24.0962,123.8675,120.9404,23.3479,31.0994,109.5307,16.2164,56.098,140.9821,138.4871,144.0926,32.9756,93.4771,80.2425,108.64,115.7086,,38.5375
2024-01-09,62.7721,42.0725,45.5919,30.2765,220.7013,32.6637,147.1704,36.943,24.2848,123.2752,118.9757,22.8267,30.3133,107.9496,16.1627,55.3182,137.3659,134.967,141.3173,32.7628,92.3192,79.529,106.9891,115.1747,,38.9805
2024-01-10,63.1912,41.2925,45.4886,29.9091,218.6142,32.2472,145.7684,36.5936,23.9264,119.7586,116.7303,22.4727,29.9394,106.9452,16.0731,54.6828,136.1409,133.8554,140.0222,32.5871,91.4115,79.7288,105.49,114.5419,,37.8679
2024-01-11,62.5313,40.9636,45.8172,29.8081,217.9713,32.3608,148.2004,35.9532,23.7472,120.5637,119.7522,22.5611,29.8819,106.9359,15.9746,55.0005,136.9935,134.5779,140.05,32.1708,91.393,79.1771,105.3192,111.6351,,38.2716
2024-01-12,63.0039,40.193,46.8969,29.8816,221.2552,32.6353,150.1746,36.7004,24.115,122.9606,123.0267,23.0135,30.2174,107.931,16.091,55.8958,138.9339,136.4213,142.3164,32.3003,92.5786,79.7383,105.9833,111.6351,,38.6162
2024-01-16,62.0676,39.1687,45.3478,28.7154,215.637,31.7172,146.9892,35.2254,23.4077,119.8141,120.9684,22.2858,29.4025,105.1254,15.9567,54.5095,135.5235,133.105,139.8372,31.9766,90.4853,78.5112,103.0799,110.5475,,38.7147
2024-01-17,61.586,38.6142,44.9628,28.2929,214.7567,31.4616,144.9673,34.8954,23.1908,118.7036,118.1711,21.9514,29.5176,103.7098,15.7239,54.1244,135.3276,132.577,138.5606,31.4401,89.8276,77.5218,102.0647,110.6563,,39.1085
2024-01-18,63.539,38.6048,45.5919,28.1736,214.272,31.5279,144.7765,34.1676,23.2096,118.1484,117.8437,21.7842,29.5943,103.2036,15.5,54.3651,134.3672,131.3728,138.5236,31.3106,89.6609,78.5682,101.4575,110.152,,38.8033
2024-01-19,62.46,38.5015,46.6059,28.118,214.4698,32.1526,145.9019,34.2841,22.9927,119.4625,119.9019,21.9023,29.4313,103.2786,15.4015,54.3169,134.573,131.7619,139.7447,31.3198,89.7999,78.4731,102.3494,113.1577,,39.5516
2024-01-22,61.8714,38.6988,47.5823,28.4328,214.1335,32.588,147.2944,34.3326,22.9644,119.99,120.8,21.912,29.6997,103.7192,15.3657,54.625,135.0238,131.9934,140.5588,31.4216,89.6794,79.7288,102.5296,115.8865,,39.3547
2024-01-23,61.5147,38.8116,47.3382,28.5624,216.7547,33.4114,146.8461,34.2162,23.2285,121.3318,120.7907,22.0006,30.227,103.4661,15.2941,54.6154,134.6122,131.6229,140.124,31.4031,90.6891,79.1771,102.4632,117.3498,,39.2365
2024-01-24,61.4077,39.1123,48.5118,29.0439,220.5331,34.8596,147.9238,34.6043,23.5963,123.7009,121.7637,22.217,28.7986,105.0785,15.1239,55.1738,137.4639,134.2444,141.7244,31.4771,92.2544,79.8905,104.0572,114.3639,,38.6261
2024-01-25,62.6829,39.9299,49.2629,29.6642,225.7853,35.0205,149.9934,34.9925,23.8227,127.3841,125.796,22.748,29.0478,107.6659,15.5179,55.8477,141.1487,137.6256,144.6107,31.8563,94.5978,81.8027,106.3154,119.1888,,39.8076
2024-01-26,62.8167,40.052,49.6854,29.729,227.9317,35.5221,153.093,34.8178,23.851,129.7624,129.0236,22.8267,29.2204,108.3127,15.6164,56.2231,141.3741,138.1536,144.5367,32.2541,95.4037,82.5827,106.4862,119.9007,,40.1522
2024-01-29,63.0104,40.193,49.9483,29.5068,227.902,35.2003,152.7306,34.7596,23.634,128.7167,129.4634,22.8071,28.7602,107.769,15.5538,56.0498,140.0903,138.098,143.26,32.1986,95.5241,82.2688,105.8885,119.6436,,39.9356
2024-01-30,63.1732,40.7099,46.3336,30.016,231.5914,34.8406,162.0295,35.0798,23.8698,131.7891,132.7472,23.1513,28.1275,109.4751,15.663,56.7045,140.6489,139.0614,145.175,32.5593,97.1172,83.2831,108.2131,120.5038,,40.5953
2024-01-31,61.7438,39.4882,45.7233,29.0068,227.3283,33.7427,157.938,34.352,23.4643,133.5474,130.9373,22.4727,27.3222,106.6722,15.399,55.4241,137.7187,136.5695,142.2239,32.0598,95.2277,81.2928,106.1446,120.6224,,40.3984
2024-02-01,61.9519,39.2814,46.005,28.5161,226.0623,33.5345,159.7787,34.0221,23.2191,134.6949,130.3622,22.2858,27.4468,105.5566,15.4991,55.1834,138.6693,136.9957,141.2803,32.2541,94.8386,82.3262,105.6797,126.1889,,42.594
2024-02-02,61.78,38.8116,46.005,27.9976,224.994,32.9098,158.6342,34.0027,23.1531,134.6209,129.9475,22.0891,27.792,103.9161,15.4354,54.9138,143.0401,141.0252,138.9676,32.1893,94.4496,82.2688,104.9681,128.2454,,43.8642
2024-02-05,61.5991,38.2383,45.5825,27.5995,223.6983,32.6826,163.2026,33.1681,22.8135,136.2589,132.3607,21.9514,27.6098,102.7911,15.1715,54.8561,142.5501,141.1086,138.4125,31.8471,94.0606,81.8765,104.3419,125.5957,,42.6827
2024-02-06,61.4634,38.6048,45.337,28.2569,225.5677,32.9571,158.9299,33.2167,22.9361,135.028,129.9286,22.158,28.1754,104.8817,15.1897,55.4241,143.1283,141.1271,140.605,31.7268,94.709,82.4984,105.8126,129.5307,,42.594
2024-02-07,62.0062,38.821,44.8082,28.2847,225.2809,32.8814,161.7434,33.2167,22.9739,135.6018,133.0866,22.3153,27.9166,105.4816,15.1533,55.4722,142.2953,140.9233,140.1055,31.7176,94.6812,83.2926,106.5716,131.0039,,43.0863
2024-02-08,62.3952,39.8547,45.1292,28.2106,229.2373,33.1559,161.8292,33.7213,23.1059,135.8702,133.671,22.3251,28.1083,105.9878,15.1351,55.8862,143.3439,142.7111,141.9834,31.4863,96.3021,84.1059,108.0707,129.244,,42.2396
2024-02-09,62.4585,39.0841,44.4588,27.6551,224.7468,32.6637,162.1058,33.3137,22.9173,134.7967,134.8588,22.0792,27.8591,104.1036,15.1169,55.3278,139.2279,139.9136,140.3737,31.4771,94.2644,83.3309,105.471,130.6776,,42.5645
2024-02-12,63.5351,39.6949,45.4597,28.2198,226.8437,32.6826,161.0758,33.8959,23.2096,133.6769,134.3592,22.2759,28.4882,105.791,15.2716,55.8669,140.6391,140.877,153.5471,31.9581,95.5611,84.6896,105.414,127.0589,,42.151
2024-02-13,62.8566,39.3754,44.9309,27.4329,224.3412,32.2378,162.02,33.0905,22.7098,134.334,133.4542,21.9612,28.0151,104.0848,15.0805,55.4626,140.1295,139.506,153.1955,31.4863,94.7384,84.6226,104.1521,126.4657,,43.5196
2024-02-14,62.5219,39.319,45.0915,27.5903,222.8971,32.3703,162.02,31.9843,22.5495,134.3802,132.9546,22.0202,27.8605,104.0661,15.0805,55.1641,139.8747,139.8858,157.1364,30.5706,94.271,84.5269,104.4842,127.2171,,43.5885
2024-02-15,64.286,40.5877,45.8752,28.9327,229.0296,33.4493,163.3838,33.469,23.2568,135.4537,133.8501,22.8563,28.1985,107.1034,15.4445,57.8694,145.0295,144.6429,165.1478,31.6251,96.9728,89.2441,106.0705,130.0152,,44.6912
2024-02-16,65.1273,40.8414,45.8658,29.229,229.0494,33.4209,162.144,33.8297,23.2757,134.0463,131.5406,22.9939,28.1503,106.4566,15.572,58.2641,145.4607,144.8021,165.9803,31.7361,96.9728,92.7557,105.6596,129.679,,44.8783
2024-02-20,64.8559,40.7944,45.8186,28.6828,226.6459,33.2505,157.4573,32.884,23.2285,131.5575,127.2891,22.8951,28.0537,106.0535,15.5265,57.3399,143.7457,144.2122,164.7222,31.5511,96.0566,92.2008,104.6753,130.3118,,45.4395
2024-02-21,66.3396,41.4523,46.4702,29.1087,231.1958,33.2505,159.1441,36.3645,24.6714,133.8039,129.2876,23.3693,28.3337,109.0814,15.8541,58.216,145.5293,145.5607,166.2856,32.0783,98.0198,93.2629,107.8574,129.9163,,45.4691
2024-02-22,66.6924,41.3207,46.5174,27.9791,231.3738,33.4114,160.7734,36.384,24.8318,136.6655,131.7668,23.6955,28.1985,109.1189,15.7085,58.2737,146.6465,145.5513,163.4918,32.2818,97.9357,94.1144,107.2363,131.8838,,46.8869
2024-02-23,66.0139,41.2361,46.1019,27.8032,229.9495,33.3262,162.489,36.0817,24.5017,137.1222,133.4636,23.4978,28.8649,104.8629,15.6994,57.7827,146.1271,144.8302,163.1496,32.3188,97.0756,92.8418,106.5578,132.4771,,47.8715
2024-02-26,65.9596,41.1891,45.8564,27.4236,231.4134,33.0423,165.2684,35.8185,24.4451,138.2407,136.7724,23.8635,28.8166,105.041,15.5902,58.216,146.9601,144.6336,163.8434,32.1153,97.4589,93.349,107.4274,131.7158,,47.9995
2024-02-27,67.2804,41.6496,45.7619,27.9606,231.2057,33.0896,164.0129,35.604,24.5017,135.4724,134.7834,24.0018,28.7007,106.8128,15.6266,58.3411,142.4129,142.4891,164.6205,32.4113,97.2532,92.8897,106.6534,154.0012,,50.1952
2024-02-28,67.2804,41.3771,45.4786,27.7291,232.2541,33.0801,160.208,35.6625,24.0867,131.6507,131.2295,23.8338,28.4689,107.0284,15.6084,58.0138,142.4913,142.6577,166.2949,32.6148,97.5243,93.1959,107.0643,168.9011,,52.2038
2024-02-29,67.9589,41.4053,45.6392,27.581,232.63,33.1937,162.1919,36.2182,24.3131,132.8345,133.3505,23.9622,28.5752,107.3003,15.8268,58.3507,142.8343,142.3487,168.8481,33.2438,97.7113,93.9996,107.5421,166.548,,53.7004
2024-03-01,67.968,41.7154,46.6024,28.155,237.27,33.7332,166.0064,36.0817,24.4828,134.4098,135.0662,24.3081,28.9325,108.8377,15.8905,59.0728,145.2255,143.0978,171.2996,33.6693,98.9453,95.0521,109.1666,168.0706,,53.661
2024-03-04,69.2617,41.6966,46.6685,27.8032,234.7,33.2978,166.5239,36.5985,24.9921,134.4657,136.4048,23.9721,28.4206,108.5846,15.9906,58.4181,142.6971,139.4176,168.2893,33.6415,97.5617,96.6309,106.6821,174.0028,,56.1127
2024-03-05,70.1301,42.3638,46.8951,28.2013,237.25,33.4595,167.8848,37.0372,25.1713,136.1808,136.0371,23.9524,29.1353,108.9314,16.1271,58.3219,143.4321,140.0825,169.3899,33.9375,98.7583,98.0949,106.2807,174.774,,57.9834
2024-03-06,70.1935,42.7115,47.2445,28.3587,240.06,33.6212,167.8944,36.6472,24.7846,136.8053,136.1597,24.229,29.5119,109.2033,16.2181,58.8129,140.1589,138.9026,170.4436,33.7895,99.8147,99.7885,107.0165,177.9478,,59.9625
2024-03-07,70.0578,43.125,47.9528,28.2847,241.38,34.4201,171.5268,36.3255,24.6714,139.0796,140.4865,24.3675,29.7726,110.4782,16.2636,58.9868,141.4427,139.8765,171.977,33.6677,100.3756,100.2095,107.7332,177.8982,,60.7305
2024-03-08,69.8045,43.3787,47.5939,28.5254,243.52,34.4392,172.0827,36.579,24.8601,139.2008,140.9579,24.4464,29.5505,111.2938,16.2272,58.7452,141.9817,140.354,172.4285,33.7895,101.3198,99.3483,107.9817,168.9726,,59.5588
2024-03-11,69.9221,43.858,48.661,28.8865,244.64,34.8672,173.8653,33.7419,24.9544,139.3406,141.91,24.6935,30.2265,113.2624,16.3547,59.4409,144.0201,142.3393,173.5668,34.3425,101.9182,100.0851,110.1317,166.3375,,57.1564
2024-03-12,70.2477,43.7734,48.6988,29.1087,243.39,34.9527,173.6641,33.6542,25.0015,140.1609,142.0891,24.8318,30.41,113.2812,16.3273,59.0737,143.6967,142.2363,173.5856,34.4269,101.2638,100.9941,109.912,166.7932,,59.2733
2024-03-13,69.7683,44.1399,49.6431,30.1456,245.73,34.7435,181.0342,33.157,25.3628,143.9825,149.5362,25.5927,30.6611,114.903,16.2818,59.9626,145.9899,144.1092,176.4455,34.6237,102.3949,101.8265,112.3296,166.288,,60.2185
2024-03-14,69.7592,45.4016,50.2664,30.0623,250.47,35.7707,181.1205,32.9328,25.2867,143.8986,150.2526,25.9485,30.8446,116.0467,15.9815,60.4651,147.6461,145.8041,178.2705,34.5675,104.2086,101.0802,114.4606,163.0982,,62.1385
2024-03-15,69.6597,45.174,49.9264,29.6271,249.96,35.8848,185.7784,32.5915,25.1156,148.2329,154.3155,26.1955,31.2115,115.1092,16.0179,60.5327,148.2751,145.6637,178.6845,34.68,104.0216,101.396,114.709,163.9699,,60.6123
2024-03-18,70.3744,45.0317,50.4552,29.9419,251.95,35.8658,185.4333,32.5623,25.2392,146.117,156.7571,26.2745,31.2791,115.8404,16.0543,61.0641,147.6264,145.5326,178.7973,34.8862,104.9845,102.726,114.9192,167.2588,,61.5182
2024-03-19,70.9172,45.9423,51.4468,30.6826,254.34,36.5886,188.3948,32.7183,25.781,146.3314,157.794,26.6796,32.0807,116.8435,16.3182,61.895,149.3858,146.6657,181.2056,35.3829,105.723,104.4004,116.6011,170.7954,,62.9212
2024-03-20,71.4057,46.1131,51.3712,31.2844,254.02,36.3509,189.5258,32.9718,25.7906,147.9812,159.849,26.7784,32.2448,117.8372,16.4093,61.6342,146.7713,144.7272,181.4691,35.4954,105.6295,104.3717,116.496,174.0645,,65.9547
2024-03-21,71.8943,46.0372,51.409,31.3955,255.43,36.5791,190.925,33.4982,26.0472,148.2795,161.1782,26.8772,32.6021,118.1934,16.4821,61.7694,146.7812,145.0175,182.8802,36.0203,106.097,106.2184,118.0249,172.4993,,67.5554
2024-03-22,71.4962,45.8854,50.984,30.9789,255.53,36.5125,191.8451,33.4982,25.9427,148.6244,159.915,26.7784,32.2931,117.031,16.4366,61.6535,147.0662,144.8302,183.1624,35.8516,106.097,106.1132,117.5662,176.5708,,68.2668
2024-03-25,71.7586,46.5305,51.2862,32.0251,258.21,36.9215,191.5193,33.9467,26.4465,145.8374,158.831,27.2429,32.1483,119.2902,16.3547,62.3685,148.7862,146.5252,184.9404,35.8141,107.1814,106.7925,120.6241,185.5063,,70.3516
2024-03-26,71.1705,46.2839,51.0596,30.4419,256.85,36.4365,189.1712,34.0734,26.1043,145.9679,157.662,27.1144,31.704,117.9122,16.3,61.1801,147.0367,145.4015,182.7391,35.7016,106.3774,105.874,120.3948,183.6736,,67.0811
2024-03-27,72.0119,46.9194,51.8434,31.2103,260.0,36.931,188.7974,35.1653,26.4845,148.1677,158.1899,27.3811,31.9551,118.484,16.5185,62.0303,147.9704,146.4128,184.8839,36.1234,107.4806,106.2567,121.207,183.1585,,67.4862
2024-03-28,72.5275,47.6025,51.7584,31.8307,262.5,37.4922,193.1198,36.1402,26.5035,152.2503,160.9048,28.0037,32.3511,119.8433,16.6914,62.7936,150.0246,147.7145,186.4268,36.5264,108.6678,107.1561,121.6275,183.1189,,68.8201
2024-04-01,72.1114,48.3329,52.1456,32.8028,263.96,37.9772,195.9088,36.1792,26.6271,152.2503,162.743,28.231,32.2931,121.6432,16.7551,64.1366,152.128,148.9693,187.6309,36.4327,109.369,107.3858,122.9653,184.2383,,70.6777
2024-04-02,72.3737,48.9685,51.6356,32.7195,269.45,37.9582,202.5889,35.9453,26.9028,157.9828,167.0605,28.4484,32.438,123.9681,16.7642,64.9869,152.8455,149.6248,188.4964,36.8358,111.5098,108.4,124.8669,186.3682,139.558,70.3022
2024-04-03,72.5094,50.0594,51.8056,32.5991,269.73,38.8427,206.02,36.2572,26.9693,160.9841,170.0299,29.15,32.718,125.4118,16.8825,65.4217,153.504,150.2429,191.1775,36.8826,111.5285,110.993,125.7843,188.4782,136.9064,72.8811
2024-04-04,71.6681,49.8412,51.2484,32.8028,269.84,38.662,207.2564,35.838,26.9598,159.092,170.2561,29.1303,32.7567,125.6461,16.7733,65.3444,153.445,150.477,189.1361,36.6577,111.9211,109.4238,125.899,181.3952,125.6621,69.6995
2024-04-05,72.0571,50.5337,51.9661,33.0898,272.78,39.2232,210.0166,35.565,26.9218,159.1572,172.8768,29.3377,33.1333,127.4366,16.8006,66.9096,154.7522,151.3291,192.2123,36.7701,113.4636,110.9643,127.5904,191.2718,122.3127,74.4324
2024-04-08,72.3556,50.6855,51.0313,32.4417,270.51,38.9569,207.956,35.916,26.6366,157.1066,170.5201,29.1401,33.0753,126.9773,16.7096,66.4072,153.101,151.0201,194.329,36.5077,112.6971,110.9643,126.5392,190.1821,129.5497,73.5333
2024-04-09,72.2561,51.359,51.154,32.3028,272.28,38.9759,203.2981,36.9982,26.5035,154.1798,166.1555,28.9326,33.0174,128.4866,16.8188,66.2333,153.6612,151.7037,193.3506,36.7795,113.286,109.4717,126.3768,186.3384,131.7528,68.7015
2024-04-10,71.5233,51.71,51.1823,32.451,275.32,39.0995,202.4356,36.7642,26.7887,153.9467,165.6276,29.3278,32.9788,129.3209,16.6277,66.6101,155.283,152.3311,194.0091,36.4421,114.2396,109.73,126.9215,189.2905,137.9332,69.9169
2024-04-11,71.7766,51.1314,50.9935,31.8492,274.74,38.9378,203.4419,36.5497,26.4655,154.1798,166.8908,29.1104,32.8243,128.6835,16.7005,66.9193,154.939,151.6007,195.9188,36.1796,113.8563,110.352,127.017,191.0737,136.1389,71.1421
2024-04-12,71.1977,50.676,49.1048,31.2196,270.8,37.7299,200.0875,36.3157,26.2754,151.458,163.5914,28.7449,31.9165,126.8273,16.5003,66.6778,150.5849,148.8569,194.1126,35.6923,112.5288,109.7396,125.3734,189.875,133.577,68.909
2024-04-15,70.4287,49.974,48.7932,30.7011,269.0,37.1878,198.4102,35.604,25.8476,149.9014,160.886,28.4287,31.3371,124.9549,16.3547,66.0304,149.0221,147.574,193.1813,35.4673,111.8837,109.4047,124.4656,183.6637,131.3341,67.4071
2024-04-16,69.7321,49.4997,48.5477,30.0901,267.26,36.5601,195.3817,35.2921,25.8476,147.161,159.3023,28.0136,30.9991,125.4929,16.0998,64.5618,147.6854,146.3473,191.8642,35.2892,110.9582,109.1463,123.7776,184.902,129.6594,66.7945
2024-04-17,70.2749,49.0159,47.9811,29.8679,267.79,36.1797,194.0399,35.1361,25.8761,146.5738,157.6903,27.3517,30.9218,124.9643,16.1635,63.7502,148.2162,146.4596,189.2302,35.3173,110.9021,107.3858,122.6309,183.6637,134.3246,67.832
2024-04-18,70.4558,48.7882,48.1039,30.0253,267.97,36.7598,186.9093,35.3116,25.8761,142.9013,153.1749,27.0749,31.0956,124.3603,16.5731,63.8081,149.1794,147.5553,187.772,35.2236,110.7993,106.9552,122.1339,182.1382,136.7868,65.095
2024-04-19,72.039,49.1677,47.0745,30.1932,270.31,37.1688,188.2127,35.7308,26.3799,144.2062,154.4947,27.1737,31.4819,125.6911,17.1464,64.3782,151.7053,149.8308,188.8445,36.0953,112.0707,108.046,123.6342,179.2059,134.6735,64.8776
2024-04-22,72.2923,49.4523,46.7535,30.2958,273.51,36.8264,190.005,37.0177,26.5606,146.3873,156.3894,27.322,31.3467,126.3801,17.1282,64.7357,153.5531,151.6288,190.5754,36.2359,112.7064,108.8976,123.5864,181.5042,136.2585,65.925
2024-04-23,72.6904,49.8697,46.7912,29.9133,275.23,36.7028,191.3467,37.0274,26.7412,148.0558,157.9354,27.4899,31.8682,127.2295,17.0736,65.1125,154.2509,152.4997,192.2594,36.3484,113.1458,111.0026,124.0738,186.487,147.3633,67.6344
2024-04-24,73.2332,49.4238,46.3757,29.904,275.52,36.8264,190.858,38.441,27.0549,147.0771,157.4264,27.2033,31.5495,127.9846,17.1191,65.0545,156.4034,153.1739,193.0778,36.7889,113.1645,111.8542,123.5387,184.4166,145.7185,69.6205
2024-04-25,73.6222,49.9076,46.6874,30.1932,275.15,36.8264,191.2126,39.3965,27.0264,146.5644,157.5489,27.4108,32.1579,127.7581,17.11,65.586,158.6837,154.7753,194.8276,36.9763,113.4262,112.6005,124.3318,186.2493,147.8418,71.6164
2024-04-26,73.3327,50.0025,46.4607,30.3145,268.87,36.6552,190.1391,39.5915,26.8933,141.1303,156.2952,27.4405,31.7137,128.079,17.0008,65.4893,159.7452,155.3465,195.4485,36.7983,110.2758,111.8159,124.456,186.6059,152.5868,71.8338
2024-04-29,73.6584,50.3535,46.4702,30.5291,273.6,36.9786,192.171,40.0204,26.9883,141.2514,157.9071,27.6085,32.0807,128.5981,17.1992,65.9241,160.3349,155.7585,193.6611,36.7514,111.8463,112.8703,124.4369,186.8437,158.508,77.0311
2024-04-30,72.4696,48.5511,44.8365,29.3348,269.32,35.6375,174.1624,39.0845,26.0092,133.487,150.7051,26.5314,31.5012,124.7095,16.9033,63.9048,154.7915,151.0201,189.2114,35.9547,110.5656,109.8463,120.0412,184.1987,153.2248,74.9363
2024-05-01,70.4546,47.8112,44.5343,28.4577,267.66,34.5533,171.5268,37.6904,25.5814,130.6907,146.7365,25.7903,30.7963,122.6519,16.8571,62.2719,154.0839,149.4844,184.3948,35.5142,108.4715,108.2573,118.818,182.8316,151.1912,75.9442
2024-05-02,70.482,47.7542,44.9309,27.2261,269.62,34.9052,175.3413,38.4898,25.8191,134.1022,148.3201,25.7804,30.8349,124.398,17.0697,62.4748,155.8432,150.5144,185.9188,36.1234,108.6678,108.8158,116.8209,184.4364,153.3444,78.9183
2024-05-03,70.7385,47.944,45.0065,27.3008,,34.9337,174.9579,39.26,26.7982,133.8598,147.8488,26.0275,31.0293,122.718,17.1715,62.2139,156.1381,150.0649,189.5594,36.2453,108.4435,108.161,116.8018,193.0351,165.7352,80.519
2024-05-06,71.5079,48.2475,45.2898,27.9166,,35.1144,175.1784,40.0107,26.9503,135.2673,149.1308,26.3931,31.1071,123.1522,17.2085,62.8226,156.6688,151.9847,192.09,36.6108,109.1446,108.6329,118.0631,195.8485,168.6061,82.2482
2024-05-07,71.7827,48.3614,45.4881,28.2338,,35.3807,173.3957,39.6491,26.6937,135.3512,147.6886,26.729,31.2432,122.9445,17.3564,62.8709,155.7744,152.3311,191.6102,36.6577,108.6024,108.6618,118.0536,198.6818,166.8317,80.766
2024-05-08,72.488,47.9629,45.1953,28.4671,,35.2286,173.4053,39.0619,26.6841,136.9637,148.0656,26.6598,31.0099,122.5387,17.3934,61.5279,154.9586,152.2094,191.1775,36.8545,108.5837,108.2958,117.5949,206.0521,163.4823,88.1372
2024-05-09,73.3031,48.238,45.7808,28.8123,,35.647,175.3221,39.1695,27.0834,137.6908,149.7624,26.8674,31.8653,123.2277,17.5783,62.069,157.2094,154.9345,191.6479,37.0982,110.7245,109.3937,117.9102,213.888,165.8747,92.0599
2024-05-10,73.3398,47.5455,45.7997,28.3458,,35.2571,172.0923,38.1027,26.6937,135.7147,147.1795,26.2745,31.4376,122.7935,17.6431,61.4216,157.6517,155.2809,190.2085,37.1544,110.2758,109.0181,117.2371,212.9172,166.742,92.3069
2024-05-13,73.8252,47.3368,46.0358,28.1778,,35.5139,170.463,38.9444,26.5891,135.23,146.991,26.2449,31.5057,122.1328,17.7078,60.7839,156.8752,154.0729,188.8727,37.1732,110.229,108.7388,116.9293,211.5897,161.0201,89.0956
2024-05-14,74.8145,47.2704,45.913,28.1498,,35.7231,167.2523,39.8449,26.7697,135.0156,146.991,26.3639,31.7195,122.1611,17.9482,60.9288,155.7646,153.2114,188.1601,37.8293,110.8982,110.2026,116.4004,215.7009,165.1071,90.3801
2024-05-15,74.7503,47.1566,45.6203,28.4951,,35.5329,166.2604,40.0602,26.6356,136.2833,148.6689,26.2349,32.0111,121.8402,18.0684,61.238,154.0347,152.687,186.9156,37.9324,111.7558,111.3102,116.0735,221.2187,167.3401,95.7553
2024-05-16,75.3274,46.7107,45.7242,28.4671,,35.647,168.302,39.6491,26.8272,135.9478,149.4136,25.9274,32.0986,120.7359,18.1239,60.7356,153.6317,152.3748,184.8729,38.3823,111.0867,111.8398,115.2368,214.314,165.8747,92.0302
2024-05-17,75.6846,47.0712,45.8847,28.8123,,36.0465,173.0206,40.2951,26.9996,138.1838,156.5403,26.0067,32.5264,122.6425,18.2164,61.267,155.4009,153.8694,187.7991,38.6822,112.7548,113.323,117.0447,211.1142,162.1066,92.959
2024-05-20,75.7579,47.4507,45.5447,28.831,,36.1036,169.5635,41.0292,27.2294,135.6847,154.391,26.2548,32.1861,122.567,18.3458,61.4216,153.16,152.4221,187.9511,38.8416,111.8406,113.2074,116.2562,213.0559,160.4419,90.4196
2024-05-21,76.0327,47.2135,45.6014,28.663,,35.7897,170.045,40.3147,26.6643,135.4216,153.0806,26.0861,32.0986,121.6609,18.2534,61.209,151.9609,151.3154,186.7445,39.1603,111.0678,113.8334,115.7946,220.5055,163.4125,93.1171
2024-05-22,74.7961,46.2933,43.8922,28.1125,,34.5913,169.5057,40.3343,26.3291,134.2566,152.713,25.6793,31.1946,118.9709,17.9297,60.5424,148.7371,149.0453,182.7353,38.1667,108.8342,110.6745,113.6597,218.0487,163.3328,93.1467
2024-05-23,73.4497,45.7526,43.7411,27.5434,,34.2204,170.0257,39.0619,25.9269,133.5896,153.2409,25.5701,30.9224,117.0644,17.6431,59.866,147.7051,148.4494,182.3743,37.595,106.9776,109.6441,113.1404,219.0888,161.1596,94.9846
2024-05-24,74.0542,45.6767,43.6655,27.3941,,34.344,171.2198,39.2968,25.9843,134.0499,153.1089,25.3617,31.4668,116.3471,17.6338,59.8564,148.796,149.2155,183.7993,37.6137,106.8928,110.0582,112.7557,228.4702,176.8699,100.8835
2024-05-28,74.155,46.3977,43.9394,27.8326,,34.734,172.5295,40.3636,26.3962,134.1251,154.193,26.2449,31.5057,118.7822,17.6338,60.1076,149.4447,150.4357,187.8846,38.1199,108.2499,111.2427,114.4001,229.1042,177.5278,104.9346
2024-05-29,72.9001,44.766,43.0989,27.2168,,34.0587,166.0774,39.8253,26.2908,129.8315,146.7647,28.4575,31.039,115.0729,17.4859,59.0544,146.3291,148.4115,185.2814,37.5856,107.0907,110.4434,110.8324,219.0042,176.7602,102.3853
2024-05-30,73.2207,45.1455,43.0517,27.7393,,34.2014,165.6441,40.3245,26.5877,130.0194,143.2337,27.9912,31.5737,115.3844,17.5691,59.1414,147.6363,149.6979,187.4856,38.0917,107.43,112.2732,109.2264,223.191,174.5273,104.1145
2024-05-31,74.1916,46.559,43.335,28.4857,,34.9052,170.0739,40.2168,27.3156,133.5144,149.1567,28.7354,32.5458,117.5552,18.0222,60.3878,151.4596,153.5194,189.3097,38.9072,110.5118,113.8623,112.0152,215.5417,175.3447,97.8994
