Date,003B70,10646E,1490F3,159AE4,275300,2FEA66,315EB0,37727A,420168,4FB770,51D876,56EA2B,6284B5,6B236C,6BF593,7999F3,7C4168,8EF425,900356,A4386C,A80FE0,AE4EEB,AFEC35,B5DE80,CE4FD9,DB30C3,DB7014,DC5299,F67165,FF4BA4
2023-03-16,53.0774,26.8182,94.1006,15.8737,113.7559,150.1254,659.5703,35.0551,45.4094,141.8656,75.56,108.2093,47.3783,28.0571,13.5572,41.5981,245.7835,131.9532,94.1953,19.0372,188.7558,52.586,263.3977,52.0322,66.2945,109.9993,85.4019,95.5869,190.7258,27.4249
2023-03-17,52.1847,26.4115,91.919,15.2855,111.8159,146.5415,648.5583,34.1426,43.3642,141.4754,73.87,105.4014,45.7499,27.5068,13.1044,39.9804,243.444,128.2974,89.9772,18.4587,185.3498,51.3988,264.1212,50.5943,64.3295,106.2805,82.4582,92.4776,186.5041,26.9181
2023-03-20,52.6863,26.7166,92.7953,15.6575,112.6571,147.5849,647.244,34.5725,43.8904,142.2026,74.76,106.2996,46.4685,27.615,13.4034,39.9533,244.6137,129.4189,92.4011,18.6901,185.9021,51.9165,266.5331,51.5321,64.6851,108.7261,84.5852,93.9504,187.7553,27.4987
2023-03-21,52.0912,26.7166,89.2992,15.7613,111.1549,146.1514,645.8265,34.4234,45.4773,140.7127,75.17,107.2326,46.5868,27.2361,13.5401,39.6732,242.3598,127.9442,94.1263,18.6011,182.4409,51.2649,261.6647,51.8804,64.9284,108.4147,85.0249,92.9049,185.5589,27.4987
2023-03-22,50.5013,26.0302,84.2423,15.199,108.2277,141.3516,622.4414,33.502,42.3883,132.6243,71.21,102.0964,45.6407,25.9731,12.8823,37.8206,234.1524,124.2884,89.9772,18.0048,176.8532,49.9527,254.5629,50.2906,61.9154,104.531,81.7761,90.5593,179.3298,26.5495
2023-03-23,50.3908,25.79,85.3559,15.1471,106.2276,139.791,625.5769,33.2037,40.1989,132.3848,68.91,101.207,45.0676,25.8739,12.6944,37.676,234.8086,123.6173,88.3124,18.0671,176.393,49.5063,252.1242,50.63,61.5318,104.5584,81.812,89.6866,176.5843,26.0795
2023-03-24,51.8956,26.6479,86.141,15.5796,111.1291,143.1118,639.9685,33.9583,41.9386,135.8703,68.86,104.5207,45.8954,26.5595,12.8652,38.2905,243.8529,126.5755,89.2613,18.61,183.7572,50.5837,256.019,52.1036,63.1412,107.1964,83.0236,90.8139,180.725,26.3007
2023-03-27,51.6151,26.9225,85.8032,15.718,109.4209,143.9103,645.5261,33.7828,42.7193,136.0033,69.37,103.5527,45.6771,26.6407,12.9336,38.7785,238.8981,126.443,89.106,18.521,177.8014,50.7553,255.7957,52.2465,63.5155,107.2239,83.0326,90.9139,181.0131,26.4481
2023-03-28,51.9126,27.0769,83.4482,15.7699,109.4381,142.7398,641.2358,33.6687,43.1945,134.0433,68.45,103.326,45.5588,26.5776,13.0275,38.9141,238.4511,126.7786,89.8392,18.5833,177.5436,50.5204,251.9099,52.1662,64.3483,106.8484,83.3377,91.3776,180.266,26.1901
2023-03-29,52.7458,27.197,84.3427,16.09,112.4253,147.1676,651.9943,34.5638,45.1039,138.052,69.41,107.285,46.3685,27.2722,13.4632,39.7455,241.7226,129.5955,91.9439,19.0105,182.717,52.0202,259.2706,52.8806,65.4617,109.807,84.2082,93.314,183.9116,26.7891
2023-03-30,53.2304,27.2914,85.3194,16.2716,113.7644,149.6517,659.0351,34.9937,46.0809,140.8634,70.84,109.1872,47.1144,27.6962,13.5923,40.1793,244.6042,131.1143,92.7807,19.3042,185.1933,52.8784,263.2011,53.1486,66.3881,111.6755,85.6531,94.7554,185.8964,26.9549
2023-03-31,54.0542,27.9863,89.7374,16.8945,114.889,154.0516,676.9002,36.0291,46.7898,144.4996,72.81,110.6051,48.1333,28.1744,14.1949,39.5767,248.2847,133.3749,96.5847,19.5534,188.1022,54.2065,269.9009,54.6401,67.0805,114.2861,88.6955,96.2519,190.4123,27.7659
2023-04-03,53.6701,27.8748,85.1825,16.8426,113.4983,153.1533,666.4891,35.8975,46.3662,137.0321,72.77,109.5219,48.2243,28.1383,14.0141,38.9468,242.5405,132.2976,96.9729,19.3309,185.1196,53.8722,274.8676,54.7026,67.1179,113.3701,88.6058,95.2971,189.6839,27.6461
2023-04-04,53.6445,27.7547,84.6896,16.7301,114.7602,152.4291,666.9866,35.7835,45.6745,142.0518,70.91,109.2225,47.8422,28.1924,13.9108,38.5816,244.1667,131.7148,96.0154,19.2953,187.2829,53.6554,275.3678,54.3632,65.8547,113.6541,88.4263,95.0951,189.6293,27.6
2023-04-05,53.5335,27.5573,82.3437,16.5398,114.7859,152.4566,660.7343,35.5904,45.4151,141.9188,70.08,108.9054,46.9234,28.1563,13.842,38.3168,245.5648,131.7413,94.8423,19.1173,188.4244,53.8541,274.4745,53.8184,66.0232,111.9961,87.6096,95.0125,190.6854,27.2591
2023-04-06,53.414,27.7289,83.0009,16.4966,115.3868,154.1707,667.6907,36.0692,45.9079,144.3755,70.31,109.5483,47.5693,28.4089,13.842,38.9194,246.9628,132.6861,94.687,19.0817,190.2654,54.333,277.6279,53.8541,66.9495,112.4358,87.7173,95.9948,190.9585,27.5079
2023-04-10,53.4823,27.9949,84.5527,16.6004,115.0435,154.5649,663.0062,36.0781,45.6399,145.6437,69.95,109.2225,47.6421,28.5443,14.0055,40.0606,248.9219,132.3417,94.5058,19.2953,191.7935,54.2968,278.2264,53.9702,68.1378,113.3426,87.7352,96.2152,191.8963,28.0424
2023-04-11,53.0128,28.1922,85.6572,16.6869,115.4641,156.1049,663.2784,36.1313,46.6947,146.0517,70.46,108.3594,48.6519,28.7969,14.1174,40.4805,251.0712,132.6685,95.0234,19.5712,193.6622,54.4504,280.54,54.2382,69.5601,112.3625,88.2917,95.9856,192.479,28.4478
2023-04-12,52.8591,28.1408,84.7079,16.41,114.8117,155.9124,667.5124,35.8298,44.5938,144.9342,69.84,107.0208,49.2614,28.833,13.8678,40.4349,248.8553,131.7059,94.4627,19.1618,194.4723,54.0348,279.7361,53.5773,69.8315,112.4908,87.0801,95.3981,192.1239,28.1806
2023-04-13,52.5262,28.0378,83.9137,16.2889,114.9662,155.894,665.325,35.6436,44.6803,140.8279,70.75,105.277,48.9066,29.0585,14.0313,39.9328,252.3551,131.4118,93.971,19.0995,195.5017,54.2426,272.018,53.5862,69.7098,111.6755,87.1519,95.5725,191.9054,28.7335
2023-04-14,51.8774,27.7547,81.9512,16.1765,110.966,155.7015,646.5212,35.6613,44.0578,137.5642,70.82,104.3347,47.9969,29.0495,14.0227,39.7045,245.8691,131.0909,92.7807,18.699,191.8663,54.2426,259.3689,53.2825,69.3262,109.697,86.4878,94.9666,189.3197,28.6414
2023-04-17,52.5518,28.1922,87.8114,16.5398,113.464,159.5148,664.6021,36.5923,45.882,138.6285,72.29,108.835,48.3881,29.7712,14.2207,40.5444,250.2914,133.881,96.0499,19.1351,193.6655,55.399,263.0582,54.0327,70.4022,112.793,87.834,97.8402,193.9266,29.0468
2023-04-18,52.1676,28.1236,89.0619,16.5225,113.6529,158.8731,662.3678,36.5303,45.5189,137.4489,71.98,108.6764,47.9696,29.8704,14.3154,40.4532,250.1677,132.9896,96.0068,18.877,193.0627,55.4984,259.5743,54.1935,70.5987,113.3151,87.9327,97.271,193.1072,28.9547
2023-04-19,52.6201,28.2437,88.0943,16.609,114.64,160.6514,663.6821,36.9115,46.5996,135.755,72.25,110.2969,48.8702,30.0328,14.1777,40.8366,252.3266,134.2286,96.6623,19.0194,193.007,56.1037,258.2791,54.3543,71.3473,114.6433,87.9327,98.1523,196.1117,29.0008
2023-04-20,52.8676,28.4153,86.0314,16.462,108.9574,158.7906,661.8609,36.9115,45.199,134.7351,72.24,109.0551,48.7428,29.9426,13.8592,40.6996,245.9642,133.15,95.5496,18.7435,190.6607,55.3539,256.948,54.0774,71.0011,112.8938,87.0891,97.6657,192.7612,28.7059
2023-04-21,53.2091,28.5955,88.213,16.5917,108.1333,158.8823,669.3524,36.8229,45.0607,134.061,71.86,109.5924,49.0431,30.0328,13.9625,41.2474,244.2999,133.8275,95.4547,18.8058,189.316,55.381,257.7074,54.2292,70.7672,113.1961,87.3045,98.0422,193.3985,28.5953
2023-04-24,53.0042,28.4754,88.9889,16.2803,106.8543,158.6531,669.3805,36.4948,44.9829,135.0011,71.07,109.2489,49.4524,29.6359,14.083,41.6126,243.1016,133.6938,95.0838,18.8681,189.1306,55.2906,257.359,53.5862,70.4865,112.8388,86.1378,97.5648,192.7248,28.199
2023-04-25,52.9615,28.3552,89.1258,16.3149,104.9229,157.2873,666.6017,36.2288,43.4872,133.3338,70.48,106.1577,49.3615,29.2028,13.7042,42.3247,239.2975,131.7862,94.2126,18.788,187.0903,54.6763,259.0562,53.7737,71.4783,110.5031,86.0301,96.2703,189.256,27.5447
2023-04-26,52.3384,28.1493,89.1532,16.1419,103.1288,156.8015,663.485,35.9717,44.248,132.4913,69.94,105.7085,48.9976,28.9953,13.6009,41.8317,237.947,131.3939,93.4535,18.4854,185.792,54.4324,257.8324,53.1128,71.2724,109.065,84.9621,95.5082,187.5352,26.8997
2023-04-27,53.175,28.5612,92.8774,16.4273,105.5581,162.8422,675.7736,36.4327,45.6659,134.0256,76.14,108.0776,50.0165,29.6539,13.6956,43.0368,244.2714,134.8883,95.4029,18.877,190.7071,55.8417,261.2269,53.9524,72.9754,111.9137,86.8288,97.8035,192.5245,27.084
2023-04-28,53.865,29.1188,90.5041,16.6004,105.6611,165.3355,679.7541,36.6455,46.1327,134.8415,76.66,109.3634,50.253,30.105,13.9194,43.8676,248.1135,137.099,97.7492,19.5534,189.5479,57.1427,263.3709,54.8633,74.1263,114.7257,88.7494,101.0351,200.054,27.5632
2023-05-01,53.3507,28.9815,88.4777,16.3062,104.7598,166.5271,677.8108,36.548,45.6572,135.1608,76.4,107.285,50.3712,30.1501,13.928,43.5207,248.2562,137.723,97.8958,19.2597,185.013,57.5131,261.3699,54.1578,73.2281,112.1152,87.6634,102.1552,200.9007,27.4157
2023-05-02,52.6221,28.055,86.4878,16.0294,101.7382,163.3922,660.1241,35.6259,44.2739,134.1054,75.1,105.2858,49.7435,30.3576,13.7559,43.0733,234.8942,133.8899,96.6537,18.8503,181.8877,56.3838,256.2066,53.5773,72.3766,112.1885,86.3352,100.3557,197.7232,26.7799
2023-05-03,52.2621,27.5573,86.5243,15.9602,101.1716,162.9797,654.9233,35.6347,43.4612,130.6022,74.09,106.9943,50.1893,30.1772,14.0055,43.4477,229.1215,133.3372,92.8065,18.9393,178.0298,56.3115,252.1868,53.2825,72.5356,113.7273,86.2814,100.2456,197.2498,26.9826
2023-05-04,53.0764,27.7976,87.5193,15.9516,100.9485,163.4105,684.6921,35.6968,43.7984,133.7329,73.66,107.0472,50.6169,30.114,14.9008,43.612,226.6298,133.2213,93.0308,19.0283,180.2833,56.447,259.3242,53.6755,71.9555,114.3868,86.5416,99.8691,197.2042,26.7338
2023-05-05,53.9593,28.1493,88.0122,16.2716,101.721,164.7672,694.6995,36.6455,44.8964,137.2361,74.55,108.8878,51.2992,31.0252,15.2881,43.685,227.8566,135.8421,94.4972,19.1173,182.4627,57.2601,264.3356,54.2471,73.6959,116.5577,86.4608,101.3105,200.2998,27.342
2023-05-08,53.7964,28.2866,88.8794,16.0035,99.8926,165.3263,694.8122,36.5923,44.0232,139.2227,73.14,107.7517,50.9353,31.0162,14.9955,43.3107,221.713,135.4499,93.1602,18.8859,179.1797,56.8987,265.613,53.3004,71.4222,116.6676,84.7018,101.7788,199.0525,27.4157
2023-05-09,53.3335,28.2694,88.1856,15.7094,100.4763,164.373,683.6782,36.1313,44.0837,138.7349,73.38,106.7654,50.7442,30.9525,15.0643,42.7812,222.6545,134.4247,91.8577,18.7435,179.4672,56.3386,267.355,52.5859,73.2842,115.3394,83.1851,101.5125,196.9402,27.6092
2023-05-10,53.4621,27.9263,90.2486,15.6834,102.1073,165.1338,704.3596,36.4948,43.7552,139.0631,73.81,107.6901,50.7897,31.3434,14.9094,42.9455,225.441,135.3875,91.8922,18.7613,182.101,56.6006,267.9981,52.6842,74.2761,117.3179,82.9249,101.5309,197.359,27.7382
2023-05-11,52.9735,27.3858,89.2445,15.5709,100.1673,165.3263,697.9289,36.6633,42.735,135.3115,73.64,106.0432,50.2348,30.9344,14.5134,42.6351,221.6369,136.5017,91.6507,18.7613,181.4796,56.8355,263.5227,52.2376,74.0608,115.1746,81.5338,101.8063,197.5502,27.4157
2023-05-12,53.1707,27.3686,88.6329,15.8045,100.1673,165.1613,693.9767,36.6899,41.8618,136.1718,73.1,105.2066,50.1165,30.9162,14.4101,42.4434,225.1177,136.7335,91.7369,18.6634,185.7456,56.7361,264.4071,52.2733,74.2012,114.6525,82.0364,101.4482,196.0389,27.4894
2023-05-15,53.0935,27.3,89.8013,16.1678,97.7724,163.768,694.9436,36.5746,42.4584,135.0011,74.16,106.3955,50.6351,30.9798,14.5651,43.0733,223.7577,135.744,92.2372,18.6367,181.2663,56.429,262.6205,52.8092,75.5591,114.7532,82.521,99.9242,194.8826,27.7198
2023-05-16,51.6792,26.6822,85.4381,15.6228,95.6693,160.6698,672.441,35.8032,40.686,132.2518,73.57,103.4804,49.4433,30.189,14.5995,41.6583,220.4386,132.3834,89.4769,18.0493,177.1673,55.2274,258.0289,50.9247,73.1074,111.0618,79.3261,97.4087,190.4123,27.0102
2023-05-17,51.9878,27.0254,87.282,16.0554,98.2445,162.4022,683.5655,35.9451,42.5016,132.3228,75.36,104.8279,50.2803,30.5435,14.6684,41.85,223.1205,132.8291,91.6938,18.165,180.6172,55.6249,256.3942,52.4966,73.0885,112.39,81.1838,98.033,192.0784,27.1669
2023-05-18,51.4906,26.9139,85.9858,15.8997,97.8496,161.2656,677.0316,35.6702,42.6659,132.305,76.81,102.9608,50.1893,30.4889,14.9352,41.1287,223.4058,132.2675,91.0382,17.9781,177.158,55.4171,254.4111,52.0143,72.4944,111.8038,80.1158,98.1891,190.8584,27.2038
2023-05-19,51.4049,27.1112,82.8366,15.8478,97.0685,161.5497,679.2847,35.7677,42.4324,131.3472,77.28,101.9832,50.3622,30.4799,14.6942,40.8731,221.9507,132.0892,90.8829,17.7111,176.8798,55.5165,254.5004,51.4695,72.1738,112.7198,79.6402,97.7759,190.9949,27.2683
2023-05-22,51.722,27.1198,83.5303,16.2457,98.7681,161.9897,682.2325,36.0426,43.2797,131.835,78.06,103.6477,50.071,30.5798,14.7372,40.5444,224.8799,131.2335,91.4178,17.8891,179.4208,55.8327,254.152,52.1929,72.1267,113.7914,80.9505,97.5648,192.1057,27.0102
2023-05-23,51.5163,26.6737,82.5445,15.9343,96.9655,160.5414,657.2374,35.6791,43.9713,131.3383,76.13,104.0176,49.7708,30.2799,14.479,40.6266,219.1452,130.3421,89.822,17.9336,174.4872,55.0467,256.823,51.407,71.8249,113.1594,80.2146,97.1975,192.306,26.8997
2023-05-24,50.6506,26.2618,78.9481,15.5969,95.2143,157.709,636.8358,34.9697,41.8013,129.8927,74.51,100.7151,48.6246,29.9435,14.2638,39.1294,213.2584,129.1387,88.1226,17.4797,170.0728,53.8722,253.1515,50.3264,69.9956,110.8512,78.4645,95.2145,189.5928,26.3467
2023-05-25,50.0934,25.9787,84.1784,15.4758,96.3646,156.2607,667.094,34.5796,41.1529,128.9437,74.97,97.9497,48.8611,29.9072,14.4015,39.0837,211.645,128.8267,87.3377,17.1593,169.3031,53.7277,252.9014,49.2636,69.4204,111.7305,77.1094,94.5075,188.3,26.2085
2023-05-26,50.282,26.1932,90.2668,15.6315,95.9354,157.4157,687.7408,34.7835,41.2739,129.9991,75.57,98.4341,48.7428,30.3526,14.4445,39.1476,213.6498,130.1103,88.2952,17.3284,168.9507,53.8813,256.0994,49.9602,69.345,114.451,78.1325,95.4073,191.5412,26.0334
2023-05-30,50.5048,26.1846,91.8277,15.7007,96.3217,158.3323,692.7964,34.7569,41.9569,129.6355,75.05,99.0858,48.5791,30.5344,14.281,39.3941,211.7787,131.1444,89.2871,17.7289,168.7838,54.2246,258.0736,49.8173,68.9584,113.8647,78.3389,95.6368,195.3014,26.3375
2023-05-31,51.1764,26.5364,93.5255,15.8997,97.1801,159.4781,703.2094,35.1737,42.078,127.9504,74.92,99.9224,48.5973,30.798,14.2896,39.385,211.7214,131.0909,90.7018,17.7645,171.0466,54.9292,253.0711,50.2549,70.3539,114.0846,79.1556,95.9122,196.7126,26.4112
2023-06-01,51.0042,26.545,95.6432,15.7526,96.2787,161.9622,710.4816,35.5461,41.5419,127.1434,75.02,98.9625,48.3517,30.7707,14.4187,39.741,210.6808,130.9661,89.1923,17.9247,173.43,55.661,253.1873,50.371,70.3539,112.3351,78.7517,96.0499,199.5441,26.4762
2023-06-02,51.4003,27.1198,96.1179,16.2284,97.8582,166.0963,714.5845,36.4948,43.7811,129.5291,77.13,101.6046,50.2439,31.3525,15.1504,41.3478,215.4159,134.2999,91.8749,18.4409,177.2693,56.9981,257.618,52.0322,71.4383,114.4235,81.7941,98.8042,208.0842,26.7452
2023-06-05,51.6499,27.2914,95.6797,16.1765,96.8281,166.3805,710.3118,36.5214,42.9598,128.1012,76.05,101.6574,50.5077,31.3343,14.9869,40.7727,214.0984,134.0147,91.9094,18.3074,174.9416,57.2872,252.9371,51.7911,71.7495,114.1578,81.2197,99.7682,205.0523,26.3092
2023-06-06,51.6672,27.4115,96.1544,16.3927,96.9912,167.8104,700.078,36.8229,44.9915,127.1079,77.6,104.1145,50.6897,31.0889,15.159,41.3844,213.7357,134.6922,94.1694,18.8503,175.3775,57.757,250.1322,52.7467,74.1635,115.257,83.6249,100.8515,205.4712,26.8472
2023-06-07,52.5195,27.8834,94.5844,16.997,98.6393,170.597,696.9843,37.4524,47.101,132.5888,79.94,107.2585,51.2719,31.3253,15.2537,42.3521,217.392,138.1241,97.2144,18.9927,177.0653,58.543,260.7267,54.39,75.8325,117.2996,87.2327,103.973,210.1327,27.3482
2023-06-08,52.399,27.7547,95.3967,16.8306,99.1973,170.8629,707.6897,37.3194,46.5823,129.6178,78.63,106.1577,50.7897,31.5889,15.3484,40.8457,218.5948,136.4304,96.2146,18.6278,176.2214,58.9315,259.2528,54.1756,75.2479,114.4143,86.2544,104.0005,212.1266,27.3296
2023-06-09,52.442,27.7118,95.1594,16.9882,97.8239,172.6137,701.4551,37.7273,46.7811,128.1544,78.94,106.2017,51.0081,31.1707,15.2623,41.7404,213.9552,137.5179,97.0828,18.4142,173.6989,59.7898,256.2423,54.131,76.4737,111.1168,86.2814,103.9638,213.3193,27.5152
2023-06-12,52.4937,27.5402,96.1635,16.9619,98.8539,171.8987,711.0664,37.6652,47.0146,128.926,78.35,106.5628,51.281,30.5526,15.1676,42.06,216.1987,136.1452,96.4339,18.4676,174.8674,59.3109,256.9927,54.4168,77.1432,109.5688,85.5634,102.7795,211.0704,27.6636
2023-06-13,52.6831,27.6603,95.8258,16.8744,99.2316,173.3195,713.6225,37.7893,47.4901,129.3872,79.24,107.4963,51.2901,30.9253,15.0127,41.9139,219.1199,136.992,97.3109,18.5121,177.1488,59.6181,257.2906,54.5341,77.2752,111.1534,85.0429,103.312,213.2737,28.313
2023-06-14,52.6745,27.7804,97.4235,16.9006,99.5623,174.3095,731.7227,38.2238,46.8849,128.5352,78.39,107.373,52.1731,30.9435,15.0299,42.2882,219.3967,136.7424,97.2582,18.4231,179.0035,59.9614,256.4782,54.9223,76.8886,111.9961,84.639,102.605,212.4907,28.313
2023-06-15,52.7176,27.9177,97.3311,16.9707,101.7205,174.6486,735.3351,38.1528,47.7494,130.7414,78.67,106.6949,52.5778,31.2162,14.7286,42.1147,223.3394,137.4288,97.2758,18.4765,181.6402,59.9433,259.6557,54.9223,75.5779,112.2914,85.1775,102.9539,213.7745,28.5356
2023-06-16,52.8553,27.7461,97.1372,17.032,99.7364,176.4086,734.3919,38.4986,47.5852,130.293,77.81,101.675,52.2099,31.2707,14.677,42.0691,220.1127,138.4272,98.9158,18.3964,180.3499,60.2776,259.1682,55.1931,75.8231,113.1309,86.0929,103.8444,215.7047,28.7583
2023-06-20,51.9427,27.3772,96.8786,16.8393,97.8567,174.3461,735.9294,38.0287,46.7811,128.9657,76.94,100.4332,51.0049,31.2616,14.2982,41.4665,214.4135,136.9296,97.1092,17.9603,177.6945,59.6633,257.2906,54.7598,74.701,111.4795,84.5852,102.4398,213.2282,28.9995
2023-06-21,51.3228,27.0471,96.3614,16.7255,97.6043,173.5945,724.3845,37.6386,46.8417,130.9477,76.72,99.7023,51.0969,31.0707,14.324,41.0466,211.1581,135.2359,97.1092,17.6844,177.0307,59.1845,259.764,53.839,74.4841,111.3411,83.8589,101.8614,211.8443,28.6655
2023-06-22,51.2022,27.0298,97.405,16.5066,95.4201,169.5704,704.5677,36.5391,45.2163,128.4365,76.24,97.6239,50.453,30.5162,14.2035,40.6175,212.4851,132.9004,95.6621,17.3907,174.3099,57.9829,255.7379,53.162,73.9843,109.4684,82.8966,99.4101,204.852,28.6191
2023-06-23,50.5909,26.6042,96.1859,16.13,95.2373,166.2521,703.7376,35.6702,44.5247,127.3155,75.23,96.065,49.6436,29.7617,13.9797,40.5992,212.9624,129.8251,94.4869,17.1504,173.9359,56.924,255.9907,52.3585,71.9287,107.8447,81.798,97.1883,200.318,28.2109
2023-06-26,51.6155,27.273,99.0027,16.673,96.4121,170.5145,716.7822,36.7874,48.9252,130.6786,75.56,100.8472,50.2507,30.5435,14.1433,41.8774,214.1557,133.4442,97.4073,17.6844,175.8994,58.8409,260.739,53.7036,75.031,109.7913,83.8316,99.8324,208.1206,28.6841
2023-06-27,51.8221,27.0037,100.6835,16.9707,96.9081,172.247,721.7624,37.4258,49.9281,131.9521,77.97,102.0537,51.2717,30.9707,14.3154,42.8725,215.2727,135.0042,99.1613,17.9336,175.516,59.5438,261.3348,54.4619,76.1343,111.5072,85.6746,100.7505,210.3421,29.5375
2023-06-28,51.7877,26.9255,101.21,16.9094,98.84,171.1929,725.5163,37.3992,49.1154,132.7324,78.47,99.1034,51.0233,31.1434,14.2293,42.5256,217.0578,133.9523,98.9158,17.6399,179.1531,59.1239,260.9917,54.48,75.493,111.2581,85.6837,99.1714,209.6501,30.7992
2023-06-29,51.848,27.2556,103.3249,17.2509,99.2752,173.9026,732.9017,38.0198,50.2327,132.7055,80.3,100.9556,51.658,31.0253,14.4986,43.475,219.2631,135.5568,100.6434,17.7823,180.2003,59.7173,260.5133,55.6806,75.8042,112.0884,87.4722,100.6448,214.3497,30.9198
2023-06-30,51.701,27.299,105.1627,17.2684,99.1533,175.0401,739.4192,38.0908,50.6638,133.4947,80.71,101.0625,52.2651,31.2707,14.6202,43.5672,221.2487,135.3696,101.2749,17.8891,181.3316,60.2193,263.4832,55.7618,76.2757,113.1309,87.8535,100.8857,215.4809,31.0868
2023-07-03,52.0555,27.6464,106.4187,17.6187,100.4848,176.1776,738.8722,38.7114,51.4115,134.9027,81.8,103.4045,52.679,31.6889,15.0459,44.4797,223.4158,137.0455,102.643,18.3163,182.3601,60.694,264.4852,56.3125,76.8226,114.2564,88.3437,102.0441,217.587,31.1146
2023-07-05,52.4273,27.2122,106.4833,17.6888,102.5733,175.8539,745.2483,38.472,51.086,134.2122,81.97,104.1614,53.5621,31.5071,14.9243,44.9589,230.041,136.9474,103.669,18.4854,185.4643,60.7396,263.5103,56.2042,76.5492,114.3855,88.0441,101.4973,216.3362,30.8363
2023-07-06,51.7961,26.8734,105.7353,17.715,101.5377,177.944,736.9669,38.4366,50.5142,133.136,81.9,104.1614,53.5989,31.5889,14.9156,44.4059,228.1413,137.0633,104.4496,18.4409,183.2671,61.196,262.6437,55.9695,75.7099,113.463,88.1349,101.9236,215.9867,30.2982
2023-07-07,51.5107,27.0384,105.098,17.426,100.537,176.7048,728.4497,38.1859,51.9746,132.84,81.87,104.1971,53.3045,31.5798,15.1588,44.1479,229.9265,136.5374,103.9672,18.2896,182.837,60.7396,259.1592,55.3466,75.2573,112.5404,87.1362,100.8023,214.5152,31.0311
2023-07-10,51.2946,27.3859,105.292,17.3297,100.2063,177.8515,738.9571,38.2396,52.2121,134.0956,83.34,103.3511,54.0588,31.5889,15.4542,44.2124,227.0434,136.7068,106.072,18.3252,180.967,61.0317,262.6076,55.3917,74.6538,112.3744,88.0713,101.1637,215.4717,31.4486
2023-07-11,52.3149,27.6117,107.5177,17.7588,100.8938,179.5717,742.4281,38.7858,53.6197,136.2839,83.8,105.417,53.8472,32.0434,15.4803,44.9681,230.8525,138.7659,107.8786,18.7791,181.9487,61.6251,265.2706,56.6826,76.2851,113.6752,90.4953,102.8039,218.9665,31.5785
2023-07-12,52.1506,27.7159,108.746,17.9077,101.3289,179.7197,745.9651,38.6694,53.6813,137.1235,86.43,104.8649,54.5923,32.0888,15.3152,44.5257,232.2463,140.1922,107.3787,18.6634,182.7248,61.5429,267.4551,56.9715,75.1442,115.5387,90.5226,103.0263,221.3577,31.6156
2023-07-13,52.704,27.2469,109.2447,18.1003,100.3977,181.0052,755.9254,38.8753,54.6402,139.4438,88.3,105.9068,54.3715,32.2706,15.4542,44.7193,232.7904,140.0663,106.8525,19.0283,184.0431,62.0906,269.748,57.2423,76.2474,117.1162,91.3759,103.7213,224.7973,31.6805
2023-07-14,52.5916,27.3685,109.2355,17.9602,100.6414,183.0305,759.9718,38.8305,54.0683,140.6265,86.99,106.4767,54.7395,32.1797,15.1154,44.3045,232.714,140.471,106.3614,19.0461,181.3597,62.5379,272.2937,57.2333,75.4176,117.8543,91.031,103.7398,225.7261,31.6156
2023-07-17,52.998,27.4032,109.1708,18.0741,95.7159,179.4792,761.7073,38.356,53.5845,141.2224,88.14,104.6156,56.3676,32.1161,15.1502,44.1571,215.8932,138.0516,106.6859,18.8414,174.1509,61.9354,271.3278,57.6305,74.7575,118.0664,91.4849,102.6279,223.0499,31.8475
2023-07-18,52.7386,27.4032,108.3396,17.9602,96.212,178.5359,750.7849,37.971,54.7017,135.7061,88.5,104.0724,56.8735,31.6616,15.3586,43.8714,217.7261,136.4326,106.5719,18.6011,173.7115,61.4881,265.731,57.5312,74.1163,114.3947,91.7391,102.5074,220.5299,32.0237
2023-07-19,53.3785,27.9244,111.9045,18.2667,98.7704,179.8122,766.5742,38.2844,56.6723,134.4872,88.91,106.3431,57.2414,32.0888,15.35,44.4336,223.6449,137.5389,108.2294,19.0639,176.8157,62.1271,264.4581,58.452,75.8325,113.2692,93.0282,103.2209,223.5281,31.7918
2023-07-20,54.1481,28.4108,109.6788,18.2755,93.5491,181.9947,764.4803,38.5709,55.7662,132.5551,87.95,107.9728,57.0206,32.4252,15.1762,45.7976,212.7524,138.1775,108.5276,19.2686,172.6456,62.5927,260.9105,59.0659,77.3318,114.1733,93.4913,103.8974,224.3466,31.8475
2023-07-21,54.2605,28.4803,110.9625,18.3192,93.3576,182.5311,761.2828,38.741,55.7662,131.878,87.72,109.7359,56.9287,32.8524,15.2631,45.6502,216.361,139.2028,108.4399,19.3576,172.87,63.0399,263.3478,59.3999,77.6147,115.7232,93.7364,104.6202,225.4502,31.8939
2023-07-24,54.7966,28.5584,113.7054,18.3543,97.0039,181.708,772.5825,38.7052,56.7075,132.1669,87.24,109.6291,57.1678,32.8706,15.1415,45.7884,217.287,139.1938,109.1064,19.6869,178.4238,62.6566,266.8864,59.3638,77.9542,117.1716,93.6547,104.5553,224.7697,31.8104
2023-07-25,54.5545,28.5237,111.3965,18.039,96.1859,177.9903,770.1018,37.8278,55.7046,131.0655,88.11,110.199,57.0942,32.3161,15.1762,45.429,210.2512,136.5585,108.4749,19.589,174.6465,61.3603,265.1442,58.9756,78.2088,117.2546,92.8648,102.6834,220.5115,31.8939
2023-07-26,55.1252,28.4455,109.5679,18.1529,97.8654,177.3336,766.8572,38.0605,57.684,130.5147,88.36,113.4048,57.4254,32.2888,15.1328,45.0419,216.1318,137.5389,108.8959,19.767,177.6291,61.4973,266.8142,59.5082,78.4916,119.2657,93.4459,103.6472,220.2173,31.8939
2023-07-27,53.7763,27.7333,106.3448,17.6625,95.8117,172.3674,750.8604,36.3594,56.8483,128.1944,83.25,112.0245,56.1836,31.7161,15.2283,44.24,212.3133,134.4179,107.8698,19.4199,180.6678,59.9455,260.2786,58.2805,76.5869,115.2619,91.3033,100.8116,213.1357,31.6434
2023-07-28,53.1537,27.6117,113.3914,17.6712,94.8022,172.1362,752.0771,36.0281,58.0183,127.1562,82.4,112.6568,55.7053,32.2434,15.793,44.3598,208.9529,133.7793,109.1678,19.3398,176.6848,59.1604,254.1401,58.5693,76.3889,114.0719,91.6301,100.5521,218.2491,31.2352
2023-07-31,52.9453,27.3424,115.0907,17.7413,94.2366,174.4667,763.9238,36.6011,58.6166,126.0095,83.31,111.9177,56.4779,32.2706,15.9841,44.7193,209.0197,134.6068,109.273,19.4288,177.9376,60.1919,254.3387,59.1561,77.4638,115.0866,92.1658,101.0896,223.9879,31.597
2023-08-01,52.7803,27.4814,113.9547,17.6625,94.2018,173.7454,759.4341,36.2609,56.9275,124.1948,83.01,108.6941,56.8275,32.1434,15.9754,44.7654,217.7547,133.1228,110.0097,19.3042,178.8072,60.0094,252.1722,59.3457,79.7741,114.5608,91.9025,100.4595,224.4386,31.5135
2023-08-02,52.4242,27.2122,113.927,17.6888,93.114,172.1269,759.8774,36.2341,58.9772,123.5538,83.43,108.8365,56.6987,32.2161,15.7669,44.6824,218.1939,131.9445,108.7994,19.233,178.2275,60.0824,251.6487,59.3006,78.8028,114.0995,91.4577,99.3289,224.972,30.7992
2023-08-03,51.0956,26.995,111.6089,17.5837,91.3126,170.527,716.2918,36.0371,59.03,125.9012,83.61,108.979,55.0062,31.9616,14.5985,44.4428,212.4755,131.162,103.8094,19.1529,173.6741,59.7355,259.0599,59.5624,79.0103,114.2195,93.1735,98.6803,224.5581,30.7157
2023-08-04,51.4256,26.9776,110.787,17.5136,90.338,170.9524,714.8392,35.8401,60.288,113.4871,83.92,107.5275,56.0364,31.598,14.4118,41.4105,212.7715,130.6044,103.7392,18.8948,172.7578,59.699,248.8683,59.8061,77.6807,112.7711,93.8907,100.5799,224.3282,30.5023
2023-08-07,52.1985,27.1687,111.6459,17.6275,90.3728,173.7361,730.2984,36.1624,61.3613,118.3625,84.94,110.6175,56.5055,31.9918,14.5855,42.0188,210.1271,132.1154,104.9407,19.1262,171.5891,60.3654,255.4762,60.1582,79.9532,114.7914,94.3537,101.8402,225.6342,30.7435
2023-08-08,51.2346,27.0471,110.002,17.4961,90.5381,171.498,730.5059,35.5357,60.3672,116.2408,85.05,109.077,55.8984,32.0101,14.5594,41.9266,212.9242,130.9552,104.3619,18.7435,172.6082,59.8542,254.411,59.111,80.4247,113.8597,92.6742,100.6541,223.0683,30.9569
2023-08-09,51.6774,27.2469,110.1867,17.8464,91.0515,171.3963,730.5059,35.285,59.0036,117.4777,84.08,109.0235,56.0364,31.6987,14.6289,41.0234,217.3824,131.1171,104.1865,18.8325,174.9363,59.8907,258.4732,59.3096,80.5944,113.1032,93.5003,100.6726,221.9371,30.9847
2023-08-10,51.0522,26.8908,111.5258,17.8289,91.1038,171.2483,730.1286,35.3208,59.1972,117.261,84.3,108.3646,56.11,31.6163,14.4726,40.1478,217.9648,129.687,104.2303,18.6367,174.7867,59.845,257.0017,58.6596,80.1041,112.6973,93.2825,99.8015,223.335,30.7435
2023-08-11,50.9046,26.83,111.1287,17.8376,90.8601,173.1997,730.2041,35.5357,59.9274,118.2812,84.53,108.7475,55.6225,31.7811,14.1512,39.4566,219.6258,129.7589,104.2479,18.6011,174.9457,60.6301,259.0058,58.5603,79.4535,113.9427,92.7922,99.9498,225.8089,30.6322
2023-08-14,50.3141,26.6128,112.1908,17.6975,89.7375,169.001,726.4407,34.9448,58.6605,117.5228,84.65,106.6815,55.3833,31.5613,14.0556,39.4474,220.5423,128.2659,104.3794,18.3786,174.9831,59.1787,255.8914,57.9645,80.0519,113.915,91.5394,98.3003,220.6771,30.7343
2023-08-15,49.8712,26.0917,112.3293,17.3472,89.3633,166.8832,717.018,34.3539,56.7251,116.4123,83.28,103.8052,54.8866,31.3507,13.9166,38.7838,219.5017,127.5194,103.3709,18.0938,173.5806,58.4302,252.4792,56.9173,79.0925,113.1862,90.1049,98.2447,219.0401,30.3632
2023-08-16,49.3849,25.8919,111.886,16.8393,86.8919,166.4116,710.9438,34.2017,56.1797,115.5998,82.37,103.9477,54.5187,31.2041,13.9253,38.3414,210.4803,128.086,101.3889,18.0137,166.4186,58.2841,251.6487,56.1049,79.0735,112.4113,88.5344,98.1706,218.9021,30.057
2023-08-17,49.3936,25.7703,112.5325,16.5942,86.8397,165.5515,711.0286,34.4255,55.4759,114.1552,82.26,103.4579,53.8656,30.7004,13.7342,38.71,210.9195,129.2013,100.1085,18.0493,164.8478,58.202,245.8803,55.0938,77.6868,110.8891,87.1998,98.5413,217.4582,29.8344
2023-08-18,49.411,26.1264,112.0615,16.7167,87.2226,165.8289,707.1898,34.3897,55.687,114.5344,82.29,102.4962,54.3715,30.6454,13.9948,38.6732,212.4183,129.3182,101.3801,17.8802,164.9787,58.2841,246.8372,55.3466,77.1264,112.0607,87.5357,98.4023,217.3295,29.9643
2023-08-21,48.8291,25.9354,111.7105,16.4278,86.361,164.2382,703.3887,34.1032,55.2648,114.9588,81.49,101.7571,53.8656,30.1051,13.8558,38.3782,208.3228,127.9601,98.8544,17.6844,163.6417,57.5173,246.6657,54.5341,76.2905,110.8337,87.0001,97.4107,214.4233,30.0663
2023-08-22,48.9073,26.1872,114.2595,16.2702,85.8998,164.3307,713.3663,34.1838,55.0097,114.2094,80.95,101.8907,54.767,30.3982,13.795,38.6547,208.2178,127.2855,97.2845,17.6488,164.3055,57.709,247.0719,54.3536,75.8441,111.6456,87.3087,97.4015,215.251,30.3261
2023-08-23,49.5933,26.5868,116.1527,16.5504,86.5873,167.0682,720.3117,34.7747,56.8307,115.1213,83.17,104.4375,56.1652,30.9385,13.821,39.8898,211.1026,129.1024,97.9072,18.0226,166.2783,58.5762,248.5253,55.2563,76.9364,113.5368,89.0428,98.7822,218.9757,30.9105
2023-08-24,48.942,26.3523,117.7135,16.3927,86.6395,167.2624,725.021,34.6672,56.9715,115.0761,83.56,103.4401,55.6869,30.7737,13.5865,39.9082,210.5946,128.7696,97.0478,17.9959,165.6332,58.5123,247.1351,55.4098,76.3285,112.3098,88.6161,98.8007,218.4883,30.4003
2023-08-25,48.6294,26.5086,116.319,16.419,86.7613,167.808,730.4789,35.0701,56.3117,115.5005,82.58,102.7099,56.2664,30.911,13.4128,39.687,213.0768,130.1727,97.1092,18.0048,165.9885,58.7131,249.419,55.2383,76.9649,113.1585,88.5707,99.3011,218.1848,30.2704
2023-08-28,49.0375,26.6997,117.4272,16.4365,86.9093,168.5849,737.6518,35.3298,57.5169,116.0422,84.59,103.0928,57.0758,30.911,13.7515,39.9819,213.3547,130.6314,97.9335,18.1383,166.5869,58.9413,250.3036,55.7167,77.2119,114.3947,88.8975,99.9683,218.8837,30.4931
2023-08-29,49.0375,26.8213,120.401,16.5066,87.5445,170.0923,749.117,35.5984,59.0476,117.893,85.7,104.4019,57.6093,31.1767,14.0208,40.1386,218.07,131.171,99.5647,18.2184,169.7004,59.4708,251.7931,56.1771,78.8931,115.4095,89.2062,100.3575,219.8126,30.6229
2023-08-30,49.1157,26.9082,121.5923,16.6292,87.736,171.2391,750.9647,36.046,59.206,117.9381,84.68,104.9184,58.2716,31.4972,13.8992,40.4796,217.6675,131.6297,99.5472,18.4142,170.4297,59.7903,253.6617,56.1771,78.7506,115.9631,89.6419,100.3761,220.8702,30.7064
2023-08-31,48.8889,26.7866,121.6477,16.5854,87.4575,169.9998,740.3902,35.7237,58.7397,116.1776,85.05,103.6004,58.4464,31.2224,13.7168,40.2584,215.1853,130.6224,99.5296,18.3163,169.5321,59.1787,249.4912,56.15,78.7221,114.5792,88.9157,99.7274,219.2424,30.5571
2023-09-01,49.0285,26.9168,122.0079,16.5329,86.8223,167.7155,736.7326,35.5715,58.6605,116.313,86.02,104.1436,58.5108,31.3049,13.7429,39.7054,212.4635,129.7589,100.775,18.3786,169.0365,58.421,248.9676,56.3215,78.4941,114.939,89.0246,98.9119,218.4423,30.5571
2023-09-05,48.1997,26.7692,120.7057,16.2264,87.0137,166.2636,728.2427,35.294,58.8541,115.2928,85.87,103.6271,58.2072,31.021,13.8124,38.9404,212.6072,127.6453,100.8013,18.1561,168.6906,58.2385,244.8061,56.4028,76.8034,112.5958,87.6446,97.5497,216.8512,29.7827
2023-09-06,47.9729,26.9342,120.0408,16.5101,86.1522,165.8844,727.6268,34.9806,58.1591,114.2636,85.84,103.2531,58.8879,31.1034,13.8732,39.2999,208.9174,126.9348,101.5116,18.165,166.4373,58.065,242.5855,57.4139,77.8672,111.9777,88.2802,97.0771,217.4214,30.2212
2023-09-07,48.0514,27.1166,121.7216,16.4569,87.0833,167.5953,734.866,35.0254,58.0095,114.8775,85.0,103.6182,58.5476,31.3324,13.6473,39.2538,212.0322,126.0533,102.0466,17.9158,170.6821,58.0559,246.5664,57.6576,78.4086,113.7582,88.5525,96.3636,212.6667,30.2772
2023-09-08,48.2608,27.0906,120.0408,16.4746,86.361,165.8012,730.9716,34.6135,58.5726,114.1101,85.24,102.4161,57.6553,31.0301,13.9427,39.0603,207.892,124.0296,102.1982,17.8179,169.13,57.1887,247.0358,57.8381,78.4561,112.9925,88.6161,95.437,207.1946,29.9507
2023-09-11,48.1299,27.2035,121.0844,16.4658,85.7432,166.0324,733.9848,34.4971,58.2031,114.4712,85.36,100.3234,57.9589,31.2041,14.0208,39.6501,206.2436,122.9503,102.3052,17.5865,168.5597,57.1248,249.6808,57.6666,79.5389,112.6973,88.3528,94.2879,206.0726,29.8947
2023-09-12,48.1125,27.2816,120.9182,16.6342,85.2384,167.3456,732.5445,34.6762,58.0183,114.4803,84.76,99.5219,58.0877,31.4423,14.2033,39.899,205.4385,124.4883,102.965,17.7378,167.5406,57.636,248.6769,58.0548,79.3965,112.5312,89.188,95.8725,207.5349,30.1279
2023-09-13,48.0339,27.1687,118.4061,16.4658,84.7946,166.467,728.5933,34.2196,56.1269,112.5392,79.07,98.6671,58.0049,31.4056,13.9079,39.475,203.4882,122.7974,102.3319,17.6755,165.4462,57.0518,248.2206,57.4711,78.4371,111.8485,88.5525,94.5844,205.0885,29.9973
2023-09-14,48.0863,27.3685,119.7954,16.9002,87.2358,169.6669,741.1387,34.4165,58.2735,114.508,79.75,101.6324,59.3153,32.1933,14.1251,40.8944,209.7129,124.0926,104.6591,18.1294,169.3077,57.6999,251.9623,58.4925,80.2703,114.6992,90.5316,95.8354,207.0199,30.5105
2023-09-15,47.1964,27.2556,120.0472,16.7406,87.0412,170.0646,735.5008,34.2285,58.3086,116.1864,78.42,101.2762,58.4138,32.3215,14.4204,41.1248,209.0708,124.1196,103.7942,18.1472,168.4288,57.6543,250.1553,58.1004,80.1373,114.439,89.7146,95.3258,207.1302,30.3705
2023-09-18,46.8737,26.7952,119.3945,16.5012,86.2629,168.2982,729.1049,33.9689,57.4817,114.8618,78.93,100.0206,58.6183,31.7628,14.2641,40.2676,206.1477,122.0149,101.8683,17.6933,167.8585,56.8053,246.295,56.9513,80.5363,114.021,87.7354,94.4732,205.8703,30.0813
2023-09-19,47.1092,26.9168,118.4061,16.3948,85.7676,167.6231,716.569,33.8704,57.6664,115.8507,78.38,99.5487,58.5997,31.195,14.1772,40.0464,204.5951,122.6625,101.8772,17.7467,165.8295,56.6501,246.7422,56.8875,79.5389,112.9433,87.4903,94.4918,204.2424,29.82
2023-09-20,46.9347,26.9961,119.4131,16.3594,85.5641,168.9456,717.9618,33.9599,57.6752,115.7146,78.09,99.9494,58.9715,31.1034,14.073,40.5349,206.0231,122.9503,101.4314,17.7111,165.8763,56.9788,247.1072,56.9696,80.9827,112.3301,88.5888,94.7049,205.8886,29.6241
2023-09-21,45.4168,26.503,115.5623,15.9338,82.1677,166.0139,695.0313,32.8587,53.5581,111.2236,75.18,91.6589,57.3543,30.2333,13.821,39.558,196.1614,118.885,99.5411,16.9635,158.3122,55.6917,240.1531,55.8843,79.5389,106.4214,86.3486,91.9342,201.4834,29.0923
2023-09-22,44.9806,26.1772,114.9096,15.6855,81.354,164.2845,693.5153,32.4379,53.0566,112.5573,75.17,90.1717,57.5216,29.9311,13.7255,39.2262,192.74,117.1131,99.5768,16.7588,155.4044,54.8884,240.9106,55.4193,78.6746,105.9755,85.2928,90.7666,198.3197,29.1856
2023-09-25,44.6578,26.1948,115.2453,15.6855,81.6459,164.2382,694.8797,32.2319,52.4672,111.0875,74.98,89.8422,57.0569,29.7662,14.0035,39.1248,192.9508,117.356,99.978,16.6609,154.9463,54.7315,240.6824,55.3372,79.0165,105.2137,84.7878,90.5349,198.9359,29.2509
2023-09-26,43.8465,25.7018,111.7115,15.4638,80.558,161.8152,673.7306,31.9723,50.7781,109.5723,73.67,87.714,55.6534,29.3083,13.7602,38.4335,191.772,117.365,97.321,16.385,152.319,54.1131,240.8558,54.0422,77.0219,103.5879,83.0067,89.3302,196.5079,28.943
2023-09-27,43.323,25.4288,108.9422,15.5082,79.3374,159.4754,670.0068,31.6858,51.7898,109.3365,73.49,88.0612,54.8263,29.0335,13.934,38.1662,187.9002,115.1884,96.465,16.0646,149.3083,53.9377,241.8232,53.9237,76.1765,103.3556,82.9975,87.9217,193.8133,28.9523
2023-09-28,43.2881,25.9483,110.5273,15.6323,81.4425,159.9423,683.1492,31.9365,52.9618,109.6177,73.3,89.5582,55.6442,29.0884,14.426,38.8944,190.2003,115.9709,97.0357,16.0735,151.7673,54.2423,241.1844,54.8174,76.4235,104.1732,83.7136,88.6148,195.9706,28.4671
2023-09-29,43.7968,25.6225,112.8397,15.5968,81.3982,160.3625,688.1617,31.9365,53.2123,110.3072,73.86,90.2707,55.2538,29.0243,14.1185,39.2484,191.8391,115.71,96.3224,16.3405,153.7588,54.1869,240.4908,54.2064,77.8103,104.2475,83.2087,88.5773,197.2166,28.6071
2023-10-02,42.9636,25.2263,110.2289,15.1623,80.4253,156.9543,675.294,31.4619,51.4051,108.2114,73.03,88.5392,54.5289,28.658,13.9867,38.5124,189.9894,114.4958,93.2908,15.8509,151.197,53.4117,237.9537,52.957,77.6298,101.7298,81.2806,87.1444,194.2038,27.9726
2023-10-03,42.8759,24.6892,107.3665,14.7988,78.223,156.3193,664.3973,31.1665,48.7123,105.9614,71.33,87.6464,53.1905,28.4565,13.5913,37.3665,182.0732,113.4165,92.1674,15.4148,147.8217,52.784,233.3633,51.9721,75.3312,99.8717,79.5729,86.6387,192.7997,27.5248
2023-10-04,43.4723,24.9621,109.6136,14.9673,78.9571,157.1504,678.3736,31.6679,49.1417,105.5803,71.17,88.2236,53.618,28.9144,13.9515,37.8323,182.8591,115.0175,93.1214,15.5661,147.429,53.5778,236.4114,52.3642,77.5538,100.7264,80.5829,87.7625,195.1895,27.9073
2023-10-05,43.902,24.9269,109.7441,14.9939,79.4347,158.9805,683.1681,31.9812,48.8734,105.7618,72.29,88.3769,53.2556,28.9969,14.1273,37.9721,183.3191,115.4492,93.2106,15.4771,148.392,53.9654,236.2563,52.957,78.8361,101.2931,80.6471,88.2401,197.4677,28.0099
2023-10-06,43.9459,25.1911,109.4364,14.6481,80.6464,160.6053,685.698,32.4252,47.6209,107.531,72.78,88.1695,53.9805,29.2808,14.1888,36.938,183.942,117.2121,93.0947,15.3703,149.1961,54.7315,240.9015,52.884,77.3923,101.1817,79.8025,89.7105,200.7873,27.8233
2023-10-09,44.3317,25.7018,111.0028,14.8254,82.4154,162.6689,693.0225,33.0865,48.4887,109.4816,72.7,90.5863,55.1051,29.4823,14.0745,37.9255,186.7118,120.0992,94.0131,15.6106,151.4868,55.4052,246.7969,53.4859,78.0002,101.6926,80.8399,91.237,203.456,27.926
2023-10-10,44.0248,25.737,112.3082,15.1091,82.3535,162.4634,700.0344,32.7604,49.2044,109.9897,73.17,90.5863,55.4676,29.2625,14.2854,39.0714,186.8939,119.1008,94.6461,15.9489,149.7491,55.1653,247.7643,53.7413,79.4725,102.5009,81.905,90.1975,202.0147,28.0939
2023-10-11,44.6825,25.8514,116.0099,15.4283,83.6183,165.6662,714.8823,33.3493,50.9847,110.9151,73.85,91.4971,56.5364,30.16,14.2063,40.1613,193.2096,120.5399,96.5899,16.1447,156.4168,56.0605,251.6794,54.6897,81.5051,104.424,83.5576,91.237,206.7106,28.5978
2023-10-12,44.0949,25.4288,116.0285,15.2776,83.4148,164.9472,704.3362,32.9959,50.2779,108.9735,72.3,88.6204,56.2297,29.9127,14.1097,39.8446,191.6091,119.7219,95.7161,15.6106,155.1134,55.6452,249.1058,53.8598,80.7357,101.8691,81.96,90.4597,205.0182,28.0379
2023-10-13,44.3668,25.4816,114.3129,15.1535,83.6183,164.7325,703.6824,32.7513,49.598,107.1227,71.45,89.1705,56.0438,29.8028,13.9252,40.4594,193.1808,119.4492,95.4308,15.4771,157.6823,55.276,248.3392,53.7413,80.8782,101.8691,81.1246,90.3473,204.0697,27.9353
2023-10-16,44.4984,25.8162,115.3572,15.2687,83.6537,166.4692,711.9923,32.8238,50.7789,108.411,72.43,90.9921,57.3171,29.9402,14.2854,40.5992,194.4555,120.6126,96.5899,15.5928,159.7789,55.4606,251.6337,54.3523,81.3721,103.049,82.263,90.7126,204.1069,28.0659
2023-10-17,44.7001,25.7722,114.9562,15.6234,82.61,167.403,703.9477,32.9959,52.0314,107.7759,71.51,91.0192,57.3357,29.9677,14.3381,40.6458,192.0691,121.6579,98.2126,15.4949,157.6351,55.5252,249.1606,55.401,82.2175,100.457,83.2546,91.3869,203.7257,28.0286
2023-10-18,43.7705,25.3055,112.4108,15.2687,80.4253,163.8267,694.4818,32.4433,50.6268,105.2446,69.8,87.9891,55.7557,29.4914,14.0833,40.2172,186.6543,119.9309,96.786,15.1389,153.7346,54.4546,243.329,54.4435,81.4576,96.9731,81.5928,89.2891,200.499,27.7114
2023-10-19,43.3407,24.7244,107.8233,14.9673,75.9676,161.5857,666.8893,31.8816,48.8018,102.0691,68.32,85.419,55.5326,28.9053,13.8373,38.9689,181.5557,118.9766,94.9582,14.8452,150.5707,53.9839,235.9095,53.9784,79.7099,95.3008,80.4543,88.0716,199.2716,27.3661
2023-10-20,43.2794,24.2225,107.9819,14.8077,76.1887,158.3736,668.6044,31.4376,48.2203,99.4289,67.49,85.7256,55.04,28.5664,13.6089,38.9689,183.8941,116.9133,94.6461,14.7918,151.194,53.0517,229.2383,53.9419,79.6814,95.1615,80.1422,86.9571,196.826,27.2915
2023-10-23,42.9812,24.02,109.4923,14.6126,76.6044,155.7778,662.7581,30.9303,47.4062,98.1043,66.85,85.1033,54.8913,28.026,13.7407,38.6056,185.1592,115.7681,93.808,14.685,150.4385,51.9995,226.2632,53.0208,78.8266,93.6564,78.8109,86.0018,194.6408,26.9089
2023-10-24,43.4986,24.6099,111.3945,14.9141,77.9399,158.0841,667.2115,31.4558,48.1487,96.5982,66.83,86.1855,55.4397,28.4931,13.8549,39.4813,188.8777,117.9586,94.4856,15.0944,154.1596,52.6825,221.4446,53.9601,80.0614,94.4833,80.4635,87.7438,199.6436,27.0022
2023-10-25,43.218,24.2665,109.0541,14.5239,77.1793,154.2371,646.4509,30.7944,46.6636,93.5225,65.76,82.957,54.25,27.7696,13.7055,38.4938,187.5647,115.7772,93.6029,14.596,152.9318,51.455,217.1919,52.729,78.5226,91.7333,78.6916,85.6834,195.5149,26.6943
2023-10-26,43.6652,24.2577,112.7558,15.2599,80.9029,156.6648,681.7658,30.432,47.9608,95.4641,66.46,84.7697,54.8541,26.6064,13.6441,39.2111,197.7331,110.7146,94.7977,14.8986,165.3322,51.5657,217.9128,53.6957,78.8741,92.5602,80.8216,84.1662,193.9155,27.0676
2023-10-27,42.9724,24.0728,114.0798,14.9584,79.4878,151.8187,673.1242,28.5929,46.8962,94.7111,66.15,82.6594,54.1106,26.3774,13.2223,38.8012,195.5193,106.8608,93.2106,14.6138,162.4328,50.0521,217.7212,52.6013,77.2688,90.4141,79.5546,78.65,192.093,26.7037
2023-10-30,40.5344,23.932,113.828,15.3219,79.762,151.8747,677.805,28.6472,47.6925,94.2937,67.5,83.8949,54.1757,26.8079,13.5123,38.708,196.3818,106.8062,93.915,14.2222,163.0467,50.2644,217.9493,53.0847,77.7628,91.8634,80.5553,78.6032,195.3103,26.6384
2023-10-31,41.7867,24.5659,115.9539,15.9072,82.2385,154.76,691.3643,28.8194,47.9251,93.9853,69.34,83.9851,54.9006,27.1926,13.6001,39.5558,199.947,107.3879,97.9808,13.8395,168.2883,51.0673,217.8489,54.9542,79.4155,93.6007,83.7228,79.4929,198.9183,26.769
2023-11-01,42.3247,24.5395,117.9213,16.049,81.752,153.0139,700.3565,28.457,47.8624,93.7494,70.19,83.7777,55.449,27.2475,13.7055,39.8539,199.0174,106.8699,100.299,13.8662,168.4677,49.0922,221.3899,55.3098,81.1442,94.3904,84.1911,79.3056,193.2925,26.825
2023-11-02,44.1239,25.1735,121.4365,16.4303,86.2805,156.7956,723.1544,29.227,49.9559,95.6002,71.7,88.2596,55.1609,28.1909,14.3205,40.9625,208.352,109.7784,103.286,14.9787,173.9171,50.0152,226.5644,56.6777,83.3953,97.289,85.7978,82.0216,196.9097,28.1406
2023-11-03,44.8471,25.6841,123.9446,16.6254,87.0324,159.9703,730.3273,30.1421,52.7024,97.0519,76.01,92.2727,57.3915,29.2808,14.7247,41.065,217.6387,112.9414,105.1138,15.3169,179.9803,51.4273,231.1274,57.2158,84.0127,98.9891,87.6799,84.8218,202.024,29.0083
2023-11-06,44.5031,25.5345,120.7372,16.4569,85.9091,157.9161,721.7615,29.4626,51.3336,96.0085,75.12,91.3077,55.9973,29.2808,14.6456,41.2513,211.6488,110.6691,104.3916,14.9253,176.3254,50.3843,226.4366,55.8388,83.7182,97.4841,86.4588,82.4243,197.3747,28.7937
2023-11-07,44.7148,25.3143,119.3292,16.1466,85.4049,156.3007,718.2366,29.1002,49.6517,97.2605,74.32,89.8198,54.9936,28.8468,14.5665,40.7855,210.5467,108.6968,102.751,14.5693,175.1448,49.7106,226.3088,54.8356,81.3531,96.8338,85.4305,81.1412,194.7059,28.4018
2023-11-08,45.1558,25.1823,119.7675,16.1643,85.5111,157.7947,720.0749,29.6619,49.1686,107.54,73.93,90.1264,55.3282,29.0776,14.1712,41.0091,210.8725,109.9329,102.9293,14.6761,174.1721,50.5136,228.782,55.3189,82.037,97.6699,85.7335,82.3025,196.0914,28.2152
2023-11-09,44.2474,24.7508,118.9842,15.6944,84.5735,155.3482,717.2986,28.9824,46.6905,107.1499,72.05,85.2927,54.7147,28.8191,14.2766,39.2018,209.3104,108.8695,101.4581,13.9997,171.7354,49.5721,225.0586,54.179,80.3938,95.9512,84.035,81.5814,193.0136,27.758
2023-11-10,44.1504,25.059,120.0472,15.8717,84.5912,157.057,727.0203,29.68,46.9141,108.0663,73.49,86.2667,55.2445,29.2531,14.4172,39.649,209.8758,111.5417,102.8313,14.1866,173.5771,50.3382,223.3885,55.1274,81.6666,97.131,84.9806,82.827,195.8776,28.1312
2023-11-13,44.0093,24.7332,119.0215,15.588,84.5028,154.3398,722.5385,29.1364,45.8137,106.6781,73.32,85.0492,54.9285,29.0961,14.3996,39.8166,209.8087,108.6968,103.0185,13.8573,173.4165,50.0059,224.803,54.4982,81.7622,95.2079,83.6861,81.1506,191.2375,27.8327
2023-11-14,45.9848,25.6665,125.222,16.7584,89.6592,160.4839,748.9805,30.5135,50.7163,117.5383,77.94,94.9781,57.5123,30.8782,14.918,41.4656,223.9257,112.8414,107.6995,15.0766,183.4086,52.0918,237.2784,57.0608,83.1685,101.5719,86.9638,84.2692,200.9733,29.5121
2023-11-15,46.2759,25.4464,125.5017,16.8027,91.3309,159.6342,744.1876,30.2236,51.0115,117.9465,78.6,95.3298,57.8004,30.6936,15.0761,41.419,224.9357,111.9416,107.4766,15.0855,184.9952,51.6119,237.8168,56.7416,82.5371,102.6681,86.569,83.2484,198.6021,29.5961
2023-11-16,46.8227,25.2703,126.0146,16.652,92.0915,158.5697,743.5873,29.8975,49.4101,118.0373,78.05,93.6164,57.6517,30.9706,14.997,41.596,227.0133,110.7055,107.3696,14.7295,188.0458,51.1689,236.8312,55.9117,83.0058,102.4452,84.9623,82.0122,196.7331,29.6148
2023-11-17,46.6639,25.1646,125.4365,16.6697,91.9147,157.8414,738.1273,29.7344,49.2759,116.3679,78.14,93.5352,57.8376,30.9614,15.164,41.4935,224.801,110.3601,108.4931,14.6583,186.7519,51.1596,235.1794,56.3586,83.6946,102.2593,84.9623,81.8062,196.2216,29.7827
2023-11-20,46.9373,25.1823,126.6579,16.6874,92.3657,159.8303,747.3701,30.124,49.2849,117.4748,78.12,94.2206,58.7577,30.9336,15.3836,41.8848,226.2053,111.3872,109.4471,14.8096,188.5463,51.7688,235.5262,56.3221,84.7086,103.1233,84.8154,82.9768,198.1093,30.072
2023-11-21,47.2284,24.8301,127.0029,16.5012,91.6316,159.4381,751.1625,29.7163,47.9698,116.132,77.9,93.5803,58.5997,30.6197,15.1903,41.4749,224.6567,110.4873,108.5555,14.5693,186.563,51.8149,234.7322,55.5834,84.8904,102.761,84.3012,82.1339,197.7466,29.6521
2023-11-22,47.0167,25.1911,127.581,16.6254,91.1894,161.0908,756.9083,30.0153,48.2919,115.0614,78.46,94.3198,58.8228,30.8136,15.2782,41.6426,224.3201,111.1508,107.9759,14.8007,187.7435,52.138,232.4598,55.8205,84.8521,103.625,84.5491,82.8082,197.9233,29.848
2023-11-24,47.5459,25.2351,127.2733,16.5899,91.6139,161.8845,757.5277,30.2146,48.0503,115.3336,79.01,94.8518,58.7484,30.8044,15.3045,42.0245,226.1284,111.4962,107.7441,14.8185,188.2441,52.4518,232.7427,55.9208,85.7322,104.0524,84.5675,83.0986,199.6621,29.8014
2023-11-27,47.7399,25.3231,128.1591,16.7495,94.7715,160.4932,758.8807,30.1511,47.8266,114.9797,79.0,94.7075,59.1109,30.8321,15.3133,42.1922,228.4273,111.0872,108.5198,14.9164,190.0291,52.1564,234.1938,56.3221,86.2105,103.9316,86.0273,82.7333,197.3003,29.5028
2023-11-28,47.4577,25.7282,127.6463,16.8204,98.2917,160.764,759.3572,30.3052,49.437,115.4878,79.03,97.1424,59.2224,30.7397,15.4539,42.4344,232.9385,112.696,108.8676,15.1478,191.9274,52.5994,234.2303,56.4042,85.4356,104.1546,86.3394,83.7261,197.5978,29.4282
2023-11-29,47.3342,26.0804,128.8584,16.8648,102.5814,159.5128,770.2103,30.1602,50.9936,117.5201,79.38,98.3057,58.8135,30.435,15.3221,42.304,235.853,112.5778,109.456,15.2546,194.7229,52.221,235.3619,56.0576,84.3738,105.0186,86.5965,84.0538,197.3468,29.5774
2023-11-30,47.8216,26.3181,129.3992,17.1308,103.7312,161.483,776.5945,30.2599,50.931,118.1008,78.96,98.6575,59.6221,30.8044,15.3485,42.7046,237.5459,113.1414,111.3552,15.4148,197.1784,52.461,236.1468,57.2523,85.2348,106.7745,87.7625,84.5315,198.4905,29.4273
2023-12-01,48.3888,26.8552,129.2407,17.7781,104.8722,166.1518,785.561,31.1659,56.6119,121.9114,81.41,106.5392,60.8675,31.423,15.5681,43.5617,241.0183,115.2409,114.8593,16.1981,198.7745,54.03,242.7541,58.3284,85.5791,109.8682,89.8925,86.7417,205.1856,29.7933
2023-12-04,49.213,26.8992,128.4575,18.2214,104.7484,165.965,783.5695,31.3561,57.0055,124.361,82.18,108.1174,61.5274,31.2014,15.8932,43.953,239.412,115.2773,116.6693,16.4384,197.1312,54.1685,245.7657,59.3954,85.9235,111.7913,91.7196,87.135,207.1476,29.6432
2023-12-05,48.6724,26.6439,129.306,18.2125,104.3238,164.1162,782.7595,31.2927,55.4489,123.5445,81.11,107.9551,61.3322,30.7397,15.533,43.7294,240.8452,114.9319,116.6069,16.3405,198.7178,53.7624,245.3367,58.8664,85.9809,110.2305,91.6002,87.135,205.976,29.3709
2023-12-06,48.4863,26.6263,126.3223,18.1855,103.5632,163.3972,770.2008,31.4105,56.6029,123.9528,81.45,109.8669,61.3229,30.435,15.4451,42.9096,241.9032,115.55,117.4539,16.3761,199.0484,53.7808,246.0942,58.1551,83.6276,110.6021,90.9392,87.4628,207.9938,29.324
2023-12-07,48.4686,26.7936,124.9703,18.1405,104.0497,163.7613,771.9255,31.7094,57.8017,124.3973,82.66,109.9841,60.9604,30.2411,15.6208,43.0586,241.5473,115.5954,118.829,16.7054,199.0106,54.1777,249.2245,57.8815,83.7137,110.5092,90.9025,87.4722,209.0818,28.9955
2023-12-08,47.733,26.864,125.6976,18.2396,102.661,164.1068,763.9786,32.0447,57.3276,125.8218,82.69,107.7116,60.8303,30.5458,15.8053,43.5244,234.8719,115.55,120.2132,16.6876,194.9779,54.2885,249.8815,58.3284,83.9146,111.3453,91.0035,87.7063,210.2534,28.9767
2023-12-11,48.2027,27.1105,125.6416,18.3387,101.2901,163.7894,759.6049,31.6913,57.3276,125.3137,82.25,107.7116,61.2485,30.7305,16.1304,43.7107,233.1213,114.9137,121.9321,16.7054,194.1751,53.6885,252.6376,58.6658,84.2494,113.3428,91.1871,87.4909,211.1461,29.1738
2023-12-12,48.2825,27.0577,125.8467,18.2666,100.8036,163.2478,765.0172,32.1171,56.1377,126.1484,82.3,105.4571,61.7597,30.9706,16.35,43.5337,230.4376,116.0044,121.6697,16.3227,193.6557,53.6978,251.8718,58.5928,84.7564,113.4078,91.1963,88.1278,211.6482,28.7796
2023-12-13,50.179,27.7621,127.4318,19.348,103.2713,171.7916,771.449,33.6301,60.915,132.463,86.1,113.2216,63.0516,32.1802,16.4994,45.0895,238.604,121.4397,125.985,17.0792,199.3128,56.2544,260.6827,61.4405,86.9088,120.069,95.2451,91.8833,221.6722,30.0374
2023-12-14,51.2425,28.1143,125.061,20.3573,102.6975,178.7574,767.3327,34.7445,65.2897,141.9404,91.07,121.2477,64.234,32.5865,17.0968,47.0738,241.2684,125.8389,132.6072,17.9069,200.38,57.5096,268.571,62.5279,87.8846,127.3899,98.2841,96.1411,231.0732,31.8584
2023-12-15,50.7728,27.5948,124.346,20.123,101.1645,175.4426,765.8462,34.1012,63.8941,141.0413,91.12,117.3609,63.7366,31.5893,16.8244,45.9745,239.0176,122.2668,130.5898,17.3996,200.3611,56.5866,267.6115,61.6616,86.8514,125.5293,96.5121,93.6242,227.7722,31.2952
2023-12-18,50.0816,27.498,124.4871,19.7355,100.7879,177.2634,767.7614,34.2553,62.8921,139.0963,91.48,116.414,64.112,31.6447,16.9123,45.8441,237.1323,123.0939,129.9294,17.3462,198.9823,56.8358,266.6336,61.505,86.2296,124.052,95.8144,94.0878,228.8973,31.4923
2023-12-19,50.6222,27.9999,126.5757,19.9157,102.1955,177.0393,771.3347,34.0831,63.8762,140.9129,90.41,116.8198,64.4967,31.9217,16.8947,46.3658,239.2965,122.4941,131.3226,17.6399,199.2751,56.7435,272.04,61.1732,86.3731,125.0524,95.8511,93.1701,228.5998,32.3371
2023-12-20,50.2499,27.7679,124.8822,19.5913,102.572,173.8645,756.9845,33.5576,63.2768,139.6468,89.74,114.0603,63.8305,31.3676,16.7893,45.0988,236.9111,120.0945,130.3727,17.3195,199.3789,56.0421,270.3148,60.3991,84.6895,121.9857,94.7861,91.5805,223.5692,32.0086
2023-12-21,50.4804,28.0355,126.9238,19.6814,102.7424,174.2847,763.8166,33.7751,63.742,143.2157,91.51,116.2336,64.797,31.5985,17.1934,46.0211,242.211,120.0036,128.6628,17.2661,202.3728,56.1344,274.1436,61.3391,86.0479,122.4439,95.897,92.0063,225.1406,32.018
2023-12-22,50.4183,27.9642,127.1214,19.6094,102.9486,174.8823,761.9871,34.1103,63.4021,143.6194,91.95,115.2056,65.0973,31.6077,17.3691,46.4869,241.8455,120.9944,128.7352,17.5331,203.2322,56.4297,274.8725,61.3852,86.0575,123.7902,95.493,92.5267,227.2329,32.2526
2023-12-26,51.1362,28.2497,127.5541,19.6995,103.6299,175.7601,766.2369,34.4002,64.4667,146.2892,92.61,116.432,65.5665,31.9243,17.6679,47.0272,242.9613,121.8487,129.9656,17.7645,204.2239,56.6789,278.5168,61.9381,86.5358,124.7813,96.0439,93.1606,229.79,32.5061
2023-12-27,51.4021,28.3925,128.0528,19.6184,104.0782,176.9366,768.8382,34.7264,64.1714,147.7938,93.64,116.5763,65.9137,32.036,17.7206,47.2788,244.5195,122.076,129.9746,17.8179,206.299,57.1035,281.6536,61.8091,87.1002,125.4545,96.2275,93.558,231.752,32.6281
2023-12-28,51.9161,28.7137,128.0622,19.6454,104.0961,178.5944,775.7179,35.125,65.2599,148.7755,93.82,117.396,66.2516,32.306,17.6756,47.4651,244.558,124.1119,130.5265,17.9603,206.7179,57.685,283.9786,62.3436,87.2054,126.3988,96.705,95.0246,235.0252,32.9473
2023-12-29,51.1149,28.446,126.6133,19.2038,103.2713,176.3526,767.4279,34.6901,63.6454,147.0966,93.09,115.4561,65.6698,31.7567,17.4959,46.8448,244.0194,122.2123,129.0428,17.6221,205.4994,57.0506,281.3953,61.7446,86.2583,124.6317,95.601,93.9459,232.6791,32.6375
2024-01-02,52.1386,29.142,127.2248,19.1768,104.5534,177.2474,772.278,35.0072,65.3959,150.8306,93.22,117.7694,64.4029,32.2315,17.7026,47.5309,245.2602,123.4666,129.3956,17.8268,208.2886,57.9741,287.6967,62.4173,86.3253,125.8658,96.9183,94.9773,234.4903,32.6563
2024-01-03,51.3909,28.9457,125.6067,18.6721,101.7472,172.6507,758.957,34.1194,62.9107,145.6928,89.05,114.1628,62.1413,31.7194,17.5768,46.6662,238.8444,120.1582,126.7359,17.4263,204.3667,56.5842,279.5593,60.6018,85.053,122.0325,94.2651,92.5456,227.7991,31.971
2024-01-04,51.3553,28.4817,123.9791,18.7623,102.2044,172.9333,757.4133,34.3006,62.8018,143.9955,87.42,114.4543,62.4604,31.6357,17.7026,46.2996,240.3642,120.1218,126.8897,17.4975,205.0996,56.6682,276.9483,60.436,84.8521,121.8174,94.4506,92.5456,228.7939,31.5299
2024-01-05,51.56,28.2675,123.0853,18.7893,101.9982,172.0667,751.2292,34.2643,63.8177,145.0323,87.05,115.2193,62.6387,31.5239,17.8194,45.7545,237.19,119.7764,127.2425,17.4708,203.9764,56.6216,275.4998,59.9015,84.6799,122.0699,94.599,92.9051,228.5874,31.6144
2024-01-08,52.9487,28.6334,125.7854,18.8163,102.8858,173.8281,765.3983,34.9619,64.4798,146.647,88.18,118.1701,63.8586,31.8684,18.3226,45.7827,238.9503,121.3307,128.7352,17.7823,205.6898,57.5823,276.893,59.9015,85.914,124.5101,94.933,93.9081,233.0451,31.9617
2024-01-09,52.7796,28.2408,125.7102,18.6902,101.9893,172.4811,761.0437,34.9253,64.6884,144.9864,86.72,116.886,63.0047,31.5612,17.8284,45.3315,236.2185,120.3309,128.5995,17.7111,201.6727,57.3958,273.9222,59.4683,85.7035,124.4166,94.998,92.82,232.6228,31.6707
2024-01-10,52.6193,28.1159,128.4479,18.8884,101.6755,173.0463,766.4751,35.0077,65.3687,143.8946,86.65,117.6055,63.0422,31.8125,17.7385,45.7263,233.6118,120.5035,130.8883,17.7734,198.9217,57.5637,272.3722,59.4038,86.794,124.8654,95.7865,93.2268,232.6228,31.7552
2024-01-11,52.7618,27.8036,126.0677,18.5009,101.0569,172.142,763.283,35.2642,63.4277,138.2981,84.86,114.6364,62.1695,31.5239,17.8374,45.0401,230.226,123.1046,130.6169,18.0582,197.6652,57.6383,267.8791,59.1458,86.0766,122.7804,94.6083,93.8797,232.8104,31.7739
2024-01-12,52.4324,27.75,128.9653,18.582,101.0479,171.9442,776.604,35.3466,63.4549,139.7477,85.26,114.9825,63.0891,31.4681,17.7475,46.1586,230.755,123.1873,132.6434,18.5477,199.3596,57.9835,272.1969,59.0444,87.942,122.9955,95.4618,93.8797,233.7489,31.5674
2024-01-16,51.9339,27.75,130.4706,18.2486,99.3624,169.693,780.5108,35.1176,63.0195,138.032,85.43,115.2648,62.2727,31.226,17.7925,46.3842,228.9371,124.5108,131.6573,18.4498,198.0459,57.3118,272.0308,58.3625,87.3585,121.5182,94.5341,94.1541,233.458,31.0418
2024-01-17,50.928,27.286,127.5353,18.0053,97.2735,168.0257,761.2057,34.3391,60.6976,135.9402,83.6,112.1956,61.3155,30.8257,17.7026,45.1341,224.0315,122.2407,128.5724,17.8357,195.095,56.1551,271.7079,57.5699,85.7513,118.6105,92.9941,91.3818,226.8138,30.4786
2024-01-18,49.9577,27.0005,126.5757,17.8341,96.637,167.1968,756.3271,34.0826,60.3166,134.353,84.32,111.0754,61.8786,30.7698,17.6307,44.7394,223.7237,120.8252,128.31,17.4441,194.105,55.7074,268.4511,57.4132,85.1487,118.0495,91.9179,90.6059,224.1486,30.5912
2024-01-19,50.3137,27.2682,129.2099,18.1675,96.7984,169.9567,764.8552,34.449,61.9765,134.6466,85.51,112.3413,62.7513,31.3564,17.9362,45.1623,222.0789,124.2994,128.12,17.5776,194.0669,56.491,269.3276,57.8095,85.9522,120.0877,93.3466,93.4255,226.0255,30.8353
2024-01-22,49.4769,27.4199,132.2581,18.3117,97.5066,170.7008,764.455,34.6597,63.2191,136.4173,87.41,112.396,62.9765,31.8219,17.9003,45.5289,224.8779,124.9152,128.4819,17.542,194.2097,56.2484,270.9237,58.0307,85.0817,120.3682,93.5136,93.8418,227.3111,31.3891
2024-01-23,49.8419,27.518,130.7905,18.3297,96.7804,169.1655,761.3391,34.3391,63.9356,135.087,86.42,111.1027,63.7085,31.4029,17.6038,44.8146,224.3297,124.6395,129.0066,17.2394,192.5344,55.5302,269.263,58.086,84.2399,119.6857,94.5155,93.066,224.0641,31.2483
2024-01-24,48.9517,27.0719,129.765,18.2125,94.6377,165.8121,757.7373,33.6246,63.9084,134.7842,85.85,109.9916,62.8827,30.835,17.4869,44.6924,218.6161,123.2149,128.0024,17.0258,187.2988,54.8119,266.366,57.3303,83.3502,117.2828,93.9125,92.328,220.2165,31.0981
2024-01-25,49.3345,27.2325,133.7728,18.8073,99.3445,165.8969,776.8804,33.4598,64.8517,136.5458,86.75,112.4051,64.2152,30.9653,17.5858,44.589,223.6852,121.3032,129.2147,17.2305,190.5829,54.9052,269.1062,58.9523,83.4363,117.9934,96.1762,90.7005,219.522,31.2764
2024-01-26,48.9339,27.1254,134.7231,18.5099,97.3632,167.1968,772.7545,33.6063,64.5796,135.298,86.27,113.2521,63.3988,30.956,17.7026,44.5514,219.2221,120.2554,128.4276,17.2839,187.8033,55.185,267.4455,58.6113,83.5989,118.6198,96.1112,90.5965,221.8587,31.0793
2024-01-29,48.8894,27.1522,137.3291,18.5009,97.677,167.9315,792.555,33.6521,65.4957,135.8301,87.87,115.1555,63.549,31.0212,17.8104,45.1999,218.8951,120.3105,128.2195,17.1059,189.5358,55.4835,267.3809,58.5191,83.3885,119.5735,96.1947,91.1074,222.3186,30.9667
2024-01-30,49.1209,26.9827,135.6827,18.4468,96.8073,168.0822,801.9121,33.414,63.4912,133.5457,86.69,110.3832,64.0557,30.7977,17.6846,44.1754,214.5955,119.4558,125.9669,16.5719,186.1565,55.3156,262.7217,58.2242,83.1589,118.3019,96.1112,89.9436,220.0382,31.0605
2024-01-31,48.6468,26.8756,132.1452,18.2035,97.0494,168.6191,790.6588,32.9926,60.3166,132.5181,86.31,110.11,63.3613,30.6581,17.2713,43.6021,215.3265,116.1562,125.397,16.4651,186.2422,56.1458,261.2732,57.7542,82.7571,118.4515,94.3764,88.7893,218.912,30.7602
2024-02-01,49.416,27.7054,135.3346,18.4919,99.5686,167.8091,806.4382,33.4414,59.2191,134.0136,86.19,111.5399,65.0129,31.1422,17.451,44.3916,222.1174,117.5716,126.1117,16.7499,188.8504,56.8641,264.2901,58.6574,84.4025,121.9577,95.7772,90.4072,222.9755,31.3985
2024-02-02,48.468,27.2593,135.9367,18.1855,97.1122,164.8984,803.713,33.2583,57.7679,131.6832,85.0,110.62,64.8627,30.7419,17.442,43.5739,216.1441,117.6451,124.7908,16.296,184.2051,56.1272,258.8468,57.6897,84.1155,120.8451,94.599,91.3723,221.4928,30.8822
2024-02-05,47.0906,26.4384,135.7579,17.789,94.6646,160.1227,796.9858,32.4522,56.8246,128.151,83.34,107.4779,64.234,29.9971,17.2623,42.0982,209.3051,114.7408,123.7505,15.8509,180.3594,54.5787,252.9421,56.4272,82.7571,118.6572,92.5859,88.8271,216.1624,30.3847
2024-02-06,48.0744,26.6168,135.7203,18.2486,96.5204,162.7225,798.5104,32.5713,57.4232,130.9492,84.19,107.1318,64.7126,30.4626,17.4959,42.3896,210.267,115.4209,129.7213,16.0913,182.4536,55.2037,257.0846,57.3303,82.7762,122.0138,94.3114,90.1896,218.6305,30.7977
2024-02-07,47.7256,26.5008,136.8587,18.1765,95.8122,163.3536,806.8194,32.3515,57.8405,130.6556,83.94,106.7584,63.6428,30.3136,17.2803,42.3802,208.728,115.0533,129.7665,15.9044,184.3098,54.8679,259.4465,57.0815,82.9963,120.6955,93.5507,89.5935,214.9236,30.8446
2024-02-08,47.5467,26.474,138.3546,18.0413,96.377,164.3992,815.014,32.5072,59.0196,131.6282,85.96,107.3777,64.3372,30.4347,17.5678,42.7844,207.9585,114.4099,130.3636,16.0112,184.3288,55.2223,262.8509,57.2658,83.2067,123.0983,94.6825,88.8933,215.2239,30.9854
2024-02-09,47.189,26.5187,138.4769,18.0954,97.1839,164.4934,815.4238,32.3973,58.2123,131.5456,86.55,105.8294,64.4029,30.7884,17.5948,42.7938,209.1608,114.4467,132.9239,15.4326,185.0904,54.9052,262.0851,56.5101,83.8572,123.865,93.829,88.4297,215.6556,31.2389
2024-02-12,47.1085,26.5097,135.2875,17.8521,96.9956,164.239,809.9162,32.5804,59.3552,130.2978,88.28,107.4233,64.5906,30.6302,17.7116,42.5588,207.4294,115.3198,131.8111,15.6106,182.5488,55.2223,259.5664,55.9387,83.752,123.463,93.4301,89.1204,216.5753,31.4736
2024-02-13,46.0799,26.0814,133.754,17.5727,94.3419,162.1197,793.4316,31.7103,56.7248,127.1142,85.14,102.7056,62.8921,30.0343,17.2263,41.7975,200.9271,113.3713,129.8389,14.9342,179.3599,54.2242,255.2301,55.6807,83.4841,122.3691,93.7455,86.9442,211.7047,30.8259
2024-02-14,45.9636,26.0547,133.8105,17.5457,94.8529,163.1558,793.5555,31.9393,57.3416,128.0776,86.89,103.2247,63.3894,30.0995,17.451,42.869,201.1003,114.9705,129.2418,15.0054,179.4265,54.7093,258.773,55.4688,89.3195,122.0138,93.5971,88.7893,213.2719,31.0042
2024-02-15,46.5271,26.3134,139.8128,17.816,96.8163,167.4794,833.7283,33.0201,60.5071,130.0685,94.3,108.7256,64.8815,30.5929,17.8823,41.5531,203.8897,119.033,133.8919,15.5394,180.3498,56.2951,264.1056,56.4364,89.6735,124.4447,94.8217,92.1293,220.1789,31.5038
2024-02-16,46.8044,26.3491,128.1562,17.6899,97.0225,166.8388,815.8716,33.0476,61.0967,129.885,93.13,108.6346,63.7929,30.444,17.7206,41.1301,198.9168,118.7205,135.665,15.2724,178.1319,55.9966,259.7325,56.0401,89.0899,124.7158,93.1611,90.9844,220.8828,31.0985
2024-02-20,46.9296,26.3759,127.0649,17.6989,97.6501,166.1041,814.4518,32.7911,59.8903,129.7474,90.97,108.2247,64.2058,30.5091,17.6667,40.4534,199.1477,116.3768,134.7061,15.0588,179.3408,56.0805,262.1312,55.865,88.7838,124.6784,92.2241,89.4043,218.6117,31.1645
2024-02-21,47.1263,26.4651,127.5071,17.825,96.5473,167.9221,823.971,33.2491,59.6091,131.2979,90.46,110.5836,64.3091,30.9095,18.1609,41.4309,199.5709,117.3418,135.9545,14.9698,179.1695,57.1159,266.283,56.418,90.1613,124.7439,92.2148,90.2748,220.7514,31.2587
2024-02-22,47.2426,26.5008,130.1884,17.8521,96.7984,165.8969,839.3025,33.1117,59.3461,129.7198,91.53,110.2648,67.6592,30.835,18.5653,41.4403,203.1491,116.3492,137.0673,14.9431,178.9696,56.379,263.303,56.2797,90.3347,124.7626,91.9365,89.6597,215.7964,31.7584
2024-02-23,47.3499,26.8131,129.6803,17.6088,97.4439,165.2187,840.7033,32.8369,58.9833,128.4996,90.11,111.048,70.4087,30.984,18.2148,41.5061,204.842,116.101,136.0178,14.8007,180.7972,56.1551,262.7402,55.9664,89.9399,124.5475,91.1758,89.7449,215.2239,31.4661
2024-02-26,46.9475,26.367,129.7932,17.3745,94.9694,163.542,836.2534,32.0767,58.1216,127.7106,89.95,108.4797,70.7278,31.0119,18.0171,40.3876,199.8594,113.693,135.276,14.4002,178.6935,54.8679,257.0569,55.5056,88.4475,123.9398,90.3594,87.5971,211.8924,30.9005
2024-02-27,46.7865,26.2242,130.0473,17.6268,94.7095,164.2485,835.9566,32.1316,58.8835,128.6464,90.88,110.8386,69.4422,31.2167,18.1789,40.0775,192.3279,114.7867,135.4298,14.4536,177.7035,55.4742,257.9426,55.7821,88.6978,123.8744,90.8325,88.2121,213.713,31.0136
2024-02-28,46.5271,26.3759,134.2809,17.6899,97.3363,166.1324,853.9769,32.4339,57.8858,126.8757,91.2,110.5653,70.7184,31.3284,18.5383,39.9271,197.3393,115.6507,135.5746,14.7295,184.4431,55.7074,258.5977,56.1876,88.4475,125.2768,91.5376,88.723,215.4961,32.2674
2024-02-29,46.8417,26.706,138.1194,17.807,98.5645,166.7541,851.0565,32.5163,58.7021,129.3345,91.89,113.5982,73.7964,31.7194,18.6372,39.7485,201.2542,115.5128,134.0185,14.9075,189.2978,56.1645,261.9006,57.0907,88.7363,124.6036,93.56,89.3948,217.1571,32.4088
2024-03-01,46.9586,26.3937,141.685,17.78,99.5686,167.7996,862.269,32.9193,60.0899,131.5272,92.98,113.1792,76.0392,32.157,18.8259,41.3557,200.35,117.3051,136.0993,15.219,192.0584,56.6589,261.3193,56.9064,89.2755,125.8471,92.6972,90.6438,219.9443,32.9084
2024-03-04,47.381,26.5187,144.6109,17.6809,101.1286,174.4216,874.8411,34.1467,59.6908,135.3072,92.16,114.7639,74.0685,32.967,18.9337,41.4497,203.9667,118.84,137.8815,14.9965,196.2373,58.6364,263.0169,57.9662,89.9303,124.9215,94.3486,91.5332,228.5874,33.3326
2024-03-05,46.9676,25.8048,141.3557,17.7349,100.0259,173.0746,857.5006,34.0368,58.5933,130.8116,91.88,113.0426,73.7307,32.4643,18.6821,40.3876,208.247,118.4815,135.5746,15.1656,195.5424,58.0954,257.878,57.0815,88.149,123.8276,94.33,91.4859,227.8554,32.4654
2024-03-06,46.8866,25.8227,140.9418,17.6072,100.4741,173.5456,868.1194,34.1192,57.2509,132.1419,92.3,112.569,75.4855,32.5108,18.7989,40.8294,208.6991,119.4374,137.8001,15.6373,196.104,58.4032,261.7714,56.5654,88.6497,124.426,94.4506,92.9808,227.7616,32.5785
2024-03-07,46.9586,25.8941,142.5411,17.6619,100.0617,174.2897,867.5641,34.5223,57.2781,134.3714,92.86,113.0699,76.0298,32.2222,18.7001,40.9234,209.8101,121.9557,137.1861,15.6106,194.8856,58.7017,263.9396,56.6115,88.6208,124.1081,94.6176,93.4255,227.5739,32.588
2024-03-08,47.5608,25.9833,140.6313,17.7805,101.2362,176.0982,871.4324,34.8978,57.9947,138.1697,94.37,115.8204,76.3582,32.697,18.763,41.7505,215.1726,123.9961,138.3407,15.7886,197.3415,59.1495,270.4439,57.017,88.5823,126.2866,94.7846,95.7247,230.3329,33.0336
2024-03-11,47.7226,26.4562,136.8869,17.7076,100.6445,173.9694,855.5951,34.6597,57.8949,137.0779,93.45,115.5472,75.7201,32.6877,18.763,41.8539,215.2207,124.0513,137.2777,15.6729,196.8085,58.6364,269.1062,57.0907,89.2563,125.3984,95.3319,94.5988,228.015,33.2517
2024-03-12,47.5339,26.367,137.5737,17.6528,99.488,173.1593,854.877,33.9635,57.6772,138.1697,93.74,114.7093,75.889,32.7715,18.8259,41.008,211.9695,121.6524,138.0108,15.4771,194.362,58.142,270.8587,56.5597,89.4103,125.8191,94.8256,92.9051,225.819,32.6828
2024-03-13,46.9945,26.1528,135.4098,17.6711,98.699,175.4295,830.3838,34.2566,58.2849,135.6375,94.17,114.0171,75.1664,32.7901,18.7001,40.7918,212.3657,121.2756,138.8264,15.3436,192.62,59.0469,269.2646,56.4758,89.237,124.6597,94.8819,93.6999,227.4238,32.7681
2024-03-14,46.4372,25.7156,135.5047,17.1511,96.5799,171.7935,827.9805,33.588,56.7793,132.0104,93.28,112.4688,73.8419,32.4643,18.5743,40.0305,208.8198,119.7315,136.8745,15.0499,189.612,58.1793,261.6113,55.2088,88.2934,122.2475,93.1472,92.6497,222.5344,32.4837
2024-03-15,46.9136,25.8138,133.6545,17.224,96.1979,173.1499,814.2593,34.046,56.7793,129.2461,93.21,112.7056,74.3717,32.548,18.4305,39.9271,208.1918,119.7958,138.1666,15.3436,187.8509,58.795,258.2554,55.0411,87.9564,121.5223,92.9409,93.189,224.355,32.55
2024-03-18,46.9316,25.8227,134.9354,17.4339,94.9064,171.9536,824.0834,33.7162,56.9879,128.0773,93.05,112.4233,75.384,32.2315,18.5563,40.1996,206.0469,119.2903,139.248,15.4148,186.4897,58.1887,258.7588,55.3206,88.8711,120.6934,93.5691,92.2144,222.9755,32.3794
2024-03-19,46.8327,25.8495,134.4895,17.4247,95.0974,171.5863,808.6962,33.643,57.1602,128.3834,93.48,112.487,75.6206,32.2967,18.6102,40.773,207.8053,119.851,141.2183,15.575,187.1751,58.0394,258.5071,55.1902,90.1806,120.4202,93.4566,91.8549,221.596,32.7397
2024-03-20,47.1383,26.0939,133.6829,17.7349,95.061,173.0181,789.8332,33.9452,58.4572,130.3314,95.64,114.9005,75.8476,32.4363,18.6731,41.0456,208.4236,120.669,142.4096,15.6462,185.2712,58.4685,262.9071,56.1404,89.5355,121.2209,94.7975,93.066,225.8847,33.4792
2024-03-21,47.1833,26.4289,132.848,17.9995,94.2788,174.0636,777.1557,34.449,59.9629,132.0476,98.12,117.1137,76.5666,32.6784,19.0056,41.2711,207.7473,122.1855,142.7853,15.8598,184.6144,59.1868,262.7486,56.5783,89.6414,122.3417,95.8476,94.3339,228.991,33.6878
2024-03-22,46.8147,26.0939,131.4247,17.4156,93.4967,172.5377,766.939,34.0368,57.387,131.1292,96.59,114.3268,75.1759,32.2036,18.736,40.7542,208.1821,120.2646,139.1655,15.6106,183.5197,58.621,260.4274,55.2833,88.6593,121.1455,93.3253,92.9335,227.0953,33.7637
2024-03-25,46.8956,26.0939,130.7795,17.1876,94.1515,171.445,758.848,33.7803,57.0423,130.3314,95.71,115.1829,73.9555,32.0081,18.4754,40.0869,210.9937,119.4833,138.4324,15.6106,186.1565,58.0176,257.0808,55.0597,87.8794,119.7421,92.8565,92.2523,224.7867,33.6499
2024-03-26,47.2822,26.3927,131.9276,17.1602,92.7054,170.1828,766.0773,33.3498,55.3915,130.2943,95.9,113.1063,73.7473,31.9056,18.2148,39.8049,206.9647,118.408,138.075,15.6284,184.7667,57.763,256.6241,54.8827,87.629,117.8677,92.6315,91.1169,223.0975,33.612
2024-03-27,48.3339,26.9359,136.3871,17.6619,96.0342,174.6868,780.6698,33.8994,58.2123,136.1291,96.84,117.4863,75.8192,32.7598,18.7049,41.008,210.7038,120.2186,141.429,16.296,187.889,58.9982,268.5655,56.0566,89.3526,121.3716,95.21,92.9245,228.9101,34.0671
2024-03-28,48.8668,26.9722,136.6718,17.89,96.2525,176.4651,790.264,34.2658,60.2034,136.361,97.24,118.6181,75.8855,33.4263,18.7684,41.3543,209.3705,120.9355,143.4085,16.6876,188.0889,59.5074,270.3926,56.4199,89.9688,122.6525,95.7539,94.1104,232.134,34.0481
2024-04-01,48.2887,26.8001,134.6508,17.4156,94.8245,172.433,766.0581,33.5605,58.3413,136.1198,94.98,115.4804,75.2516,32.9194,18.7956,40.7085,206.6845,118.2885,140.6501,16.5007,183.7291,57.9421,267.074,55.5721,88.5726,120.4862,94.4599,92.2167,227.2602,33.7163
2024-04-02,47.7558,26.6824,132.6487,17.2332,93.5421,171.035,758.9917,33.1392,57.2536,134.9603,94.35,114.0725,74.5042,32.6566,18.4417,40.604,205.7473,117.1396,137.4976,16.2426,182.9391,57.367,264.1655,55.5908,87.6002,118.2822,93.5785,91.4803,223.3061,33.593
2024-04-03,47.6655,26.5828,133.4362,17.1146,92.9237,171.3393,755.3914,33.3956,57.8067,134.5614,95.43,113.64,74.9394,32.6097,18.4054,41.0219,207.3802,118.0587,137.2319,16.3583,183.0628,57.9138,261.313,55.656,87.8794,118.7625,93.9161,91.7003,225.2026,33.1284
2024-04-04,47.53,26.4923,132.7246,16.9686,92.1415,171.3393,747.8558,33.3315,56.6175,134.0605,95.46,112.7291,74.4569,32.2905,18.2239,40.5185,206.5589,116.5698,135.5824,16.3138,181.1495,57.763,261.6113,55.0597,87.0802,117.4439,93.1566,91.6907,223.7613,32.844
2024-04-05,47.8822,26.5466,135.3055,16.8865,91.6595,172.2047,751.0826,33.4414,56.553,135.7302,96.14,114.6338,74.4001,32.6378,18.4054,40.9269,206.1821,116.8179,137.5984,16.5808,181.0257,58.2627,263.4104,54.7802,88.3512,117.491,93.4754,92.408,225.3732,32.7965
2024-04-08,48.4513,26.8273,136.0076,17.0233,91.1229,177.0547,754.702,34.4673,58.2952,138.2812,96.51,116.5938,74.4947,33.1729,18.6504,41.3068,205.8053,121.9833,137.7909,16.8923,179.1599,60.158,268.118,55.1436,88.3801,118.8379,94.7412,97.6778,230.8919,32.6354
2024-04-09,49.1197,26.9812,138.4177,17.2879,92.7691,179.6034,767.1976,35.0881,60.1941,141.3609,96.2,119.253,74.9299,33.3888,18.8047,41.8007,211.2062,124.4281,137.6351,17.2127,183.5388,60.7897,273.4502,56.0845,88.5823,118.9226,96.4853,99.0646,236.6665,33.2137
2024-04-10,47.0964,25.4511,134.1668,16.3939,88.8582,176.9787,743.0012,34.4858,56.5346,132.1867,91.33,112.9591,71.6092,32.7317,18.2783,40.2716,197.4672,122.1947,133.383,16.6253,173.2105,59.3659,257.1461,54.361,86.8491,113.6104,93.4379,96.4058,231.3755,31.8579
2024-04-11,47.1867,25.5326,135.9032,16.3665,88.2943,176.836,740.9426,34.4395,57.1798,132.836,90.68,114.0081,72.4796,32.4876,18.4689,41.0029,198.1049,121.3124,134.5835,16.6253,171.5777,59.2056,256.5215,54.2119,87.0128,113.2619,93.5316,95.5833,231.603,31.9053
2024-04-12,46.988,25.2972,135.2011,16.5125,87.9578,174.7724,731.5877,33.9484,55.8709,130.5077,89.39,112.1126,71.9214,31.8399,18.1513,40.68,195.0131,119.091,132.7048,16.4829,172.1155,58.1684,253.6876,54.4914,86.4544,112.0845,93.5222,93.6705,226.8999,31.5165
2024-04-15,46.6538,24.9712,131.4721,16.4577,86.9937,171.8624,712.4949,33.2165,54.0826,127.7619,86.99,109.6649,70.805,31.502,17.761,40.1196,193.1001,117.6968,130.4871,16.2782,171.0782,57.1972,247.7402,53.9604,85.79,109.0611,91.9376,92.408,223.3914,30.9951
2024-04-16,45.886,24.5819,129.4511,16.0654,85.4567,170.2076,710.6086,32.6791,53.4465,125.9809,85.5,107.6498,70.682,31.0139,17.3163,39.5877,188.4624,115.0571,128.6177,15.8598,165.4019,56.2732,244.4403,53.0847,85.0294,108.0721,90.4186,90.9064,220.6511,30.3124
2024-04-17,46.3196,24.6271,128.8059,16.0563,84.629,172.0811,703.3506,32.7439,53.4188,126.2499,85.14,107.1529,71.0983,31.0421,17.0077,40.1101,189.5832,115.9959,129.1583,16.0824,165.2194,56.9615,244.0581,53.3735,86.3677,100.3015,90.9906,91.1647,220.6037,29.8857
2024-04-18,46.997,24.9169,129.6693,16.184,85.8296,173.0986,708.4158,33.1516,54.101,124.4874,85.14,107.2081,70.4076,31.3518,16.8716,40.4995,189.3223,115.8286,128.636,16.029,164.2397,57.5084,242.6318,53.8113,87.4365,98.6061,92.3877,91.136,221.8553,29.7245
2024-04-19,47.9093,25.2519,129.8306,16.6037,86.5845,175.1052,716.2196,33.7261,55.4929,122.8733,84.9,106.4536,71.051,31.5114,16.9805,40.9649,189.4286,117.1856,128.7001,16.0023,164.5279,58.027,242.725,54.3796,87.9275,97.4759,93.5504,92.0924,222.9932,29.8383
2024-04-22,48.1713,25.3877,128.9102,16.9686,86.4753,177.7109,722.6732,34.2913,56.5438,123.1331,86.04,109.1036,71.7605,31.7085,17.2437,40.9649,190.1436,118.4775,130.5055,16.2248,165.4883,58.9699,243.7132,55.1622,88.2068,98.0316,94.835,93.7948,227.4688,29.8383
2024-04-23,48.2255,25.8766,131.4437,16.996,86.83,179.4132,729.529,34.5322,58.0095,123.634,87.11,109.9502,72.4701,32.0371,17.5069,41.3733,191.5929,118.4961,131.7609,16.4206,167.294,59.4885,244.4403,55.9727,89.4777,98.738,96.4571,94.3017,229.6118,30.0659
2024-04-24,48.4784,25.7408,133.4173,16.9047,86.8027,181.9618,724.684,35.1066,58.0187,124.8956,86.77,110.0974,73.9744,32.206,17.5432,41.4208,192.2692,119.3419,130.872,16.5808,166.4968,60.9217,244.3937,55.5349,90.2191,97.1839,97.1416,94.5504,234.9123,29.9047
2024-04-25,48.5958,25.8495,134.2522,16.8044,85.6841,181.9428,706.9796,35.1807,57.1061,124.1442,87.02,107.935,73.0945,32.3656,17.1439,41.1834,191.2354,118.2266,130.7987,16.3227,166.0646,61.1763,241.1403,55.0225,90.508,97.344,96.1758,93.9287,234.4098,29.8288
2024-04-26,48.5145,25.777,135.5237,16.7679,85.1111,182.0664,700.5259,35.1252,56.7005,123.8102,87.33,106.9597,73.3405,32.5909,17.1167,41.7912,189.5929,120.1134,130.4596,16.7321,164.9024,61.4215,240.2547,54.2958,90.8353,98.0128,95.8195,95.2772,234.1348,29.4401
2024-04-29,49.0565,26.3022,135.0588,17.1602,86.6936,181.6575,695.4798,35.4772,57.9265,127.4373,87.94,109.6373,73.7662,32.4595,17.4162,42.4276,195.0614,121.8793,132.7232,16.8567,168.072,61.5724,245.1021,54.9759,92.2218,98.9076,96.8509,95.9084,235.1778,29.5633
2024-04-30,48.5936,25.8495,131.6809,16.996,85.293,180.2786,680.8969,35.2827,57.0508,124.5616,86.89,106.6192,73.3405,32.1028,17.1257,42.0572,179.8248,120.829,128.7826,16.563,164.7776,60.7237,241.8581,55.1715,91.7404,96.1196,97.6761,95.3346,233.4995,28.6057
2024-05-01,48.9385,26.1663,130.9313,16.8774,86.6117,178.719,665.7874,34.736,54.6172,128.6617,86.27,107.4658,73.8892,31.9901,17.0985,41.6108,182.7233,121.4053,128.4619,16.8033,169.8488,60.3843,242.5106,55.069,90.8546,95.9594,97.7792,94.2539,232.7599,28.6342
2024-05-02,49.837,26.0758,132.9808,17.297,87.7122,183.0174,669.0142,34.8101,55.3731,129.6728,86.79,108.7356,72.8485,32.3844,16.7446,43.8998,187.3127,122.3905,129.5432,17.0614,172.5382,61.8175,246.0343,55.9168,92.5107,98.4554,98.37,96.1475,236.8657,29.4022
2024-05-03,50.1547,26.0758,139.4804,17.4247,88.5763,183.3598,670.4313,35.4216,56.0276,131.6023,86.61,110.8888,71.2591,32.2811,16.9261,44.4412,186.5591,123.6174,130.982,17.1518,174.5551,62.1475,247.7402,54.9666,92.2507,99.7364,95.6507,100.4992,237.3493,29.478
2024-05-06,50.3272,26.3022,136.4156,17.3426,87.2393,185.6136,664.2554,36.0332,56.7742,132.3537,86.32,110.2999,72.6593,32.666,17.035,44.6881,186.076,127.1679,132.3658,17.1518,171.6257,62.9113,250.9377,54.9014,93.1847,98.5873,95.7539,101.36,242.2611,29.4685
2024-05-07,49.9369,26.7549,137.2316,17.3244,87.4485,186.2888,681.6246,36.1073,56.1013,132.9288,86.51,110.1526,73.4162,32.8349,16.9896,44.7641,189.3706,126.5824,135.5824,17.3597,174.1133,62.8924,254.6758,55.3765,93.8394,101.4977,96.6634,101.3695,244.3282,29.2505
2024-05-08,49.7281,26.4923,133.0757,17.2605,88.5035,185.3474,663.2787,35.4587,55.4192,130.7489,86.5,108.6712,73.8325,32.5721,16.5449,45.0586,190.5494,123.6081,135.5182,17.3145,174.1613,62.3267,250.7792,54.6591,94.7445,99.727,95.7445,99.6289,241.3223,29.1367
2024-05-09,49.5829,26.5285,136.1974,17.37,90.8409,187.4776,739.6116,36.1721,56.6267,135.6375,87.44,110.9164,75.2989,32.8349,16.7173,45.163,191.7668,126.7218,136.6637,17.5858,179.0021,63.213,256.7173,55.2647,95.4763,101.8651,96.1571,102.1729,246.1393,29.5159
2024-05-10,49.9278,26.7096,134.2238,17.3153,90.5044,187.2398,725.4883,36.1721,56.6913,136.0549,90.22,111.8825,75.4692,32.6472,16.6447,45.1725,190.8296,125.9132,135.3716,17.6762,177.1964,62.9867,257.23,55.4976,95.7475,101.2434,95.3788,101.9912,245.5419,29.3642
2024-05-13,49.8824,26.8092,135.7704,17.4704,90.9864,187.3349,743.8821,36.2463,57.8435,137.1866,88.13,111.082,74.1636,32.619,16.7446,45.22,191.332,126.4708,134.6843,17.6943,177.6863,62.9396,258.1342,55.7119,96.3773,101.4224,96.0727,102.0868,247.0685,29.5918
2024-05-14,49.8007,27.0718,134.6033,17.5251,91.9141,187.8104,756.2628,36.4779,59.0419,137.8916,88.72,114.1185,76.1882,32.8349,16.8172,45.5525,192.3658,127.1679,137.0394,17.9203,179.5688,63.543,260.8562,55.6653,95.7379,101.9875,96.0821,102.2494,251.2502,29.5728
2024-05-15,50.0186,27.6241,137.2411,17.6437,94.1515,188.7329,775.279,36.7095,59.6226,141.0734,92.26,115.1767,77.9006,33.4639,16.7718,46.2648,195.5155,127.9951,137.6901,18.3091,184.4287,63.7128,267.2138,56.4106,97.8499,103.5981,96.5696,103.3015,253.9716,29.734
2024-05-16,50.0912,27.4158,137.5258,17.4247,94.6063,188.343,765.5315,36.5242,58.6732,140.3962,92.05,114.1553,77.579,33.0508,17.0168,46.2648,196.0083,127.2051,136.233,18.0559,187.2333,63.2602,267.5587,56.01,97.8014,104.3517,95.2944,101.8764,251.0037,29.497
2024-05-17,50.0367,27.5064,136.4725,17.5342,93.5785,189.1418,765.8475,36.6354,58.2583,140.8971,91.27,114.2566,77.3803,33.2761,16.7173,46.4548,192.6363,128.023,136.3521,17.9836,186.8203,63.2979,269.0968,56.7274,98.1308,105.0204,95.9508,101.8573,252.5018,29.5539
2024-05-20,49.9006,27.3615,136.0171,17.2514,91.514,187.7343,761.4908,36.4964,57.2444,139.4129,90.19,113.8333,77.6736,33.2573,16.681,46.2838,191.6991,127.2051,134.1344,17.8932,184.179,62.6756,266.5147,55.8516,97.6949,105.5384,94.7131,100.9678,249.771,29.3073
2024-05-21,49.9913,27.2709,136.8805,17.3518,91.6322,188.7424,762.6652,36.7744,57.4748,135.5076,90.42,113.6308,78.3831,33.0227,16.6447,45.9419,191.6605,126.8705,135.6007,17.857,186.4553,62.9867,263.8393,56.0566,97.9467,104.1727,94.9756,101.3026,250.4821,29.497
2024-05-22,48.757,26.7368,135.8273,17.3335,91.1502,187.915,752.2877,36.691,56.9033,135.7766,89.61,112.9775,76.595,32.8349,16.7083,46.0369,188.1456,126.4058,133.9695,17.6491,183.7756,62.4776,263.8206,56.1963,98.6927,102.8729,94.7881,100.767,249.3253,29.1082
2024-05-23,47.4772,25.8947,134.9734,16.9412,90.0497,184.4534,738.8777,35.959,55.0873,132.3073,87.65,109.122,75.0056,32.4031,16.4723,44.8211,183.3101,123.543,132.5674,17.2151,179.223,61.6478,255.7571,55.2181,96.8423,99.5009,92.5002,99.4758,244.6126,28.5488
2024-05-24,47.3593,25.6231,135.4668,16.85,89.2402,185.7658,737.5203,36.098,54.6725,132.2609,87.5,108.9472,75.9044,32.3656,16.6084,45.1156,182.6304,123.8033,135.5182,17.2693,178.5795,61.9495,253.9207,55.2367,97.7239,98.6627,91.947,99.0837,245.9686,28.6342
2024-05-28,46.8056,25.5869,136.4156,16.6311,88.8582,182.8272,740.0136,35.4031,53.5479,132.0568,86.76,107.6314,75.2137,31.9807,16.4904,44.8116,181.8536,121.1172,134.8767,17.0975,177.7151,60.95,252.1495,54.8827,97.6852,98.8981,91.8907,97.0848,242.1093,28.217
2024-05-29,46.4426,25.279,134.1953,16.6767,89.0128,179.3466,731.648,34.8101,52.6998,128.3834,86.08,106.0487,74.1541,31.7085,16.1456,45.0301,180.9701,119.6951,134.8034,17.1427,177.9936,59.762,245.9131,54.6778,97.5011,98.8981,91.6094,95.0668,239.8146,27.8377
2024-05-30,46.969,25.4058,136.6718,17.1967,90.6136,180.6685,732.2353,35.0881,53.6401,131.426,86.88,107.0149,75.3462,31.9432,16.1637,46.5403,187.5921,120.6989,136.0314,17.5496,183.2377,60.2523,250.0521,55.9821,98.964,101.3188,92.6784,96.6066,242.3654,28.179
2024-05-31,48.158,25.9943,137.9053,17.6619,93.2238,183.2362,734.4975,35.783,55.9262,134.2924,88.07,109.4993,76.3396,32.6566,16.2817,47.737,190.9711,124.2773,138.6615,17.9926,188.0017,61.3178,255.2631,57.2025,100.4366,104.0691,94.6568,98.1751,246.3384,28.6659
