Date,12E454,251988,3C7F5F,4A6F00,4A6F00_2,57DDB9,622DBE,8A8E41,9C25FF,A01664,A13375,A13375_2,A18D3C,ADF092,C8257F,C83B88,D88EF3,DB06B0,DD1BA1,DD1BA1_2,E30B34,ECD263
2023-03-16,203.5114,15.5553,18.8889,99.4904,100.2401,136.097,35.5442,29.8229,67.66,115.55,31.7123,29.0002,92.7494,14.16,80.3433,31.0908,346.45,111.7906,16.0823,15.9252,30.5506,31.006
2023-03-17,194.2559,15.3353,18.8601,100.7796,101.6187,137.001,35.6413,29.9941,66.34,116.28,31.5101,28.885,91.6772,14.34,79.2943,30.9107,350.01,111.6133,15.7681,15.6016,30.2635,30.35
2023-03-20,196.4406,15.6398,19.1473,100.3829,101.0931,140.0401,36.146,30.5158,68.03,116.31,32.184,29.4608,92.6806,14.24,81.5948,31.2539,348.75,111.7807,15.8957,15.7585,31.1428,30.513
2023-03-21,200.7605,15.6821,20.3441,104.0523,104.971,139.1361,37.2234,30.7686,69.23,118.59,32.4728,29.7775,94.9627,15.09,82.7267,31.7343,352.29,113.179,16.0037,15.8958,31.7529,30.579
2023-03-22,198.4268,15.5553,19.8079,102.5152,103.3643,137.9724,38.0679,30.418,66.24,113.56,32.0781,29.336,93.3495,14.51,80.647,31.0565,341.83,111.4263,15.6208,15.5231,30.9364,29.39
2023-03-23,202.8659,15.6145,19.8558,104.7267,105.3875,136.8567,38.5532,30.4669,65.34,117.48,32.4151,29.6623,94.2643,14.53,81.558,30.8592,342.17,114.2621,15.9645,15.8663,31.4299,32.037
2023-03-24,204.5839,15.7413,19.3675,104.568,105.1892,137.0876,39.0191,30.7034,65.95,118.12,31.8278,29.1537,92.5429,14.0,80.6378,30.8163,343.95,117.2063,16.043,15.9056,31.4389,32.839
2023-03-27,201.4358,15.9613,19.8749,101.6127,102.2138,138.3955,39.1452,31.0213,67.09,116.98,32.3766,29.7295,94.0577,14.34,81.4568,31.2281,348.36,116.8223,16.2786,16.1703,31.8606,32.766
2023-03-28,199.2908,15.8344,20.4972,100.1945,100.5277,137.328,38.3348,30.9806,67.85,115.55,31.539,28.9138,93.2708,14.48,81.65,31.271,345.54,116.2118,16.4357,16.2782,31.6183,32.352
2023-03-29,203.9284,16.0712,20.593,100.5515,101.0633,138.309,38.0193,31.3719,68.61,116.67,31.9337,29.288,95.2873,14.66,83.2604,31.7,349.71,117.3639,16.7499,16.6018,31.6901,33.203
2023-03-30,206.4012,16.1389,20.7844,100.0557,100.4881,139.0399,36.5051,31.5186,69.2,116.59,32.4151,29.6431,96.4972,14.85,85.34,31.8716,349.05,117.2752,16.7794,16.641,32.713,33.843
2023-03-31,210.4728,16.2827,21.3589,102.8722,103.1461,139.2996,37.2622,31.7061,70.0,119.3,32.7809,30.0462,98.494,15.1,86.8124,32.5236,357.61,118.6046,17.1132,16.9352,33.4128,34.548
2023-04-03,211.595,16.4011,20.861,103.497,104.0486,141.1461,37.3205,31.9752,69.31,118.69,32.9061,30.1037,98.1301,14.81,87.6038,32.6094,356.21,119.4908,17.2801,17.0823,33.7089,34.828
2023-04-04,213.2336,16.6126,20.6887,103.854,104.2569,140.7134,35.9422,32.3258,69.39,121.64,32.6076,29.9022,97.9432,15.15,87.2265,32.6526,348.12,123.3212,17.1426,16.9842,33.5833,34.675
2023-04-05,210.016,16.8156,20.1047,103.6061,104.0883,143.4159,34.9522,32.7008,68.8,120.98,32.4825,29.7679,98.2776,14.79,86.1774,32.7823,353.12,124.2172,17.1328,16.9842,33.2244,34.235
2023-04-06,214.604,16.8563,20.7366,107.5234,108.0058,143.8871,34.6707,32.7194,69.13,119.0,32.2033,29.4992,98.3366,15.11,85.6253,32.5834,350.27,123.2424,17.123,16.9352,33.1885,33.933
2023-04-10,213.2634,16.7877,21.3493,105.5598,106.0718,144.2526,34.6221,32.6117,69.73,121.04,32.6654,29.931,99.1629,15.4,85.7725,33.0503,353.89,123.6954,17.2212,17.0627,33.2603,33.899
2023-04-11,212.3696,16.8906,21.9046,104.4788,105.2487,144.2141,35.0395,32.6946,70.18,120.39,32.9157,30.1997,98.7793,14.93,86.1038,33.1799,358.52,123.7544,17.3979,17.2588,33.4397,33.821
2023-04-12,212.5186,16.9593,21.1865,103.7747,104.3561,143.7909,33.37,32.4874,69.9,119.68,32.4728,29.7583,96.3398,14.06,86.1222,32.5402,343.28,124.1975,17.1525,16.9646,33.6012,33.103
2023-04-13,218.8246,17.1223,21.1961,106.5416,107.3017,144.618,34.6804,32.5868,70.54,122.01,32.675,29.9118,99.1924,14.04,86.8768,32.8946,347.63,126.3146,17.4666,17.2784,34.0678,34.619
2023-04-14,219.9567,17.0965,20.66,107.9697,108.5612,143.8679,34.3212,32.504,68.96,123.07,32.1648,29.5088,98.2678,13.78,87.4289,32.8168,341.5,125.9109,17.231,17.0627,33.987,33.863
2023-04-17,217.3449,16.9764,21.1387,105.0937,105.5462,144.7335,35.0007,32.7029,68.43,124.38,32.7231,29.9598,98.6612,14.53,88.0731,32.9292,346.19,126.1177,17.1721,16.9842,34.1575,33.272
2023-04-18,216.3816,17.0022,20.8898,103.6358,104.2569,144.57,34.1757,32.2719,67.71,124.31,32.7328,29.9406,99.2809,14.27,88.4688,33.0848,343.32,127.063,17.1328,16.9352,34.4626,33.37
2023-04-19,214.2068,16.8992,21.5982,103.3185,104.1577,143.0889,34.0883,31.9901,67.75,123.35,32.5787,29.8062,97.1366,14.29,84.8063,33.0676,343.67,126.2161,17.2212,17.0627,33.6371,32.312
2023-04-20,211.595,15.1407,21.2057,104.4193,105.0305,140.3575,33.603,30.8216,66.88,125.14,32.4439,29.6431,96.4677,13.83,84.8983,32.618,336.0,126.8266,17.1328,16.9352,33.4666,32.535
2023-04-21,211.4163,15.6296,21.5695,104.5383,105.0404,140.6268,33.8942,30.9293,66.98,124.99,32.3669,29.5759,97.9432,13.58,86.3615,32.6266,332.71,127.1319,17.123,16.945,33.6461,32.798
2023-04-24,211.3169,15.0377,21.6174,105.0937,105.9032,140.2806,33.4671,30.747,67.2,127.79,31.4235,28.7027,98.0514,13.36,86.2971,32.1685,330.83,127.4962,17.1034,16.9156,33.5294,32.902
2023-04-25,206.1132,15.0206,21.0334,102.9912,103.7511,142.3387,32.1956,30.9127,66.4,127.01,31.2309,28.5203,96.4086,12.81,85.6621,31.9005,323.94,127.5159,16.7695,16.5724,33.1975,32.255
2023-04-26,207.9504,14.7546,20.727,102.8524,103.5924,142.608,32.1568,30.5978,65.42,121.6,31.2598,28.5299,95.0315,12.58,83.3156,31.5719,320.63,123.203,16.5143,16.3272,32.7937,32.115
2023-04-27,236.9085,15.1064,22.096,106.7003,107.4802,144.2045,33.9621,32.1476,67.36,123.95,31.6353,28.933,98.2973,13.09,83.0579,34.8139,342.75,124.5717,17.0346,16.8175,31.5914,32.585
2023-04-28,238.6564,15.1578,22.3354,106.4523,107.3314,138.3955,35.816,32.1807,67.78,124.29,32.0203,29.3072,100.8253,13.61,83.3432,35.7648,368.7,125.3299,17.4274,17.2686,32.058,32.993
2023-05-01,241.4966,15.012,22.4407,106.3135,106.8256,137.7319,34.9133,32.0813,68.4,124.14,32.0589,29.384,100.54,13.29,84.8247,35.9982,366.51,125.4678,17.2114,17.0333,32.4348,32.412
2023-05-02,237.5838,14.6431,22.0099,104.449,105.1098,134.991,33.5739,31.2194,67.75,121.62,31.8278,29.1057,98.9563,12.69,83.7757,35.6179,357.23,124.2271,16.799,16.6508,31.9772,31.755
2023-05-03,235.3891,14.6603,21.9141,104.5383,105.2487,134.5582,32.5838,31.4763,67.27,122.14,31.4812,28.7602,99.2121,12.83,80.0949,35.3499,356.9,123.1538,16.8775,16.6999,31.0979,31.93
2023-05-04,231.9034,14.5059,15.7008,103.8242,104.3461,135.8565,32.6032,30.9542,67.07,120.28,29.9986,27.4743,95.8578,12.33,80.7206,34.7706,348.78,122.11,16.5437,16.3959,30.7032,32.078
2023-05-05,231.1686,14.6946,16.1412,104.697,105.3429,138.0685,32.2441,31.352,77.16,124.51,30.7784,28.2037,98.8776,12.89,82.5886,34.9522,350.85,123.4984,16.9463,16.7881,31.9324,32.276
2023-05-08,231.6552,14.686,16.2657,106.8788,107.3513,138.6648,31.5258,31.352,77.82,125.69,30.971,28.3668,101.2876,13.46,84.6407,35.0905,350.5,123.8332,16.9659,16.8077,32.4169,33.121
2023-05-09,231.7545,14.6002,15.8253,106.4623,107.0537,136.5971,30.9726,31.1365,77.63,124.6,30.4992,27.9446,100.5105,13.41,84.3554,34.2519,339.0,123.4886,16.7695,16.6018,32.1567,33.214
2023-05-10,231.4665,14.6174,15.1743,110.8259,111.3581,136.5971,31.4094,31.1862,78.56,124.74,30.0275,27.4839,99.4875,13.04,83.8677,34.4594,339.94,122.8288,16.5241,16.337,32.1746,33.542
2023-05-11,234.1577,14.5488,14.7147,115.606,115.9401,137.2414,30.7688,31.1614,77.76,125.57,29.5269,27.0233,90.8018,12.38,83.8585,34.9003,341.71,123.3999,16.5241,16.4155,32.5335,34.476
2023-05-12,232.1914,14.6088,14.3797,116.5382,116.9518,138.6071,29.9534,31.1531,78.15,125.26,29.575,27.1289,90.487,12.51,85.4321,34.762,338.09,123.5477,17.9576,17.808,32.9911,33.989
2023-05-15,237.2065,14.5402,15.136,115.5465,115.9997,139.088,31.487,30.4735,80.39,125.07,29.8542,27.4647,91.3428,12.81,84.4014,34.7533,343.24,122.9273,18.5368,18.4061,32.2554,33.589
2023-05-16,237.1667,14.1799,14.3126,118.5217,119.104,138.2032,30.5552,29.8768,80.75,124.05,29.3921,27.0713,89.4935,12.15,84.5487,34.3557,335.34,123.203,18.1343,18.0139,32.4617,33.375
2023-05-17,240.8064,14.2914,14.9062,119.8407,120.4825,136.1643,30.662,29.9845,82.05,125.02,30.2104,27.7622,91.2543,12.51,85.5149,34.8312,338.54,123.0061,18.4779,18.3571,33.2872,33.996
2023-05-18,245.1412,14.1971,15.0402,121.8142,122.5058,132.8943,31.0794,29.9431,84.5,139.63,29.9312,27.5415,92.2281,12.4,86.702,35.713,343.61,124.2763,18.5172,18.4061,34.4626,37.129
2023-05-19,243.9395,13.9912,14.5233,121.7448,122.238,133.7118,30.9047,29.8768,84.73,137.43,30.1719,27.7526,89.8575,12.2,85.8554,35.6006,340.4,123.7347,18.3601,18.2198,34.6151,36.536
2023-05-22,246.601,14.0512,14.3509,124.0159,124.8365,136.1835,32.9818,29.8022,84.75,137.25,30.143,27.791,90.3198,12.16,85.3953,35.6524,341.49,123.203,18.3012,18.1708,34.633,36.301
2023-05-23,245.0319,13.811,14.2839,121.5465,122.2777,135.9623,33.6612,30.0343,82.06,135.78,30.1815,27.8102,88.3525,11.69,84.6959,34.909,336.44,123.3704,18.1343,18.0139,34.4446,35.599
2023-05-24,247.4848,13.6824,14.0159,119.9002,120.6412,134.6447,32.9721,29.7276,82.08,135.84,29.8735,27.4935,87.6147,11.66,83.6377,34.5632,331.24,123.4787,17.9968,17.8668,33.7448,36.485
2023-05-25,250.9407,12.9961,13.4797,122.4589,123.329,130.5669,32.6518,28.8574,81.69,136.73,29.912,27.7526,86.6999,11.09,82.0089,33.7937,319.66,123.4787,17.987,17.8766,33.6371,35.9
2023-05-26,260.226,13.2963,14.2743,123.5795,124.4001,129.9802,33.108,29.0066,82.15,138.98,30.2297,28.0693,86.8475,11.44,82.7727,34.1309,330.25,124.8573,18.3012,18.1806,33.8345,37.888
2023-05-30,260.7027,13.4164,14.5137,121.0308,123.6166,129.9514,33.8651,28.9237,80.23,138.28,30.3067,28.1077,86.3851,11.3,83.1592,33.8543,333.34,124.7291,18.5761,18.4159,34.0992,39.298
2023-05-31,262.8875,13.4936,14.5616,121.8539,122.357,131.9999,33.4865,29.5287,79.94,137.73,30.0371,28.0309,86.5228,11.28,81.1531,34.0185,326.15,126.228,18.1441,17.955,33.3679,39.523
2023-06-01,270.7228,13.5623,14.7339,122.6969,123.3488,133.5964,36.9031,29.6033,81.13,137.59,30.143,28.0213,87.1426,11.35,82.1745,33.7505,328.02,125.9223,18.5368,18.3277,33.8704,40.313
2023-06-02,270.7228,13.0476,14.7435,123.639,124.2018,126.1717,37.8252,28.6585,82.83,137.52,30.6822,28.6355,89.2869,11.75,84.0334,33.8802,329.32,125.9026,18.6645,18.4355,34.6958,40.047
2023-06-05,269.5113,13.202,14.485,124.9679,125.5903,127.1623,37.5922,28.5591,82.5,136.72,30.9902,28.8658,89.5132,11.63,83.7849,34.3989,334.91,125.2616,18.4779,18.2688,34.334,40.354
2023-06-06,269.2431,13.4422,15.1168,126.2572,126.8597,123.6231,38.5532,28.758,82.99,135.68,31.3272,29.2209,90.6542,12.1,85.4045,34.1136,329.0,125.3799,18.7626,18.5826,34.8225,39.929
2023-06-07,261.7752,13.811,15.7008,121.487,121.9306,121.7092,38.1649,29.2221,82.81,132.25,32.107,29.9214,91.0083,13.12,87.2357,34.883,336.71,124.4924,19.1947,19.0533,35.8264,39.977
2023-06-08,262.7484,13.7853,15.8731,121.1299,121.6628,125.335,37.9028,29.363,83.22,133.12,32.5787,30.3436,91.0182,14.02,87.5694,34.9868,336.18,125.3504,18.9786,18.8278,36.0526,40.937
2023-06-09,263.1159,13.6824,15.4136,121.2192,121.8611,126.3352,40.3682,29.3961,84.15,134.03,32.2899,30.1325,90.428,13.84,87.5972,34.7793,328.48,124.1965,19.067,18.8376,35.8445,42.002
2023-06-12,269.1736,13.6652,15.8061,122.6175,123.329,125.7774,40.0673,29.5121,85.67,136.0,32.2418,30.0941,91.6182,13.97,88.3481,35.177,335.3,124.019,18.8608,18.6317,36.0887,42.397
2023-06-13,269.4418,13.5708,15.9114,122.806,123.4083,124.9118,41.7077,29.4044,87.03,136.47,32.0685,29.9214,92.3166,13.79,88.413,35.1683,335.27,125.5574,19.2928,19.0337,36.3691,43.573
2023-06-14,271.4577,13.588,15.9403,122.6473,123.3587,123.1518,42.8142,29.6116,87.08,136.63,32.0492,29.931,90.9395,13.67,87.7177,35.3066,335.25,126.1294,19.1357,18.8866,36.3058,44.086
2023-06-15,279.879,13.751,15.873,124.0555,124.7572,127.6817,42.028,30.2,90.34,137.2,32.4151,30.2765,91.4215,13.13,88.6263,35.8513,342.85,127.2043,19.4008,19.1318,36.7128,44.527
2023-06-16,279.0548,13.7767,15.633,122.5084,123.0414,125.9217,41.0088,30.2166,90.18,138.64,32.3862,30.2285,89.828,12.8,88.2091,35.6179,341.24,126.8789,19.4401,19.1906,36.2154,43.196
2023-06-20,282.3617,13.5365,15.0472,122.082,122.8331,126.2102,41.1738,29.6779,89.13,139.03,32.0107,29.835,88.2836,12.19,86.8185,35.1337,331.86,124.66,18.9983,18.7199,35.6817,43.47
2023-06-21,279.6903,13.3907,15.1144,119.5531,120.2643,127.6047,39.8053,29.6945,88.65,140.46,31.953,29.7775,87.1917,12.37,87.6065,35.1164,328.78,122.8455,19.1456,18.8964,35.7722,42.445
2023-06-22,282.9079,13.365,14.932,122.1316,122.8529,129.2012,39.8538,29.711,88.8,141.18,31.6738,29.5759,87.0442,12.09,88.2091,35.0819,325.91,123.7133,18.7332,18.4748,35.2476,42.248
2023-06-23,286.7312,13.2535,14.7495,121.3283,122.0099,127.7201,40.0285,29.4293,87.76,141.85,31.4523,29.3936,86.6606,11.79,86.3828,34.6583,326.28,123.5161,18.6546,18.3963,34.8044,42.402
2023-06-26,276.5423,13.4079,14.9512,117.3614,118.1122,129.6917,40.3391,29.9265,87.3,143.51,32.0011,29.8158,87.2508,11.78,87.3655,35.0646,336.88,124.9164,18.8019,18.5728,35.2385,41.594
2023-06-27,285.0629,13.588,15.2489,117.3514,118.0328,130.9612,40.7662,30.2912,88.07,146.34,33.0793,30.8522,87.6049,12.27,89.6924,35.8599,353.84,129.5612,19.1259,18.8572,35.5008,41.708
2023-06-28,283.3151,13.5365,15.1144,119.1862,120.0858,131.0574,40.7177,30.5149,88.72,145.98,33.0505,30.7947,87.3786,12.45,89.4421,36.0242,359.39,128.8512,19.391,19.1514,35.13,42.984
2023-06-29,279.5811,13.7081,15.3545,118.1151,119.0246,131.6056,40.6497,30.6558,89.68,145.47,33.1275,30.8139,87.4967,12.42,87.2635,35.8513,362.68,128.6441,19.3812,19.1514,34.4516,42.824
2023-06-30,284.9934,13.6824,15.2777,118.7101,119.9767,133.5868,40.6206,30.8216,91.11,147.16,32.7328,30.6027,87.8213,12.54,88.2091,35.9204,367.37,127.9045,19.3616,19.122,34.8948,44.049
2023-07-03,284.04,13.8282,15.6714,118.9085,119.5701,134.0004,41.1738,30.8962,91.75,147.73,33.0408,30.9194,89.0213,13.01,88.5892,36.3557,368.2,129.0583,19.4107,19.171,35.2295,44.144
2023-07-05,292.3322,13.7853,15.5081,120.7432,121.6231,134.2216,39.8926,31.0619,92.72,145.04,32.9349,30.7371,88.3229,12.83,87.1522,36.112,367.65,128.0919,19.3517,19.122,34.5783,44.59
2023-07-06,289.9687,13.6137,15.8154,119.1167,119.9371,133.8369,39.9217,30.7718,91.64,142.88,32.7713,30.5644,87.2901,12.67,85.4279,35.8769,371.77,128.8907,19.3321,19.1122,34.4154,43.884
2023-07-07,288.5188,13.6312,15.6426,118.4919,119.1535,133.6541,40.97,30.2826,91.76,143.19,32.8098,30.6315,87.1917,12.54,86.2066,36.0684,371.94,127.4114,19.5481,19.3279,34.316,43.81
2023-07-10,292.0641,13.3343,15.5946,115.487,115.9104,133.0482,42.2124,29.6415,92.03,143.94,32.4439,30.334,86.6606,12.95,86.3364,36.4341,372.54,128.7329,19.4008,19.1906,34.4878,44.171
2023-07-11,296.2251,13.2994,16.1611,116.1713,116.7435,134.664,43.5422,29.515,92.88,150.75,32.4728,30.4204,88.0279,13.3,89.2381,36.5734,380.23,135.4289,19.715,19.5338,35.139,44.021
2023-07-12,307.1986,13.2033,15.8826,117.9465,118.6378,135.5007,45.2408,29.4053,91.75,149.92,32.4151,30.3436,88.6771,13.16,88.2462,36.8607,382.72,133.5946,19.9605,19.7692,34.9853,44.405
2023-07-13,311.2404,13.2033,16.1515,123.5101,123.805,135.3083,46.2211,29.2198,93.12,149.29,32.4247,30.3436,88.9918,13.1,89.3679,37.0522,383.62,134.8175,20.1372,19.9359,35.6455,45.038
2023-07-14,306.7318,12.6619,15.3257,124.3828,124.6679,134.337,46.6579,28.6883,94.46,150.0,31.953,29.8734,87.1721,12.4,89.2659,36.5734,375.47,135.4387,20.0292,19.8182,35.5641,44.191
2023-07-17,308.4697,11.8149,14.7495,123.6192,124.0331,132.7212,47.0655,26.5373,94.29,152.71,32.1936,30.0845,84.1621,12.31,91.0644,36.643,374.81,136.3361,20.2648,20.0045,36.4415,45.005
2023-07-18,309.8898,11.745,14.9032,122.7365,123.0612,133.154,46.5414,27.2206,97.63,153.55,32.7328,30.5836,84.5457,12.77,90.777,36.9477,387.06,136.9476,20.4317,20.1908,36.9751,47.48
2023-07-19,313.8224,12.7405,15.4025,121.0209,121.7719,132.3173,46.1337,28.6546,95.64,152.01,32.4632,30.4012,85.6179,13.28,81.3767,37.1828,388.57,134.9457,20.0194,19.7594,34.0627,47.759
2023-07-20,300.4258,12.8016,15.2681,118.2143,118.5486,134.7409,44.474,28.3762,96.82,151.64,32.521,30.4492,84.8014,13.11,81.7383,37.6181,395.45,135.2316,19.7445,19.4946,34.2979,43.742
2023-07-21,292.223,12.889,14.9032,119.0275,119.3221,135.5103,43.5228,28.5787,96.84,149.96,32.261,30.1517,85.7556,12.93,77.6963,37.3395,394.47,135.1626,19.5187,19.2691,29.7302,42.75
2023-07-24,289.5913,13.0549,14.8648,120.525,120.8793,135.9623,44.2604,28.663,97.16,150.28,31.9626,29.883,85.1851,12.61,77.0288,37.6877,399.43,135.8529,19.2143,18.9651,29.5132,42.837
2023-07-25,292.4315,12.9239,14.4999,121.1994,121.7818,137.0202,42.8627,28.8823,98.47,151.03,31.7412,29.7295,84.2309,12.53,76.5746,37.6964,398.71,137.6379,19.175,18.9161,29.0157,42.77
2023-07-26,296.5031,13.0025,14.8744,128.201,128.5954,135.693,43.6781,28.9667,97.9,150.25,31.9144,29.9118,84.4572,12.76,76.862,37.3569,394.57,136.9081,19.1161,18.8278,29.676,42.267
2023-07-27,309.5522,12.6706,14.4423,128.3299,128.8037,134.5293,42.9792,28.3003,96.93,149.85,31.8663,29.7775,83.9653,12.29,76.3335,39.4811,400.99,135.6064,19.1848,18.8964,30.2548,41.317
2023-07-28,323.2268,12.6182,14.7207,131.4836,131.9179,135.4814,44.2604,28.7052,89.33,151.6,32.0011,29.8638,84.7227,12.79,76.5282,39.3767,396.8,135.9417,19.3027,19.0043,30.1192,42.578
2023-07-31,316.3945,12.6794,15.3929,131.6224,132.017,132.5,45.1437,28.7474,87.75,152.94,32.2033,30.1421,87.4377,13.07,78.4472,39.4028,405.19,134.4624,19.7445,19.4358,30.9603,43.897
2023-08-01,320.476,12.4873,15.4217,130.4621,130.8071,132.0095,44.7943,28.1991,87.1,151.79,32.0203,29.9694,87.5754,12.87,76.8063,39.4463,411.23,134.2356,19.7543,19.426,30.7161,43.862
2023-08-02,312.1342,12.5309,14.932,127.3183,127.5838,130.5861,44.406,28.1063,85.97,147.22,32.0877,29.9982,84.89,12.55,76.6395,39.2548,419.07,124.5614,19.6757,19.2789,30.5624,42.97
2023-08-03,311.0219,12.3039,14.4903,127.3878,127.7127,130.1918,44.804,27.887,86.25,145.75,31.7315,29.7391,84.0932,12.89,75.9442,39.3244,422.78,122.1158,19.7739,19.3279,30.0197,43.1
2023-08-04,308.5789,12.2253,15.0088,127.0506,127.4846,129.4513,42.5424,27.5158,87.73,142.18,31.8278,29.8254,84.89,13.97,75.6475,39.0371,418.86,120.8929,19.931,19.4946,30.689,43.16
2023-08-07,314.3686,12.234,15.4505,130.4423,130.8567,131.4229,42.1639,27.4399,89.22,141.18,31.8471,29.883,85.4113,14.47,75.5641,39.5682,419.43,122.3327,20.2648,19.8182,30.7975,44.076
2023-08-08,310.4757,12.3825,15.7002,130.3134,130.7575,131.0478,43.4742,27.4737,87.88,140.14,33.6281,31.5432,86.6901,14.42,74.5072,39.5247,419.78,120.9126,20.4121,19.9849,30.1192,43.83
2023-08-09,303.0972,12.4611,14.9992,128.5878,129.0814,132.4423,44.3769,27.5918,86.3,139.4,33.3585,31.2169,86.0605,14.11,74.4609,39.4202,419.95,120.2322,20.4023,19.9457,30.1101,42.89
2023-08-10,303.6235,12.3737,14.8552,128.6175,129.1409,132.4616,44.0469,27.8532,86.99,138.46,33.2045,30.9674,90.2608,14.12,73.9974,39.9861,428.29,120.5774,20.3336,19.9163,30.092,42.998
2023-08-11,299.5519,12.5484,14.6631,128.4886,129.1012,133.0482,43.6392,28.14,86.61,140.2,33.3104,31.1401,87.5655,13.7,74.0808,40.0731,427.94,120.5083,21.2958,20.8282,29.9654,42.166
2023-08-14,304.0704,12.4523,14.3366,130.2439,130.7476,134.1638,43.746,28.3088,86.16,142.38,32.5787,30.478,87.359,13.53,74.1179,40.5346,427.28,121.0704,21.6885,21.2009,29.8388,42.778
2023-08-15,299.8597,12.3475,14.7591,128.7068,129.2004,133.279,44.1925,28.0557,86.11,139.51,32.7424,30.6123,85.6376,13.42,74.2199,40.9437,428.08,119.7391,20.9914,20.5046,29.5041,42.37
2023-08-16,292.2528,12.3126,14.3942,127.6357,128.0499,132.9617,43.4839,28.0641,85.6,140.27,32.338,30.1901,84.9392,13.19,73.7192,40.343,426.77,119.0094,21.1976,20.7008,29.2147,41.545
2023-08-17,283.1164,12.234,13.9717,128.8456,129.3888,131.1536,43.251,27.887,84.56,138.08,31.7219,29.6815,84.5162,12.76,72.9034,40.256,424.83,117.1159,20.8048,20.3772,28.9343,40.3
2023-08-18,281.2892,12.269,14.2214,126.4059,127.0581,130.9324,43.0957,27.9882,84.39,137.46,32.2033,30.027,84.5555,12.78,74.0808,39.8381,420.47,116.7215,20.8048,20.3576,29.2599,40.453
2023-08-21,287.8931,12.3126,14.0581,127.3084,127.8714,130.3649,43.086,27.8364,83.96,139.56,31.9626,29.7391,84.4768,12.65,73.5431,39.9251,420.08,116.9582,20.6576,20.1908,29.2056,40.829
2023-08-22,285.6091,12.4523,13.9621,128.0126,128.6251,129.9899,43.5033,28.0051,84.25,140.48,31.6353,29.3552,84.3883,12.54,73.367,39.6727,413.38,117.8753,20.7459,20.2595,29.1785,41.317
2023-08-23,292.2031,12.365,14.4038,131.2753,132.1162,131.1151,44.076,27.9966,84.09,144.55,31.7123,29.4032,84.4277,12.7,74.2477,39.5769,415.28,119.6405,20.9423,20.4654,29.5313,42.755
2023-08-24,284.7649,12.3563,14.1446,128.7068,129.3491,128.2202,43.3092,28.1569,83.7,139.66,31.3657,29.0673,81.1225,12.7,73.5153,39.3854,411.99,118.25,20.7263,20.2399,29.2237,40.693
2023-08-25,283.5236,12.3213,13.8661,128.8059,129.6169,128.2491,42.5036,28.1316,84.79,141.42,31.2213,28.933,81.998,12.27,74.0344,39.5856,416.78,118.0331,20.8147,20.3379,29.2418,41.603
2023-08-28,288.2506,12.4087,14.1542,129.9266,130.7079,130.0091,42.9501,28.3003,84.84,140.8,31.5486,29.2017,82.7849,12.79,74.5721,40.0296,432.0,118.8516,20.9325,20.485,29.4318,41.806
2023-08-29,295.9271,12.8977,14.3654,133.4572,134.3775,131.5094,43.4742,29.2619,84.28,141.39,31.9368,29.5404,83.021,12.95,74.8224,40.7261,451.1,119.4738,21.2467,20.8086,29.6941,42.999
2023-08-30,293.0571,12.8628,14.4999,134.7563,135.8057,132.1346,44.8428,29.2198,84.3,141.83,32.4123,29.8986,82.903,13.11,74.9893,41.0221,439.51,119.0689,21.4627,20.9165,29.7755,43.467
2023-08-31,293.8417,12.9151,14.4903,135.0439,136.2222,131.0382,45.4931,29.5066,84.53,142.2,32.0823,29.5404,82.3128,13.14,75.1006,40.7087,438.12,118.5059,21.6001,21.0734,29.7755,43.368
2023-09-01,294.3283,12.7929,13.1075,134.5381,135.6768,132.0769,45.0952,29.4053,84.05,141.83,30.0639,27.8273,80.3061,11.56,74.3589,39.812,422.32,119.059,21.3939,20.8675,29.7663,43.988
2023-09-05,298.0722,12.6444,13.1075,134.6472,135.5875,131.6537,44.6293,28.933,82.86,141.18,30.5005,28.1176,79.8635,11.64,73.8583,38.7934,408.99,120.0072,21.3056,20.7792,29.3828,44.868
2023-09-06,297.099,12.758,12.8674,133.3481,134.2585,128.9993,43.9304,28.8317,80.7,140.97,30.452,28.0595,79.6569,11.49,74.3218,39.1155,419.98,119.4146,21.3645,20.7988,29.5837,44.576
2023-09-07,296.6024,12.758,12.5025,134.1414,135.0817,132.0288,43.1733,28.5196,80.9,142.23,29.9474,27.5466,79.2536,11.03,73.7656,39.0371,416.98,119.4541,21.1485,20.5929,29.255,44.314
2023-09-08,295.8278,12.5746,13.1171,135.2522,136.0735,132.3654,42.756,28.216,80.94,142.77,30.4326,27.9724,80.2471,11.32,73.1445,39.2026,422.42,120.2541,21.2663,20.6517,28.9902,44.28
2023-09-11,305.4309,12.6794,13.0115,135.7877,136.609,134.8948,42.2512,28.6293,82.58,145.38,30.7432,28.2822,81.1717,11.58,73.6358,39.4028,435.84,121.0246,21.2663,20.6321,29.1637,44.536
2023-09-12,299.5717,12.627,12.9731,134.2208,134.9527,134.7505,42.028,28.7136,81.65,143.19,31.1701,28.6306,82.3128,11.33,73.3021,39.3418,436.61,119.9282,21.1677,20.5139,29.1454,43.469
2023-09-13,302.9482,12.7667,12.8386,135.5795,136.371,136.0873,41.2612,28.5618,82.48,144.36,30.452,28.0208,82.116,11.41,72.0969,39.3418,439.4,120.185,20.6153,19.9917,27.9767,41.224
2023-09-14,309.5621,13.1509,13.2916,136.958,137.8488,137.6454,42.7463,28.7136,85.01,144.4,31.0828,28.5725,83.0997,11.73,72.6717,40.0209,449.37,121.5283,20.8915,20.2084,28.3511,40.049
2023-09-15,298.2311,13.2994,13.5519,136.2637,137.1644,136.5009,42.853,28.5028,83.82,142.91,30.9372,28.3596,84.1817,11.84,71.7632,39.4724,447.95,118.98,20.6942,19.9818,28.068,39.694
2023-09-18,300.4556,13.1771,13.1085,137.067,137.819,135.4237,41.5524,28.2834,83.12,141.33,30.8499,28.2338,83.6309,11.66,71.791,39.7336,455.73,119.1183,20.349,19.6271,27.8032,39.44
2023-09-19,302.9581,13.2819,13.1085,136.8985,137.6901,137.0202,41.1738,28.1738,82.8,143.91,31.141,28.4661,80.6012,11.64,71.1698,39.812,449.68,119.5133,20.3588,19.6567,27.6571,39.62
2023-09-20,297.5955,13.5788,12.7615,132.634,133.4849,136.6355,40.3585,28.3425,81.5,140.72,30.2288,27.8079,81.2111,11.5,70.0284,39.6117,448.17,118.9701,20.1221,19.3808,27.228,38.63
2023-09-21,293.6828,13.3692,12.8193,129.3613,130.2814,134.6351,39.8247,28.081,79.97,135.94,31.1896,28.6403,81.3783,11.51,69.8787,39.7858,446.82,117.3404,20.3786,19.6271,26.7623,38.415
2023-09-22,297.0096,13.2033,12.1832,129.1729,130.1723,134.0196,40.0479,28.0726,79.75,138.24,30.4229,27.924,79.9225,11.1,68.9899,39.4376,445.21,117.5379,20.0826,19.3907,26.3423,37.981
2023-09-25,298.7475,13.1509,12.2025,130.0258,131.0848,134.6543,40.2809,27.9713,79.62,138.75,30.2871,27.8369,79.6864,10.66,69.6074,39.0633,440.02,118.2392,20.1813,19.499,26.3697,38.48
2023-09-26,296.8904,13.116,12.0097,127.5018,128.3871,135.0871,39.7034,27.8279,79.92,137.38,30.0347,27.624,78.7421,10.69,68.728,38.5148,428.72,116.9058,20.0728,19.302,25.9314,37.925
2023-09-27,295.6789,12.985,12.3181,129.4605,130.3806,134.3562,38.8055,27.3303,81.02,137.78,30.0056,27.7111,78.5945,11.03,68.6625,38.8282,433.42,116.5206,20.1122,19.3611,26.2327,37.759
2023-09-28,301.8558,13.1073,12.3567,131.2158,132.0369,134.3562,38.3202,27.4568,83.69,140.2,30.2191,27.9337,78.8208,10.69,69.28,39.0546,444.48,117.7157,20.4969,19.6862,26.4336,37.636
2023-09-29,298.1318,13.116,12.4338,129.7778,130.7674,134.6928,38.0242,27.3387,83.04,140.39,30.2773,27.9531,79.7257,10.86,69.6823,38.6018,439.82,118.9207,20.5857,19.7651,26.1688,37.76
2023-10-02,304.696,12.8104,12.135,133.0605,134.0601,133.933,36.9905,26.7904,84.41,139.0,29.9377,27.653,80.3356,10.51,68.6344,38.7324,438.5,118.6738,20.5167,19.7059,26.1597,38.033
2023-10-03,298.8567,12.9064,11.5567,131.3348,132.2055,131.2113,37.0293,26.976,82.93,137.56,29.3069,27.1304,78.2404,10.35,67.8017,38.0752,432.17,118.0812,19.8656,19.1443,25.7397,37.675
2023-10-04,303.4646,12.7929,11.4025,134.1216,135.1511,132.7789,36.874,26.6048,84.11,139.63,29.4137,27.1497,78.024,10.29,68.5783,38.0927,432.84,119.2368,20.2898,19.5286,25.9771,37.69
2023-10-05,302.6801,12.9501,11.2483,133.953,134.8734,132.173,35.7578,26.841,85.23,140.2,29.3069,27.082,79.4897,10.09,68.2134,37.6984,431.78,119.3059,20.1813,19.4104,25.8858,37.259
2023-10-06,313.2464,12.8611,11.3928,136.4423,137.5909,133.7118,36.2043,26.5825,87.51,140.91,29.4816,27.2272,81.5849,10.28,69.4671,38.0927,431.16,121.4493,20.6942,19.8636,26.6071,38.151
2023-10-09,316.1561,13.1103,11.5278,137.2753,138.3546,134.7794,36.3207,27.0995,86.99,143.13,30.0639,27.6917,83.3161,10.53,70.0752,38.636,442.42,123.0592,20.7731,19.9326,26.7714,38.595
2023-10-10,319.612,13.315,11.9808,136.9183,138.057,136.9625,36.6604,27.3666,86.55,145.24,30.3453,27.9918,83.6014,10.67,70.4307,38.969,444.72,126.5064,21.217,20.3365,26.8627,37.332
2023-10-11,325.5506,13.1459,11.7013,139.3877,140.5365,137.6454,37.1943,27.1081,87.61,144.75,30.2676,27.8853,83.4637,10.96,70.0191,38.7675,449.82,128.0966,21.4044,20.5927,26.6071,36.593
2023-10-12,321.916,12.8611,11.3061,137.8208,139.1381,135.7411,36.2916,26.6342,86.24,141.62,29.8407,27.4885,82.9718,10.32,70.7021,38.4695,447.68,129.9535,21.3255,20.504,26.671,36.12
2023-10-13,312.5115,12.781,11.4699,136.2241,137.4421,136.2508,34.496,26.4274,84.55,142.83,30.0347,27.6627,82.9718,10.37,69.7478,38.3907,449.27,129.6769,21.434,20.6026,26.3606,35.568
2023-10-16,318.9268,12.8255,11.8169,137.9447,139.3365,137.7608,35.321,26.9272,85.58,143.59,30.6849,28.2435,84.3096,10.9,71.1231,38.7762,454.45,129.5288,22.371,21.5682,27.1823,36.082
2023-10-17,321.7571,12.9768,12.0097,138.5646,139.8323,137.3088,35.3598,27.1512,84.48,144.86,30.9664,28.4661,84.7916,10.92,71.6096,38.8726,452.68,129.4201,22.6768,21.9032,27.4745,35.572
2023-10-18,314.7757,12.7454,11.7495,136.8191,138.1364,134.3466,34.4571,26.7548,82.54,142.5,30.6267,28.0886,83.2964,10.58,70.4775,38.5747,448.32,128.6596,22.3217,21.5682,26.5066,34.619
2023-10-19,310.6445,13.582,11.3543,136.6109,137.8389,132.5673,35.1366,27.2115,80.5,140.28,29.9377,27.595,81.8898,10.39,69.439,37.7422,435.87,126.6545,22.0554,21.3021,26.0592,40.177
2023-10-20,306.5133,13.6888,11.0844,134.4786,135.6172,131.7499,34.4765,27.2029,79.95,140.58,29.7145,27.3917,81.2996,10.33,69.1771,37.5582,429.65,125.8742,21.6608,20.8982,25.2831,40.096
2023-10-23,311.8362,13.3061,10.7856,135.3712,136.7677,132.4712,34.2727,27.0478,78.82,142.17,29.598,27.1691,81.7423,10.14,70.7114,37.6283,430.27,124.7877,21.5918,20.7898,25.7488,40.684
2023-10-24,310.3863,13.8223,10.747,137.6621,138.9695,135.6738,35.7966,29.5553,78.6,142.69,29.5495,27.1788,81.2111,10.08,69.6916,38.084,431.18,126.0915,21.9568,21.1445,25.4749,41.373
2023-10-25,297.4565,13.5197,10.5446,124.5712,125.6299,135.5969,33.9136,29.0297,77.7,137.07,29.3554,26.9368,79.2733,9.73,69.5981,37.4618,423.73,124.1754,21.0296,20.2479,25.2831,41.125
2023-10-26,286.3539,13.4574,10.5061,121.2688,122.4264,137.3953,33.8942,29.7018,78.1,133.04,28.9187,26.5593,78.4765,9.8,69.4952,34.3071,411.71,122.1209,20.9507,20.1986,25.4018,40.354
2023-10-27,294.6759,13.1904,10.3133,121.1597,122.3868,134.6447,32.9818,28.8142,77.0,134.43,28.5694,26.2399,78.0339,9.55,69.2238,34.7365,372.0,121.1233,20.6646,19.9227,25.1644,39.787
2023-10-30,300.5648,13.582,10.6025,123.4308,124.7175,136.1547,33.04,29.831,78.6,133.35,28.715,26.3464,79.3618,9.85,69.7197,35.4463,389.8,119.8195,21.069,20.3168,25.5297,41.008
2023-10-31,299.1844,13.7066,10.4868,123.0539,124.2712,138.3571,33.5836,30.2705,80.02,133.75,29.4913,27.0142,80.2569,9.94,70.0846,36.1824,402.8,122.2691,21.1479,20.3759,25.9314,41.169
2023-11-01,309.6912,13.8668,10.4097,125.4043,126.5225,139.5016,28.4296,30.5031,80.41,133.81,29.5592,27.0045,79.7454,10.08,69.6823,36.6468,406.51,122.2592,21.1973,20.4745,25.8858,42.019
2023-11-02,308.718,14.0003,11.4892,126.4357,127.5242,140.8961,28.3228,30.9339,82.45,137.5,30.0347,27.5369,81.9292,11.08,71.6657,37.2427,412.62,126.7039,21.7989,20.9376,26.5523,42.471
2023-11-03,312.4222,14.1338,13.2627,128.0324,129.2995,141.8482,28.5752,31.0373,85.36,138.91,30.879,28.3886,83.6801,11.77,72.6481,37.8386,420.11,127.9978,22.3513,21.6076,27.1732,43.236
2023-11-06,313.6138,14.0181,12.2314,129.1729,130.3707,141.704,27.6142,30.7099,85.39,134.37,30.3744,27.9434,82.6472,11.45,72.0961,37.2077,415.7,127.6817,22.154,21.3415,26.8536,43.474
2023-11-07,316.6129,14.0982,12.376,129.8869,131.3129,141.502,29.109,30.9684,86.13,136.36,30.025,27.5756,83.2079,11.61,71.7218,36.8396,412.98,128.1361,21.9272,21.1149,26.5614,43.461
2023-11-08,317.5663,13.9291,11.3928,130.7497,132.1658,141.0307,28.9634,30.8219,87.31,143.47,29.6272,27.2949,83.1194,9.4,70.7956,36.384,413.48,129.1337,21.9962,21.0952,26.461,43.665
2023-11-09,318.331,13.9113,11.6916,129.163,130.6087,141.2712,28.0413,30.6927,86.14,146.32,28.8023,26.811,88.864,9.64,70.1501,35.8231,404.46,129.6868,21.8187,20.977,26.1505,43.515
2023-11-10,326.4941,13.9202,11.6627,131.4935,132.9592,141.9636,28.8275,30.7702,87.52,147.88,29.239,27.1788,86.8278,10.13,70.8611,36.7257,409.81,131.1486,21.4833,20.6124,26.461,44.724
2023-11-13,326.9112,13.8668,11.5663,130.9977,132.5427,141.5789,28.2646,30.865,87.64,150.09,28.715,26.6851,87.9787,9.89,70.833,36.3577,406.41,131.0498,21.0098,20.1493,26.2327,44.462
2023-11-14,333.9819,13.9113,12.0675,132.515,134.318,141.3866,29.8661,30.9167,89.0,153.4,29.2002,27.2175,89.582,10.44,73.1907,36.6907,414.84,132.7882,21.5721,20.6518,27.2736,44.865
2023-11-15,330.4068,14.027,12.694,133.5067,135.2602,141.5693,31.0405,31.0201,89.19,153.94,29.5689,27.5466,92.3953,10.56,73.1346,37.269,417.6,132.7783,21.5918,20.573,27.6115,46.194
2023-11-16,331.8765,14.1338,12.2989,135.7976,137.5611,141.8482,30.6523,31.1752,89.1,154.85,29.1905,27.2368,92.9658,10.32,72.0119,37.1639,412.85,131.761,21.6707,20.7602,27.2371,46.695
2023-11-17,332.7207,14.1516,12.7133,134.191,135.8156,142.0598,31.4773,31.2183,89.6,154.39,29.4622,27.5175,92.6117,10.71,73.9672,37.1726,407.7,132.0573,21.6214,20.7208,27.7028,46.591
2023-11-20,337.6165,14.3296,13.4266,135.1233,136.7876,142.8196,31.6326,31.6491,89.82,155.88,29.7339,27.7208,93.4773,10.74,74.0702,37.6283,413.06,133.7858,21.8779,20.9671,27.858,47.447
2023-11-21,334.6472,14.4097,13.5519,135.8373,137.4818,142.9254,30.9047,32.0972,87.04,155.74,29.4137,27.382,92.9068,10.58,73.6024,37.3304,402.46,134.3883,22.0653,21.1346,27.6023,47.495
2023-11-22,339.126,14.3919,13.6483,137.3447,138.8703,143.2139,31.1279,32.1834,87.79,155.88,29.4622,27.4401,93.5167,10.66,74.2479,37.2252,405.28,134.4476,22.5289,21.6273,27.8215,47.8
2023-11-24,335.8886,14.4275,13.6965,135.5596,137.0851,143.2812,31.0891,32.2351,87.63,156.32,29.5689,27.5272,94.4905,10.85,74.9309,37.3128,405.92,134.9217,22.6275,21.6864,27.9584,47.956
2023-11-27,332.383,14.4275,13.6386,135.2819,136.9165,143.1081,30.7202,32.1834,85.96,156.27,29.3263,27.3336,93.615,10.78,74.0982,36.8834,396.84,135.4353,23.1503,22.0608,27.7119,47.917
2023-11-28,336.6433,14.4008,13.4073,136.0654,137.4818,142.7042,31.555,32.2868,84.54,156.68,28.977,26.9852,90.9887,10.62,74.0421,36.6907,401.29,134.8913,22.9629,22.0017,27.5567,47.9
2023-11-29,329.9003,14.5076,13.8892,133.8737,135.28,143.8294,31.5258,32.5367,83.6,157.01,28.7053,26.8013,90.9887,10.78,74.6502,36.4803,398.9,135.8111,23.0812,22.0115,27.9767,47.719
2023-11-30,324.8853,14.748,13.8507,131.434,132.8204,145.3266,31.4288,33.0278,84.22,158.2,28.6664,26.7722,91.1756,10.45,75.4361,36.7082,400.13,136.5035,22.7261,21.716,28.3549,47.397
2023-12-01,322.5714,14.9171,15.2097,130.7696,132.2253,147.0653,32.4188,33.2432,84.25,157.84,29.3069,27.353,91.0674,11.33,76.5401,36.9886,401.87,136.2562,22.8346,21.8243,28.8807,46.574
2023-12-04,317.8046,14.8281,15.3736,128.201,129.5574,147.5966,31.885,32.7779,84.13,157.56,29.3554,27.2659,90.5067,11.39,77.0827,37.751,399.14,136.3156,22.7656,21.7357,29.0559,45.39
2023-12-05,316.0866,15.3265,14.9495,129.9068,131.303,148.7557,31.3705,33.1054,81.41,156.76,28.6082,26.5787,89.3066,10.87,76.1565,36.4628,364.4,135.9199,22.4105,21.4499,28.4287,45.515
2023-12-06,315.2524,15.0773,14.67,128.9448,130.3508,150.2047,31.885,33.1743,82.54,157.32,28.3462,26.4141,90.005,10.92,76.6711,36.5329,361.98,135.643,22.5289,21.4696,28.7239,44.673
2023-12-07,324.3292,15.2108,14.4868,135.7976,137.3132,151.0354,31.2929,33.3035,84.28,154.21,28.4626,26.4528,90.8411,10.82,76.8114,36.9535,368.66,134.0704,22.6275,21.6273,28.4379,45.2
2023-12-08,330.4465,15.0595,16.2411,133.8737,135.5181,151.074,31.157,32.9589,85.19,155.32,29.0546,27.111,91.601,11.47,76.6617,36.8922,367.55,135.643,22.6275,21.6174,28.7976,45.376
2023-12-11,323.0282,14.7925,15.6531,132.1877,133.594,153.4406,31.3317,32.4591,87.09,152.56,28.812,26.7335,90.9892,11.43,78.6358,37.3829,374.63,137.0475,22.7853,21.7455,29.1482,45.989
2023-12-12,331.9063,14.6056,14.7182,131.4241,132.5427,154.9764,31.0794,32.1403,90.06,157.2,28.2394,26.2786,89.874,11.23,78.5516,37.3917,367.06,138.7982,22.7261,21.6765,28.8991,46.3
2023-12-13,332.4227,14.6412,15.1615,131.4737,132.87,154.1167,32.4674,31.8732,88.06,163.12,28.6761,26.7238,91.6109,11.88,78.5235,38.268,379.35,140.7961,23.4561,22.3465,29.0559,47.998
2023-12-14,330.8636,14.8192,16.1575,130.8489,132.1063,151.528,33.5156,32.6314,93.07,163.89,29.1808,27.1013,92.7063,12.49,80.8625,39.118,383.91,139.3125,24.0873,22.9574,30.1997,46.983
2023-12-15,332.6015,14.7035,15.732,131.5034,132.7411,150.8325,33.2924,32.2006,93.0,160.2,28.8993,26.7626,92.2326,12.26,81.2087,38.9778,379.93,137.3146,24.1958,23.056,30.3012,47.206
2023-12-18,342.2343,14.6501,14.9971,134.677,136.0635,150.9388,33.0206,32.4591,93.27,158.57,28.7732,26.7432,91.6405,11.97,80.7596,39.1706,383.89,136.5826,24.1169,23.0067,30.1628,48.612
2023-12-19,347.9346,14.7836,15.2969,135.5199,136.9661,150.5621,33.6612,32.3729,94.91,159.4,29.0643,27.0045,92.6964,12.36,81.0964,39.1706,386.36,137.0376,24.5115,23.391,30.4211,49.502
2023-12-20,346.8621,14.5967,14.9875,137.196,138.5133,149.2774,33.1759,32.1403,90.64,157.96,28.5694,26.5787,90.0714,11.66,80.2076,38.7324,381.22,135.099,24.1367,23.0757,29.9876,48.927
2023-12-21,351.6388,14.6768,14.5717,139.2588,140.6357,149.6541,34.1077,32.2523,91.4,160.39,29.0837,26.9949,90.8115,11.49,81.5282,38.5747,383.51,136.3749,24.472,23.3515,30.4119,49.161
2023-12-22,350.9436,14.7302,14.504,140.3199,141.5481,150.4075,34.1659,32.304,91.43,161.95,28.9285,26.8593,89.8246,11.27,81.198,38.5572,382.09,136.1672,24.6003,23.4501,30.3104,48.676
2023-12-26,352.3737,14.748,14.5234,140.3497,141.6473,151.4894,34.3407,32.2954,92.35,161.62,28.9964,26.9561,89.7556,11.5,81.7829,38.4958,389.5,135.7914,24.9554,23.7752,30.541,49.119
2023-12-27,355.3529,14.7569,14.4943,139.2092,140.2787,152.5616,34.758,32.1489,92.98,160.99,28.8217,26.7529,89.1931,11.49,81.7263,38.5484,391.54,135.2177,25.2611,24.061,30.3934,49.179
2023-12-28,355.8395,14.8993,14.6491,139.0703,140.12,153.5372,35.651,32.304,94.05,161.47,28.8605,26.811,89.2128,11.69,81.8112,38.6623,392.39,135.2671,25.4683,24.2679,30.3842,49.051
2023-12-29,351.5097,14.9349,14.301,138.5348,139.7728,154.8702,35.4278,32.485,93.6,160.95,28.7926,26.7626,89.1042,11.38,81.6037,38.4257,388.68,135.3166,25.3696,24.189,30.1075,48.688
2024-01-02,343.8928,15.3532,13.9239,137.0274,138.4141,156.3964,35.3404,33.5017,91.81,159.26,29.3457,27.2368,89.5187,11.66,82.3017,38.5228,391.51,134.2978,25.2611,24.061,30.5318,46.85
2024-01-03,342.0854,15.3354,13.7208,137.7712,139.2075,156.5606,34.8066,33.743,89.36,158.4,29.1128,27.0723,90.4464,11.3,80.1699,38.2052,386.67,134.2286,25.1329,23.9427,29.6278,47.026
2024-01-04,344.717,15.2642,14.0109,135.2621,136.9066,156.7731,35.2967,33.9239,89.04,158.86,29.1711,27.0916,89.3707,11.35,80.2642,37.6053,375.75,134.4858,25.0343,23.8836,29.6924,47.467
2024-01-05,349.5136,15.549,14.1656,134.6076,136.2619,157.8067,35.6025,34.6391,89.21,158.21,29.2487,27.1981,89.7062,11.2,81.0094,37.967,372.2,134.1297,25.2315,24.0708,29.923,47.406
2024-01-08,356.1771,15.4155,14.2043,137.6918,139.3761,157.8453,36.7769,34.553,90.22,158.54,29.6466,27.5659,90.3477,11.4,83.2167,38.5757,378.87,134.9704,25.4387,24.2777,30.6517,48.503
2024-01-09,354.9557,15.3341,13.7595,139.7844,141.3895,157.6424,37.8931,34.2112,91.45,159.22,29.3651,27.2659,88.4924,11.03,83.377,38.1787,368.61,136.2167,25.0244,23.8935,30.3565,48.209
2024-01-10,367.9054,15.2617,13.6531,141.1034,142.6193,157.7294,37.6408,34.2463,89.5,159.21,29.763,27.5853,88.1174,10.97,83.2261,38.3552,367.0,136.1277,24.9751,23.8343,30.0521,47.833
2024-01-11,367.1109,14.6827,12.9086,140.905,142.4903,156.6475,36.5343,33.2122,91.28,161.54,29.9862,27.7014,88.2753,10.54,84.0939,38.1699,367.62,136.2365,25.0244,23.8639,29.9783,49.223
2024-01-12,371.8976,14.9089,12.8892,141.4703,143.0557,157.0049,35.7966,33.7906,90.66,161.68,30.2191,27.8273,89.1634,10.65,83.726,37.9229,364.9,136.4145,24.9948,23.8836,29.4895,49.216
2024-01-16,364.9162,14.8727,12.7925,141.3117,142.897,157.5265,35.5928,34.4303,90.6,161.88,29.8407,27.5369,91.828,10.35,83.4242,38.0111,368.34,135.6529,24.4622,23.4008,29.3419,48.124
2024-01-17,365.8199,14.8456,12.5701,140.3001,141.7167,158.676,34.7774,34.0622,90.31,160.38,29.7339,27.4691,89.1536,10.16,82.679,37.3583,359.24,135.1287,24.1761,23.1348,29.019,48.033
2024-01-18,373.5262,14.8365,12.6765,142.2935,143.7995,159.2749,35.3016,34.1236,90.65,159.86,29.9571,27.6627,90.999,10.28,82.9525,37.526,364.55,136.5233,24.255,23.2333,29.305,48.531
2024-01-19,380.7955,15.0808,12.9569,145.1695,146.755,159.5357,35.0007,34.4653,91.18,163.1,30.1124,27.8079,91.8379,10.35,82.896,38.2405,371.1,136.2167,24.6693,23.6767,29.3788,48.295
2024-01-22,379.1371,15.1984,13.2953,144.7827,146.4972,158.7823,35.156,34.6844,89.03,164.43,30.3453,28.0112,93.8313,10.47,83.7449,38.4787,373.15,136.0683,24.8567,23.8935,29.6186,48.571
2024-01-23,382.5334,15.5512,13.2277,145.824,147.4592,158.1641,35.4763,37.0066,90.02,165.15,30.5879,28.2435,92.5385,10.54,84.4146,38.7698,378.64,137.6508,24.9455,23.9526,29.7754,49.219
2024-01-24,387.9953,15.0898,12.9182,147.4703,149.1155,156.4833,35.8548,36.1741,89.35,165.9,30.4811,28.1273,92.2721,10.41,84.0939,38.6374,371.39,136.3551,25.2809,24.2679,29.7293,54.487
2024-01-25,390.4582,15.5421,13.4984,150.6141,152.3785,157.0242,36.9322,37.0592,89.78,168.5,31.1798,28.7564,93.6142,10.58,85.8201,39.9342,369.07,137.4234,25.3302,24.3368,30.3657,56.2
2024-01-26,391.4115,15.6417,13.3437,150.9265,152.5272,156.6379,36.8449,37.1556,89.29,167.39,31.2672,28.7855,94.1077,10.62,85.7352,40.8075,377.07,137.8981,25.3992,24.3763,30.4211,57.042
2024-01-29,398.2439,15.6055,13.2953,152.2405,153.5686,157.5362,37.2525,36.8489,89.11,168.02,31.3933,28.9597,96.2097,10.49,86.1597,40.6752,380.83,137.0673,25.7938,24.7211,30.8085,57.579
2024-01-30,397.2905,15.8588,13.2277,150.2075,151.7933,156.1935,36.6216,37.2169,88.83,166.94,31.3448,28.8436,95.6669,10.1,86.1975,41.1515,376.98,136.0485,25.4387,24.4354,30.6886,56.285
2024-01-31,387.4392,16.0035,14.1076,138.9414,140.6357,155.7395,37.2525,37.1118,88.85,164.93,31.3448,29.0468,94.7886,10.02,85.2542,41.0545,370.71,136.0782,25.2217,24.2777,30.4303,56.411
2024-02-01,392.0471,16.3202,14.1946,139.9927,141.5382,156.9663,37.1263,37.2345,89.39,166.33,31.4516,29.1533,95.7853,10.46,84.7165,41.2221,382.34,136.4145,25.3499,24.4058,30.624,56.751
2024-02-02,471.7018,16.1302,13.9529,141.2026,142.3614,156.2708,36.3207,36.919,88.2,167.0,30.8596,28.6113,95.8544,10.25,84.858,39.7754,319.21,135.1485,25.3499,24.3368,30.5133,56.464
2024-02-05,456.2297,16.0397,13.5564,142.4918,143.74,156.493,34.4183,36.2618,87.41,164.01,30.4811,28.2435,95.3807,10.07,83.7638,39.5813,303.65,133.467,24.837,23.7949,30.3565,56.206
2024-02-06,451.5722,15.9311,13.5274,142.9083,144.2161,155.5174,34.9813,36.0164,88.84,166.67,30.6849,28.3983,97.986,10.07,83.9524,39.1844,290.28,133.7835,25.3499,24.3171,30.4303,55.588
2024-02-07,466.3392,15.6778,12.4251,144.3364,145.4756,156.2708,33.7971,35.4205,87.66,169.57,28.5985,26.5593,97.838,9.75,81.4244,37.8082,283.67,135.2573,24.9554,23.9132,29.7385,55.93
2024-02-08,466.7464,15.2165,12.5798,144.7034,146.0112,155.4498,34.0009,34.9736,88.0,169.6,27.9289,25.7656,109.0883,9.83,81.7168,36.388,282.6,137.3343,26.6421,25.4601,29.3326,55.853
2024-02-09,464.8695,15.2346,12.4735,147.7678,148.9866,156.6668,34.3795,34.8071,89.53,154.91,28.8896,26.569,106.9665,9.64,79.7925,37.1114,291.15,139.0751,26.8393,25.6571,28.3918,56.132
2024-02-12,465.654,15.3974,12.9666,146.31,147.5088,156.2515,35.9034,35.1401,89.5,155.27,29.5398,27.111,107.8547,9.96,81.5471,37.5877,297.91,136.0485,26.8788,25.6867,29.554,55.785
2024-02-13,456.9348,15.2888,12.5701,143.9397,145.1682,155.981,34.5736,35.1664,87.75,153.49,28.812,26.4819,109.0093,9.54,80.3113,36.9173,292.65,137.4827,26.5829,25.3813,29.2404,55.452
2024-02-14,470.0037,15.2979,12.7539,144.7331,145.9319,155.9231,35.2822,35.1839,89.4,155.72,29.3554,26.8497,110.0949,9.73,80.9245,37.0672,287.28,141.5182,26.8393,25.6276,29.2589,57.933
2024-02-15,480.6793,15.4607,12.1737,141.5893,142.7581,156.068,36.544,35.5695,93.83,156.96,29.6563,27.2368,110.9732,10.14,82.0942,36.8732,294.14,142.4776,27.2931,26.1104,29.8861,59.346
2024-02-16,470.0434,15.3522,11.6032,139.3579,140.596,154.9475,36.4857,35.4818,93.25,153.38,29.5398,27.0529,110.1344,9.83,82.5469,36.3792,293.0,140.7269,27.0366,25.8542,29.9322,58.395
2024-02-20,468.4843,15.2979,11.5549,139.953,141.0324,156.5316,35.088,35.4906,92.05,151.94,29.2002,26.7432,108.0027,9.89,83.3487,36.7497,295.13,139.5004,27.0267,25.8641,30.0706,57.513
2024-02-21,465.2832,15.3793,11.4098,141.3712,142.6589,158.4635,35.1463,36.0164,91.2,151.11,29.0643,26.5787,106.256,9.57,83.594,36.9173,287.3,139.629,26.8591,25.6966,29.9138,57.335
2024-02-22,483.2769,15.0084,11.3228,142.8984,144.1268,157.9805,35.0589,35.6922,93.49,152.44,28.9673,26.5303,106.2264,9.56,83.3016,36.9702,297.0,141.9534,27.2536,26.1202,29.9322,58.847
2024-02-23,481.1893,15.1984,10.8393,142.7695,144.097,158.7436,35.7772,35.6308,95.32,151.01,29.336,26.7916,106.3251,8.61,83.5751,36.9614,299.42,141.0335,27.2043,26.0414,29.7939,58.356
2024-02-26,478.9127,15.0174,10.7233,136.4323,137.6107,158.3283,35.5442,34.7808,92.17,149.71,28.7538,26.3464,106.2659,8.55,84.0373,37.2172,292.64,141.0236,27.1451,25.9724,29.7754,58.765
2024-02-27,484.1915,15.2255,10.878,137.7315,138.9497,159.0141,36.2237,34.9911,93.54,147.94,28.6956,26.2399,107.983,8.7,84.1034,37.2878,290.0,138.1614,27.1944,26.0414,29.8861,60.167
2024-02-28,481.1793,15.3431,10.6943,135.2522,136.3016,158.222,34.8551,35.1401,94.28,147.48,28.5694,26.0947,109.3449,8.71,83.1035,37.1819,288.34,138.7358,27.1057,25.9429,29.2773,59.648
2024-02-29,487.2535,15.316,10.675,137.315,138.6323,158.3675,34.9813,35.07,96.98,146.93,28.909,26.5012,110.1146,8.79,83.377,37.7994,293.93,138.1415,27.6087,26.4848,29.268,60.292
2024-03-01,499.352,15.3612,10.5879,136.0059,136.9462,158.4354,34.8551,35.2277,97.15,150.34,28.55,26.1237,110.4798,8.67,83.4242,37.7553,293.16,139.439,27.0267,25.9429,29.0816,61.934
2024-03-04,495.2662,15.1984,9.9594,132.2472,133.0981,158.4063,34.0301,35.3241,98.7,146.33,28.1812,25.7172,112.1969,8.11,84.1411,36.9173,279.06,137.478,26.6716,25.5488,29.7713,61.583
2024-03-05,487.3429,15.5331,9.8724,131.5729,132.6815,160.889,33.5642,35.3592,98.2,143.94,28.2204,25.7368,111.3877,8.14,84.009,37.1025,280.85,134.9722,26.5533,25.4896,29.6408,59.85
2024-03-06,493.1785,15.5421,10.1528,130.3134,131.4716,162.363,32.8459,34.9911,99.19,143.9,27.8287,25.3165,108.6146,8.41,85.4617,37.1819,276.33,134.2195,26.721,25.6473,29.6874,59.769
2024-03-07,509.184,15.4245,10.4429,133.2687,134.1296,159.4246,33.108,34.6406,100.51,145.01,28.0637,25.5217,108.733,8.74,87.4803,36.8202,282.0,134.1007,26.8393,25.7557,30.3306,60.851
2024-03-08,502.9806,15.5602,10.5686,134.2902,135.1709,159.0366,32.9041,34.6231,99.74,143.73,28.2596,25.727,108.8712,8.73,87.1477,37.5612,283.78,133.8531,26.9774,25.9527,30.0696,60.482
2024-03-11,480.7518,15.6778,11.2358,136.5315,137.7992,159.7834,33.0983,35.1664,100.06,145.87,29.3073,26.6165,110.8351,9.07,89.7329,38.4081,298.25,135.4179,27.0366,26.0907,30.7127,60.093
2024-03-12,496.817,15.5602,11.2068,137.3547,138.4736,158.736,32.5547,35.1664,101.9,144.53,28.8471,26.2255,110.9831,8.86,90.1511,38.0949,294.7,134.7147,26.997,26.0412,30.3399,61.108
2024-03-13,492.6615,15.5512,11.2938,138.634,139.6142,159.1336,32.3121,35.2803,104.28,144.89,29.1604,26.4796,111.0226,8.85,90.9305,38.1787,298.4,135.6457,27.0267,26.061,30.7873,60.945
2024-03-14,488.9435,15.3883,10.9345,141.9166,143.1548,157.9408,32.3412,34.8509,103.41,143.77,28.71,26.1082,110.5883,8.53,88.0411,37.773,297.0,133.7342,26.7594,25.8039,30.4424,61.301
2024-03-15,481.2589,15.4245,10.8859,140.0125,141.0027,156.9225,32.5644,34.6055,103.77,143.91,28.9352,26.2842,110.4798,8.54,87.6894,37.7288,290.65,132.9815,26.1753,25.2302,30.1908,60.588
2024-03-18,494.0633,15.6507,10.8762,146.4587,147.2608,156.2824,34.098,34.9911,104.38,144.62,29.0919,26.3917,112.3548,8.48,88.1551,38.0376,296.18,131.2087,26.0961,25.1709,30.228,61.839
2024-03-19,493.3276,15.5331,10.8665,145.8141,146.7054,155.8848,34.661,35.0262,104.02,145.2,29.1898,26.4894,113.0062,8.5,88.7254,37.9229,298.58,131.6841,26.3733,25.4577,30.0509,62.074
2024-03-20,502.5531,15.5693,12.1484,147.51,148.451,156.2921,34.9522,35.1576,104.42,148.43,29.5913,26.9586,114.9305,8.74,89.5903,38.0199,295.3,131.0502,26.5416,25.6258,30.5822,62.769
2024-03-21,504.78,15.524,11.4783,146.3794,147.5187,156.0691,34.6416,35.5257,106.66,152.17,29.8752,27.1639,115.1674,8.72,89.6379,37.8347,294.61,131.2087,26.9475,25.9225,30.8432,62.271
2024-03-22,506.5893,15.3612,10.9248,149.5232,150.5238,155.7587,34.6998,35.3767,105.99,152.46,29.415,26.7045,114.3483,8.44,89.3147,37.7024,290.6,130.4362,26.5317,25.6159,30.5263,62.801
2024-03-25,500.0678,15.4879,11.119,148.829,149.9089,156.2485,34.3018,35.8148,106.1,146.14,29.5913,26.9195,117.7925,8.46,88.7444,37.6142,290.6,129.2675,26.6307,25.7445,30.2094,62.746
2024-03-26,492.9797,15.5421,11.0413,149.424,150.4544,156.2339,34.6221,35.7973,104.38,146.67,29.9438,27.3203,118.355,8.38,88.1837,37.473,287.89,129.6439,26.6208,25.7841,29.8832,62.924
2024-03-27,490.9616,15.8769,11.3618,149.6224,150.6924,157.1165,34.826,36.402,106.81,146.92,30.5215,27.9556,119.3912,8.64,90.4458,37.9935,293.51,130.6046,26.8584,26.0017,30.545,61.353
2024-03-28,482.7302,15.9221,11.4297,149.6819,151.0098,158.2899,35.2142,36.77,105.77,148.49,30.6194,27.9752,120.7531,8.73,91.9665,38.2405,290.63,131.3969,26.7891,25.8929,30.4145,60.733
2024-04-01,488.4663,15.8316,11.4103,154.2041,155.215,157.7565,34.8551,37.0504,104.22,150.0,30.6978,27.9459,119.934,8.79,91.7954,37.2966,284.15,132.0605,26.4129,25.5269,30.2933,61.431
2024-04-02,494.451,15.8497,11.42,153.2818,154.5902,157.1843,34.1854,37.2783,104.88,149.57,30.3844,27.7797,121.207,8.48,90.5883,37.1544,278.02,130.8819,26.0664,25.2302,29.9577,61.421
2024-04-03,503.766,15.9311,13.1292,153.6389,155.0861,158.3287,34.7192,37.5412,104.2,151.73,30.7565,28.0631,117.4175,8.73,90.1131,36.9056,275.69,131.2483,26.2644,25.4676,29.9671,63.008
2024-04-04,507.9214,15.895,12.0124,149.2852,150.6924,156.7285,32.7294,37.1994,102.41,149.59,30.4921,27.7797,115.5523,8.44,88.5258,36.5324,271.23,128.3167,26.1159,25.2698,29.7434,61.714
2024-04-05,524.2451,15.7593,11.624,151.2389,152.676,156.2436,32.7197,36.9102,103.52,151.04,30.3746,27.809,116.8253,8.32,88.0316,36.3457,267.49,129.0397,26.1951,25.3786,29.3239,63.618
2024-04-08,516.2026,15.6055,10.7403,153.5694,154.858,156.04,33.0497,36.5685,102.8,153.65,30.5607,27.9849,115.8089,8.52,88.4688,36.1769,273.05,128.7525,26.2545,25.4577,29.3332,62.841
2024-04-09,513.8664,15.5411,10.6529,155.305,156.8415,156.137,34.0786,36.3725,102.73,154.7,30.6978,28.1511,116.4207,8.69,89.2862,35.6793,271.46,129.4359,26.0763,25.2302,29.5942,61.82
2024-04-10,516.7792,15.3848,10.1965,154.8488,156.3655,155.5357,32.4868,36.0875,101.42,152.12,30.2277,27.7308,115.651,8.32,87.2142,35.2971,262.85,128.0592,25.3734,24.5577,28.5969,61.858
2024-04-11,520.0896,15.0997,10.9442,158.0917,159.4698,155.8363,32.8168,35.7669,102.74,151.34,30.1004,27.6037,115.6115,8.54,87.9936,35.6704,266.53,127.9404,25.4625,24.6467,28.8206,62.878
2024-04-12,508.8957,14.9985,10.6432,156.4256,157.8829,155.2157,31.72,35.3751,101.04,147.27,29.464,27.0368,112.5127,8.34,86.1022,34.9861,260.5,126.6628,24.8586,24.0928,28.3825,62.283
2024-04-15,497.2942,14.9342,10.5849,153.5794,155.0464,154.9926,31.0211,35.7224,99.77,145.3,29.7186,27.2909,111.4666,8.36,86.0641,35.0394,256.9,125.8308,24.7497,24.0137,28.3545,60.715
2024-04-16,496.8269,14.7962,10.1285,153.1232,154.7191,154.9635,30.7979,35.4196,92.21,145.45,29.7675,27.3203,112.3844,8.14,86.4538,34.7639,257.57,125.3356,24.5715,23.8357,28.2893,61.752
2024-04-17,491.2698,14.8238,10.4975,154.1843,155.5919,155.2544,31.3317,35.4285,91.82,143.16,29.8263,27.3594,111.4568,8.23,87.87,34.6484,258.03,125.0979,24.7002,23.8851,28.2147,61.369
2024-04-18,498.855,15.0169,10.6529,154.7198,156.1671,155.9915,31.2735,35.7402,89.64,140.64,30.1298,27.6526,110.9535,8.31,86.9671,35.2083,259.91,124.4244,24.5616,23.7664,28.3266,61.056
2024-04-19,478.2466,15.1825,12.0804,152.8157,154.4414,157.4268,31.2347,36.0608,89.96,140.6,30.7369,28.2195,111.1311,8.4,88.0316,35.7592,265.21,126.0487,24.5319,23.7566,28.6342,55.504
2024-04-22,478.9028,14.9985,12.0221,154.9876,156.6531,157.4559,31.0211,34.3776,88.45,139.96,30.7467,28.3173,110.5193,8.47,89.1246,36.0525,265.08,125.9001,24.9378,24.1621,28.9231,55.46
2024-04-23,493.1884,15.1733,12.3717,156.9512,158.6069,158.319,30.7591,35.3572,90.09,141.72,31.0503,28.5226,112.2167,8.44,89.5523,35.8659,266.31,125.92,25.1754,24.3401,28.8858,57.775
2024-04-24,490.6037,15.4583,12.3134,157.814,159.7772,159.2209,31.0017,35.1702,89.65,142.83,31.0503,28.6496,112.4239,8.38,91.2251,35.7326,264.7,126.9104,25.0764,24.2906,29.268,55.512
2024-04-25,438.7896,15.2468,11.8279,154.7099,156.6531,159.0948,30.7591,34.9298,88.49,143.43,31.0209,28.591,111.289,8.29,91.919,33.6531,259.1,126.0883,24.6903,23.9445,29.0443,56.48
2024-04-26,440.6884,15.4032,11.5657,170.528,172.2639,159.0076,30.9532,35.3394,89.83,144.47,30.5607,28.1609,111.2495,8.11,91.1396,34.2752,254.61,126.6727,24.7101,23.9544,29.3332,56.123
2024-04-29,430.081,15.6514,11.8959,164.776,166.5214,159.2888,30.6038,35.7046,90.54,144.27,30.9132,28.4932,110.6081,8.15,91.1396,34.524,259.76,126.6727,24.7398,23.9148,29.2959,55.949
2024-04-30,427.6454,15.5319,11.0607,161.4339,163.2882,159.2112,29.9146,35.1702,88.91,142.81,30.3648,28.0338,109.6409,7.36,88.2407,33.8664,255.94,125.603,24.2943,23.539,28.3732,55.064
2024-05-01,436.6124,15.5595,11.9056,162.5049,164.2105,160.4719,30.264,34.9119,89.28,142.74,30.6782,28.2195,109.0291,7.62,89.0106,33.9464,259.7,126.95,24.2943,23.5785,28.4291,55.171
2024-05-02,439.0878,15.4675,13.4593,165.2421,167.0768,159.9289,30.3708,34.6715,88.27,143.07,31.0013,28.591,111.141,7.95,88.0411,34.0886,262.0,127.2669,24.5319,23.7368,28.4571,56.515
2024-05-03,449.3075,15.4951,12.5174,165.857,167.6024,159.6282,30.992,34.6359,94.66,145.88,31.4419,28.9135,112.1673,7.97,88.1551,34.3818,265.93,128.3167,25.0071,24.2016,28.6342,57.934
2024-05-06,462.947,15.6239,12.9058,166.7099,168.4355,157.4656,31.2929,35.0277,95.88,148.34,31.8826,29.3436,114.9404,7.96,88.5733,34.2041,271.47,129.3071,25.116,24.2906,28.746,59.697
2024-05-07,465.4919,15.7066,12.5174,169.8338,171.5597,157.291,30.5843,35.0099,96.34,148.33,31.6476,29.1775,104.0059,7.77,90.0085,34.2041,268.0,128.9902,24.9972,24.1522,28.8579,60.6
2024-05-08,469.8263,15.7342,12.4494,167.9793,169.7546,157.9117,28.944,35.1613,95.79,145.97,32.4701,29.9008,104.0553,7.8,90.3602,34.7017,272.78,124.0382,24.6804,23.8752,28.8672,60.947
2024-05-09,472.6298,15.7986,12.7019,168.5545,170.1712,159.7058,29.6817,35.4374,97.03,145.68,32.6268,30.1061,104.4105,8.04,90.9495,34.2485,263.93,125.9001,25.3734,24.5082,29.0816,61.209
2024-05-10,473.4052,15.7894,12.6727,167.2553,168.8918,159.2403,29.7884,35.9807,97.02,145.88,32.7149,30.2429,104.4007,8.15,91.0731,34.9328,275.55,125.92,25.6011,24.7555,29.035,61.087
2024-05-13,465.2633,15.8722,12.6339,167.7413,169.4968,158.416,30.0505,36.1054,95.59,143.95,32.4897,30.0474,104.4402,8.38,91.5293,35.2794,274.65,125.3653,26.0268,25.1808,29.268,61.659
2024-05-14,469.0807,15.9089,11.9736,168.9313,170.5183,157.5044,31.0017,36.0608,95.83,144.96,32.617,30.2625,103.9665,8.56,91.7954,35.2794,278.13,125.3752,26.1357,25.2896,29.5756,61.366
2024-05-15,478.7139,15.9365,12.1969,171.0834,172.4523,157.7662,30.4388,36.0608,96.48,148.08,32.2743,29.9203,101.4203,8.2,92.8219,34.8795,271.77,126.3954,26.5218,25.705,29.6129,61.352
2024-05-16,470.4526,15.9089,12.2746,172.7396,173.9896,158.639,30.4388,35.8471,96.38,146.08,32.0001,29.588,102.0125,8.23,91.8619,34.9861,277.54,127.9206,26.8485,26.0116,29.4824,61.052
2024-05-17,469.1404,16.0009,11.6725,174.604,175.8343,159.0463,30.2932,35.6779,96.59,147.84,32.1665,29.8421,101.894,8.05,91.3677,34.8972,273.02,126.5241,26.8089,26.0017,29.6222,62.11
2024-05-20,466.0884,16.1112,11.6725,175.4569,176.9947,158.9494,29.4875,35.7313,99.43,150.9,32.3036,29.891,101.5486,8.09,91.4437,34.8439,274.84,127.0688,26.9574,26.1302,29.8086,64.082
2024-05-21,461.9031,15.8813,11.7502,176.3792,178.0658,159.3955,29.1478,35.286,101.98,151.42,32.1861,29.7151,101.6572,7.89,90.2652,34.8439,275.11,127.6135,26.8188,26.0017,29.3425,65.061
2024-05-22,465.0346,16.0929,11.8473,174.9214,176.5385,160.501,28.7402,35.4374,101.4,150.61,32.3232,29.8812,101.6671,8.06,90.5408,34.5596,271.09,133.8432,26.4624,25.6654,29.734,64.047
2024-05-23,463.0464,16.0653,11.4492,172.1148,173.6226,159.987,28.614,35.1168,93.48,152.33,32.2841,29.9594,99.338,7.7,89.5523,34.3729,268.41,133.1103,26.4228,25.5962,29.268,63.567
2024-05-24,475.4134,16.0929,11.6143,173.5429,174.8822,160.9859,28.5363,35.3929,95.99,154.6,32.9107,30.4286,100.4236,7.725,90.3982,34.2485,271.46,133.764,27.2445,26.4467,29.5476,64.675
2024-05-28,477.1034,15.8813,11.6628,174.9412,176.5583,162.2564,28.4878,35.0544,94.89,156.79,32.803,30.3895,101.0947,7.87,88.5924,34.2485,271.42,130.7828,27.2148,26.3379,29.0722,64.9
2024-05-29,471.576,15.7434,11.3618,174.4454,175.9434,163.7789,28.6722,34.8229,94.0,159.68,33.1066,30.5655,99.5552,7.66,86.6059,33.7153,271.35,130.8919,27.1356,26.3379,28.4198,65.462
2024-05-30,464.3089,16.2032,11.4783,170.6867,172.1349,165.544,29.0799,35.9183,93.32,159.78,33.557,30.9956,100.3644,8.08,86.2257,34.5418,276.11,130.158,27.4029,26.6248,28.6994,64.766
2024-05-31,464.0902,16.755,11.5657,171.0735,172.5316,170.3239,29.7302,36.6486,93.74,160.36,33.7137,31.2204,102.5454,8.24,88.3547,35.5726,287.12,131.7945,27.6009,26.8918,29.24,64.162
