Date,1151F4,147C38,2BAE5F,2CB4C9,342218,343996,58B46F,5A9A82,652E62,6DBBBC,6E7060,6ED519,789A7D,7AC86E,7B1E50,7BAAE7,977A1E,97AAF6,9C8BC3,AFD7DD,B2E6B5,B303A6,B560AF,B642E8,D9B1C9,DB5CA5,E10D31,F93C8A,FD39EB
2023-03-16,61.1061,61.2277,67.0457,69.8247,69.1836,85.2047,27.4225,24.7399,15.9671,133.9584,47.5687,25.3234,78.917,98.4204,35.3876,56.6624,48.1757,86.8751,20.48,53.2794,107.3583,37.3042,54.0095,67.766,82.8299,86.4228,59.4968,48.2626,29.4726
2023-03-17,60.7789,61.03,66.2687,69.3117,68.2691,84.6568,27.1607,24.4034,15.9078,133.1696,46.9712,24.8796,77.9723,97.3045,35.0615,56.1317,47.7619,86.2706,19.7224,52.6985,107.6869,37.2953,53.4162,66.2392,81.6506,85.7026,58.4445,47.9739,29.3514
2023-03-20,61.2424,61.6142,66.5044,69.5865,70.0101,84.9262,27.2542,24.8036,15.809,133.8739,47.645,25.1966,78.8436,98.5408,35.5375,56.635,47.9516,87.4254,19.9514,52.8481,107.8653,37.0121,54.1372,67.2282,82.6048,86.5206,59.514,48.5063,31.356
2023-03-21,59.5248,60.3379,65.4044,69.0278,68.0581,82.5549,26.4034,24.3579,15.7794,130.3993,46.3334,24.4358,76.7984,96.6227,34.709,54.8597,46.6325,84.0694,20.2333,51.8887,103.4804,36.0032,53.4162,66.6219,80.0302,84.2622,58.4876,46.9273,30.9458
2023-03-22,58.298,59.9604,64.1823,67.9011,66.2467,81.4052,25.8517,23.8849,15.3545,128.0704,45.1116,23.8833,75.0284,94.5228,33.81,53.725,45.8739,83.0861,19.5815,50.6564,100.7387,35.1181,52.1386,64.9791,78.1847,82.644,57.1939,45.7002,29.7989
2023-03-23,57.5346,59.6278,63.9465,67.608,65.1564,80.7765,25.5432,23.5666,15.1075,128.3897,45.0757,23.5301,73.9279,93.3229,33.2723,53.0387,45.0204,82.7523,19.3436,50.3043,100.0158,34.6933,51.7826,63.9221,76.8884,81.3992,56.961,45.1498,28.9132
2023-03-24,59.5703,61.6502,66.1116,69.3301,67.8998,83.7316,26.4969,24.3579,15.4533,133.1978,46.576,24.2275,77.0736,97.0409,34.5239,55.2989,46.4084,85.7655,19.5639,52.3288,102.7011,35.6138,53.6444,65.336,80.2012,83.9066,58.9793,46.7649,29.3607
2023-03-27,59.334,61.3356,66.225,69.1011,67.9525,83.3544,26.6465,24.5216,15.562,133.0475,46.9443,24.4992,77.0277,96.0773,34.4005,54.942,46.667,85.3144,19.9074,52.0383,103.518,35.8616,54.046,66.0407,79.7151,84.1911,59.1087,46.3047,30.0786
2023-03-28,59.4339,61.4704,66.5044,68.9179,68.2075,83.7316,26.8054,24.6399,15.5521,132.6155,47.2003,24.6532,77.5596,96.5864,34.0391,55.2989,47.1757,85.152,20.1981,52.144,103.3396,36.1271,54.6483,66.5578,80.0572,84.2444,59.2553,46.8912,30.433
2023-03-29,60.4699,62.3243,67.7004,69.7148,68.9813,84.7376,27.3944,25.0401,15.6509,135.3576,47.6854,24.9973,78.8803,98.1227,34.6296,55.9761,47.9171,85.8015,20.6649,52.9273,104.7198,36.4191,55.9807,67.9306,81.1105,85.5959,60.2041,47.6581,30.9364
2023-03-30,60.8062,62.0726,68.1893,70.1544,69.5441,84.8364,27.4318,25.0583,15.7003,137.001,48.0538,25.2147,79.2838,98.8044,34.8853,55.9944,48.0119,85.4497,20.7618,53.209,105.1048,36.6847,56.4644,68.4386,81.4075,85.4981,61.0213,47.7393,31.1882
2023-03-31,61.2878,62.54,68.3202,70.6033,69.676,85.1418,27.544,25.2766,15.977,137.5644,48.3952,25.3234,79.2288,99.5771,35.3083,56.1683,48.2016,86.3067,21.2111,53.7988,105.4992,37.0741,56.9938,69.1707,81.9117,85.7737,61.5356,48.1814,31.9714
2023-04-03,61.3605,61.9917,67.5782,70.2277,68.9989,84.6747,27.4412,25.0856,15.9968,136.5784,48.1436,25.1422,79.0178,99.0772,35.0792,55.8571,47.9085,85.7835,20.982,53.209,104.3255,37.0033,55.9534,68.4477,81.8306,84.5467,61.492,47.5679,31.5798
2023-04-04,62.2057,62.5849,68.1369,70.6765,69.1836,85.1418,27.5253,25.0583,15.9375,138.1654,48.2784,25.1422,79.2471,98.8226,35.3436,55.665,48.5465,86.6225,20.982,53.4467,104.363,37.0475,56.0629,68.7589,82.0737,85.5603,61.2741,47.7664,31.2814
2023-04-05,64.6321,64.2657,70.2932,71.7482,70.8982,88.3305,28.4135,25.8132,16.3031,141.0578,49.6664,25.9845,81.87,101.9316,36.6745,56.8454,49.4948,88.8688,21.2287,55.5856,107.8277,37.9945,57.6508,70.0768,85.1075,87.8809,62.9914,49.4627,32.0833
2023-04-06,64.7685,64.9938,70.5551,72.3345,70.5992,88.5999,28.7688,25.9678,16.5106,142.626,49.846,26.1023,82.6037,103.4951,36.7538,57.0193,50.0552,89.2838,21.4929,55.7088,108.3723,38.1096,57.7786,71.0835,85.4225,88.6812,63.2529,49.6702,32.4655
2023-04-10,64.305,64.7511,70.2408,71.8398,70.7136,88.3394,28.6847,26.0497,16.5797,142.6354,49.864,25.9845,82.5487,103.2588,36.5423,56.6899,49.969,89.5003,21.9334,55.3127,108.9826,38.2866,57.7056,71.0606,85.0174,88.1388,63.497,49.5529,32.8012
2023-04-11,64.5594,64.5624,70.0575,71.7574,70.3882,88.4742,28.6379,26.2225,16.6192,142.7951,49.608,25.9393,82.6954,103.5497,36.886,56.4885,50.0724,89.4101,22.3298,55.0751,109.2643,38.2866,58.0889,70.8135,84.9274,88.3344,63.4709,49.6792,33.2674
2023-04-12,64.5594,64.823,69.6384,71.9864,70.1948,88.1598,28.6753,26.0679,16.7576,141.6306,49.4463,25.9574,82.512,103.377,36.5423,56.2232,49.9086,89.0312,22.2945,54.6614,108.823,38.1273,58.0342,70.4474,84.8554,88.3877,63.6975,49.3905,33.342
2023-04-13,64.5594,65.1286,69.5075,72.2245,70.0717,87.9802,28.7127,26.1588,16.5995,142.7387,49.0375,25.6675,82.6312,102.8861,36.3131,56.4885,50.3138,88.4809,22.4971,54.6086,107.3583,37.9591,57.9338,70.8181,84.5943,88.1477,63.5929,49.4356,33.4818
2023-04-14,63.7415,64.6612,68.4948,71.4643,69.0077,86.9831,28.4229,25.986,16.6884,140.5788,48.3502,25.2238,82.0443,102.7043,35.9958,55.6284,49.9431,87.2179,21.8981,54.01,106.1376,37.2865,57.952,70.0264,83.271,86.814,62.4248,49.0476,32.8292
2023-04-17,63.9051,65.0208,69.0885,71.9406,69.7375,86.6777,28.6473,26.1224,16.6588,140.7103,48.9297,25.6313,82.3011,102.4497,36.0134,56.1317,50.5897,88.2914,21.4313,54.6262,107.1329,37.7644,58.1345,70.9188,83.9822,87.4986,62.8345,49.3724,32.7359
2023-04-18,63.3962,65.2365,68.425,71.7208,69.4737,85.9951,28.264,25.9132,16.6983,139.0763,48.7725,25.5317,80.9713,101.8498,35.6785,55.3813,49.4517,87.9757,21.5106,54.3445,106.6634,37.9237,58.2349,71.3947,83.244,86.6095,62.8607,49.0296,32.3164
2023-04-19,64.1505,65.4432,68.9575,72.307,70.3267,86.8933,28.5257,26.1043,16.6884,139.9309,49.1408,25.8577,81.8884,102.5497,35.9605,56.3787,49.512,88.535,21.581,55.0047,107.7338,38.0919,58.454,72.2961,84.2072,87.4897,63.4099,49.8867,32.4842
2023-04-20,64.2414,65.632,68.6258,72.1329,70.5289,86.9921,28.507,26.0133,16.7082,140.5037,48.7904,25.894,82.081,103.0588,35.7226,56.15,49.3224,89.0041,21.0261,55.2335,108.7009,38.0565,58.3718,71.8156,84.1802,87.3297,63.6365,49.6521,32.2324
2023-04-21,64.0142,66.1623,68.8266,72.3528,70.863,87.1807,28.5444,26.0952,16.6884,141.7339,48.7994,25.9393,82.5028,103.3497,35.7931,56.397,49.7534,89.3469,21.1406,55.4712,108.3348,38.2512,58.4905,71.7516,84.5493,87.4542,63.5755,49.8867,32.0739
2023-04-24,64.5503,66.6027,69.2631,72.3986,71.1532,87.8005,28.8062,26.077,16.9354,142.2786,48.9746,25.8396,83.1998,103.9406,36.0046,56.9735,49.5896,90.0686,21.2815,55.5328,109.1235,38.4547,58.5909,72.2321,84.8374,87.9343,64.2206,50.1123,32.6334
2023-04-25,64.6867,66.4948,69.4638,71.2811,71.1708,88.2137,28.8249,26.1043,17.0639,143.1331,48.8578,25.9483,83.2365,104.3678,36.2602,57.3121,49.4086,90.5738,21.0261,56.0521,109.1704,38.5963,58.3171,72.2916,84.9634,88.6812,64.3077,50.3018,31.7569
2023-04-26,63.3235,65.2455,67.6655,67.8462,69.4562,86.04,28.3761,25.7677,16.7378,139.9685,47.1869,25.6223,81.6132,102.6952,35.8548,56.4794,48.3827,89.4371,20.3126,54.5998,106.8982,37.8706,57.0303,70.6213,83.0459,87.4453,63.6365,49.3544,31.1416
2023-04-27,63.8506,66.0724,68.0758,69.4766,70.0189,86.7047,28.8156,26.1679,16.8465,139.4144,48.1436,26.0883,82.2827,103.1315,36.2426,57.1932,49.4431,89.4732,20.7618,55.0399,107.9216,37.8618,57.9064,71.4267,83.5501,88.4411,64.1334,50.13,31.7663
2023-04-28,63.5325,66.1083,67.7528,70.1911,69.7478,86.3813,28.4883,26.1224,16.9058,139.2172,48.3233,26.006,81.5949,102.1861,35.0792,56.9735,49.262,88.8327,20.9888,54.6702,107.1705,37.5608,57.6782,71.1521,83.199,87.9165,64.1595,50.1664,32.2165
2023-05-01,63.7688,66.5937,67.8488,70.3468,70.1567,86.1747,28.6847,26.1679,16.9947,137.6583,48.2469,26.0517,82.2002,102.6861,34.3829,56.4062,49.2448,89.4101,20.5453,54.9871,107.5554,38.2158,57.6235,71.596,83.406,88.1032,64.4647,50.3029,32.0562
2023-05-02,62.7964,65.7488,66.7314,69.5591,69.73,85.555,28.0957,25.9223,17.054,137.7992,47.8067,25.5035,81.7233,101.4498,34.1537,56.2689,47.874,88.9229,20.0485,54.0804,105.4428,37.6759,57.3223,70.1042,82.1727,86.7784,63.8806,49.6205,31.4245
2023-05-03,62.2511,65.9106,66.906,69.0553,69.7122,84.6837,28.0022,25.9132,17.0836,137.5644,47.657,25.6954,81.3014,101.477,34.3124,55.9944,48.0723,88.4448,19.9154,54.2917,106.0156,37.4635,57.6874,69.8388,81.8036,86.5384,62.4771,49.5204,31.5282
2023-05-04,62.8055,66.7375,66.9758,69.1652,70.8412,85.6448,28.2359,26.1043,17.0342,138.8134,48.1425,25.9238,82.3102,102.4315,34.6418,56.5387,48.7706,88.8778,19.9421,54.7318,110.7572,37.667,57.9611,70.2369,82.3168,87.2319,63.1919,49.8571,29.586
2023-05-05,63.2235,67.3577,67.6044,69.1652,71.2235,86.2376,28.5351,26.1497,17.0639,139.3862,48.7142,26.0791,82.9706,103.0497,35.3451,57.1752,48.7016,89.7529,20.1106,55.0927,110.3816,37.9237,58.2441,70.8913,82.9199,88.3433,64.1247,50.1391,29.4917
2023-05-08,62.9963,67.0251,67.002,69.669,70.9568,85.3574,28.2827,26.0042,17.2022,139.1503,48.51,25.9969,81.7508,102.7224,34.802,56.4464,48.7103,89.3198,19.259,54.6174,110.6633,37.8529,57.9429,70.8959,82.9469,87.9343,63.9765,49.8207,29.52
2023-05-09,62.8055,67.133,66.7401,69.2293,70.9834,84.8095,28.2453,25.9587,17.0738,139.5372,48.5373,25.9969,81.4757,103.0133,34.6418,56.4464,48.7103,89.1033,19.7558,54.7142,111.2642,37.7201,58.1437,71.2528,82.7562,87.1785,64.1857,49.4931,29.5105
2023-05-10,62.9782,68.0048,67.2028,70.4292,71.7035,85.7346,28.3107,26.1588,17.1627,141.2923,48.8231,26.399,82.3561,103.6042,35.2294,57.0645,48.5809,89.6807,20.084,55.5592,112.0248,37.9857,58.5361,71.1979,83.3194,88.1477,64.6739,50.1846,30.3119
2023-05-11,62.3602,67.097,66.5655,69.7056,71.6146,84.9739,27.9648,25.8223,17.1429,140.9903,48.2378,25.7319,81.4757,102.777,35.0691,56.7785,47.8136,89.2747,19.5429,54.9518,110.8887,37.5962,57.8973,70.2324,82.3746,87.4291,63.8196,49.6751,29.2654
2023-05-12,62.6056,66.5526,67.2901,71.4093,71.8368,85.0282,28.0957,25.8769,17.2417,141.3206,48.6144,26.0335,80.4485,103.1315,35.1314,56.9353,47.5809,89.7799,19.6138,54.899,111.8746,37.266,58.2349,70.1454,83.2649,87.5369,64.2293,50.0663,30.9154
2023-05-15,61.715,65.7088,67.0806,71.0246,71.2501,83.5974,27.5908,25.5949,16.8663,139.2353,47.843,25.6223,78.009,102.4952,34.5527,56.0313,47.2188,88.8417,19.5074,54.3181,110.4098,36.3823,57.085,68.8824,81.8387,86.5308,62.974,49.1292,31.8488
2023-05-16,60.5154,64.3297,65.0552,69.4675,69.8989,81.596,27.0578,25.0765,16.6588,136.5366,46.7359,25.1654,76.5967,100.2316,33.9562,54.7583,45.5549,87.7775,18.4961,53.0858,108.9075,35.1416,56.364,66.5807,80.0218,84.4468,61.2828,48.4651,31.5942
2023-05-17,60.0156,64.366,65.2755,69.0095,69.8011,80.8443,27.0296,25.1037,16.5995,135.5081,46.3366,25.0649,76.4224,99.1772,34.1254,54.2694,45.8825,87.2317,18.5848,52.8481,109.6493,35.0434,56.1541,67.1802,79.0953,83.5575,60.7947,48.0011,31.4999
2023-05-18,59.8611,64.4658,64.8614,68.7896,69.5255,80.9077,26.7661,24.7581,16.3624,133.7342,46.0553,25.0009,76.4499,98.9953,33.8138,54.1863,45.4169,86.7405,18.505,52.6792,109.0202,35.1595,56.0446,67.3174,78.7046,83.3689,60.0188,47.8919,31.547
2023-05-19,59.9156,64.7924,64.465,68.2217,68.9122,81.4329,26.9073,24.6126,16.4118,133.47,45.6242,25.0009,77.1469,98.6863,33.6179,54.0849,44.9341,86.5859,18.4606,52.7147,110.1447,35.5879,56.1998,66.7271,78.632,83.0994,59.4871,47.8646,31.5753
2023-05-22,59.8701,64.375,64.0949,68.3133,69.0633,81.3967,26.8696,24.5853,16.3129,135.4704,45.5652,25.0283,76.6884,99.0044,33.7337,54.3339,44.9686,86.0947,18.7711,52.528,109.9651,35.811,56.793,66.8461,78.4957,82.6143,58.9989,47.8464,32.0845
2023-05-23,59.6066,64.5565,64.0949,67.9286,69.0277,80.473,27.1614,24.3579,16.2141,135.4043,45.5062,25.0009,75.8538,99.2317,33.7426,54.0849,45.0807,85.3943,18.4162,52.2434,109.9935,36.0967,55.9534,67.0383,78.1233,81.5184,58.7287,47.7099,31.877
2023-05-24,59.1886,64.2843,63.2579,68.0019,68.6099,79.7666,26.9355,24.0487,16.2734,135.0929,44.9073,24.9004,75.3219,98.6135,33.5823,53.5591,44.2358,85.0486,17.9727,51.7543,110.0029,35.8378,55.4879,66.6814,77.3693,80.9884,58.04,47.2641,32.0467
2023-05-25,58.4252,63.3498,62.4298,67.2233,67.9076,78.5259,26.5967,23.6485,16.2339,134.4135,44.1132,24.6811,74.2397,97.2591,32.9591,52.7288,43.4771,84.7939,17.6977,51.0252,108.5194,35.2666,54.6027,65.7021,74.9438,79.8476,57.238,46.4544,31.547
2023-05-26,58.4525,63.0322,60.5179,68.1452,68.2721,78.698,26.672,23.6575,16.3228,135.3666,43.9227,24.5349,74.0746,96.8227,32.6831,52.6735,42.9857,84.3118,17.6267,51.0963,107.4421,35.1595,54.3654,65.8257,74.7167,79.677,57.2118,46.3725,31.9996
2023-05-30,58.298,63.3588,59.8395,67.0113,68.1032,78.3176,26.5214,23.7303,16.7675,135.1212,43.8909,24.3064,73.4969,96.7591,32.9413,52.489,42.8823,84.1936,17.6533,50.705,108.1319,35.1818,54.2741,65.7845,74.2898,79.0571,57.8003,46.4089,32.1033
2023-05-31,59.334,63.2862,60.9937,67.7211,68.6988,79.1055,26.5496,23.8304,16.7378,136.3007,44.5579,24.5714,74.3498,97.8136,33.2885,53.4853,43.3478,84.8667,17.5114,51.4431,108.9351,35.3915,54.5297,65.6792,75.507,80.2069,58.8594,46.8183,31.8582
2023-06-01,57.7527,62.7691,60.6413,67.2602,67.6232,78.055,26.7096,23.7394,16.3624,135.4704,44.1858,24.3704,73.6986,97.5045,33.1015,52.9871,42.8323,83.5205,17.6356,50.8651,105.9018,35.2398,54.6665,65.9767,74.5078,79.156,58.1272,46.3179,30.5477
2023-06-02,57.3801,63.014,61.6809,68.0807,68.7699,78.861,26.9167,24.1214,16.4513,137.5651,45.1205,24.4526,74.4415,98.9772,33.5645,53.8358,43.5663,83.4659,17.9106,51.3364,108.217,35.4272,55.7069,66.1551,75.8068,80.5573,58.1272,47.2914,31.3962
2023-06-05,58.1162,63.2318,62.1214,67.841,69.1255,79.4678,27.0578,24.2215,16.6291,137.6783,45.2657,24.4618,75.1476,99.4226,33.9562,54.417,44.1255,84.5483,17.813,51.7632,108.2926,35.6861,55.999,66.3565,76.3064,80.9884,58.2318,47.5644,31.2265
2023-06-06,57.7618,62.9415,61.6721,67.6474,70.6101,79.2685,26.879,24.1851,16.7378,136.6215,44.9073,24.6354,74.79,99.6226,33.6446,54.6937,45.1041,84.0572,17.8574,52.11,108.8312,35.4808,56.1906,66.3839,75.7977,80.6201,58.1533,47.5917,31.0568
2023-06-07,58.4434,63.631,63.1963,68.3757,71.5613,81.0345,27.2649,24.558,16.9453,138.7823,45.9691,25.0374,76.6609,101.1316,34.2767,55.7269,46.3536,85.085,18.3453,53.0793,110.6928,36.0074,57.2402,67.8208,76.8333,82.255,59.8881,48.5833,32.1222
2023-06-08,58.2889,64.493,63.0729,69.0486,72.2102,81.8405,27.4249,24.6314,16.7971,138.8201,46.0553,24.9735,76.8443,101.7861,34.6774,56.2527,46.5633,85.5034,18.1058,53.1505,111.0329,35.82,57.231,68.2235,76.9242,82.6413,59.7747,48.647,32.009
2023-06-09,57.6618,64.6563,61.9981,68.2835,71.8191,81.442,27.2461,24.6131,16.6785,138.386,46.028,24.7542,76.4499,101.2952,34.3747,55.9852,46.3885,85.0395,17.8219,52.8214,110.8723,35.7753,57.1665,67.5874,76.0158,82.2101,59.0338,48.4287,32.1316
2023-06-12,57.7709,64.2752,61.8747,68.2005,72.0591,81.3333,27.4061,24.6039,16.7378,137.7916,45.96,24.7816,76.6058,101.0498,34.4993,55.4317,45.873,84.2573,17.9993,52.9015,111.0329,35.6236,57.056,67.3449,76.0248,82.0933,58.9727,48.456,32.3202
2023-06-13,57.371,63.9214,61.7249,68.5416,72.4502,81.759,27.472,24.6865,16.7576,138.103,45.7376,24.7176,76.2639,102.1316,34.4993,55.321,45.7682,83.7115,18.4783,52.6881,111.0991,35.5254,57.0744,67.0886,75.5161,81.5274,59.1732,48.2922,32.3862
2023-06-14,57.2611,63.9486,61.584,67.6658,72.9125,81.9854,27.3214,24.6498,17.0342,137.8671,45.9645,24.8181,76.5504,102.677,34.5616,55.7361,45.9254,84.039,18.3985,52.3946,110.6266,35.811,57.0375,67.3998,75.9522,81.6082,59.426,48.3377,32.3767
2023-06-15,58.9379,64.2026,62.5619,68.5508,74.2726,82.9363,27.5472,24.7874,17.0441,139.7354,46.3684,24.9826,77.5946,104.428,34.8198,56.2896,46.1963,84.612,19.0638,53.0082,111.0235,36.4359,57.3415,67.9947,77.1058,82.3628,59.9752,48.9018,32.405
2023-06-16,58.5714,65.11,63.5046,69.6847,74.0059,82.8004,27.4625,24.7691,17.1923,140.5751,46.2867,25.0192,77.6963,104.6205,34.7842,56.0313,46.5983,84.5665,18.9308,52.7414,110.5605,36.784,57.5994,67.8162,77.1513,82.8029,61.1782,48.8927,32.1693
2023-06-20,57.7925,63.8216,62.2359,68.9196,73.4547,81.5235,27.3684,24.5029,16.6687,139.7542,45.1614,24.873,76.5874,103.7679,34.9801,55.4686,46.4584,83.7024,18.638,52.3324,109.5305,36.3645,57.1204,67.4639,76.797,81.6981,59.9491,48.183,31.6036
2023-06-21,57.5543,65.0011,62.7558,69.8599,73.8903,82.1303,27.6978,24.6773,17.0738,140.2543,45.6424,25.1288,76.8831,104.1621,35.1225,55.6715,46.5633,84.5211,18.6114,52.4746,111.1085,36.5162,57.6362,67.9535,77.6236,82.3269,60.7859,48.4651,31.943
2023-06-22,57.5085,64.6926,62.3329,69.2607,73.4903,80.8534,27.3967,24.5213,17.0836,140.1222,45.0026,24.809,76.0422,103.5387,34.9178,54.9889,46.3099,83.7934,18.5493,51.8433,109.5683,36.1859,57.2033,67.0475,77.3057,81.6532,60.228,47.9738,32.9236
2023-06-23,56.9037,63.9214,61.4342,68.3757,71.8368,79.6036,26.7943,24.2093,16.6884,137.5368,44.0724,24.4161,74.693,100.8435,34.2678,54.048,45.2789,82.5381,18.1235,50.9629,108.1225,35.5879,56.6415,65.7799,75.8432,80.5932,59.0686,47.155,32.7067
2023-06-26,57.6001,65.0828,62.3945,68.4863,72.8502,80.5273,27.2178,24.3469,16.6588,132.3188,44.8982,24.9004,75.7557,101.3018,34.5171,54.9704,46.1264,83.3931,18.3719,52.0745,109.9462,36.2127,57.2402,66.8324,76.1066,81.5993,59.9752,48.1921,33.857
2023-06-27,57.2152,64.5293,62.8262,68.136,72.8947,80.3281,27.4908,24.4387,16.7378,134.8193,44.8302,25.074,76.3194,101.4577,34.5972,55.0166,45.8818,83.666,18.5493,52.2168,110.74,36.4359,57.7651,66.9331,75.7977,81.3118,60.4983,48.0557,34.4981
2023-06-28,56.1157,63.3951,61.3109,67.7027,71.5968,79.187,27.039,24.0441,16.7082,133.0265,43.4553,24.7907,74.7115,99.8992,34.1343,53.928,45.1391,81.9651,17.9195,51.3097,108.9162,35.7843,56.6415,66.4114,74.1444,80.0363,59.6004,47.1277,34.4698
2023-06-29,56.1615,62.7328,61.4254,67.1219,71.7657,79.015,27.0296,24.0257,16.8663,132.5452,43.4371,24.8273,74.8409,100.1559,34.3747,53.8819,45.2789,81.4739,18.1235,51.1852,109.332,35.8021,56.9547,66.3016,75.6342,79.8386,59.7747,47.1186,35.0449
2023-06-30,56.9678,63.7399,62.4826,68.4033,72.4147,79.9115,27.4343,24.2827,17.0738,134.6966,44.1813,24.9918,75.4692,100.8618,34.6151,54.1956,45.2526,82.2288,18.3896,51.95,109.9368,36.3645,57.6638,66.6219,76.4881,80.6112,60.5419,47.7463,35.2524
2023-07-03,57.7101,64.0303,62.5972,68.5693,72.6636,80.8896,27.7166,24.4754,17.0738,135.8478,44.5307,25.0557,76.5596,101.9894,34.7397,55.1642,45.9691,82.8201,18.6912,52.2879,110.844,36.6412,57.9033,66.9818,77.5055,81.4915,60.8767,48.2922,35.4692
2023-07-05,58.4523,65.0374,63.117,69.0947,73.4992,81.8224,27.8861,24.5213,17.6073,136.631,44.9935,25.4761,77.3821,103.1354,35.2027,55.5516,46.3885,84.4574,19.0283,53.1327,112.063,37.025,58.6217,67.4616,77.9416,82.2909,61.8812,48.7471,36.1575
2023-07-06,58.4248,64.2299,62.8879,67.3155,72.9391,81.4873,27.7261,24.3745,17.3208,134.3852,44.8211,25.339,76.957,101.9161,34.8109,55.3763,45.742,83.8389,18.7179,52.9993,111.0707,36.6501,57.9585,66.5342,77.5146,81.3477,61.1763,48.5015,35.6389
2023-07-07,57.6642,64.1301,62.4033,66.4213,72.8236,80.5817,27.7449,24.0533,17.1923,133.102,44.2221,25.1471,76.0144,100.8343,34.5171,54.7029,45.6458,83.7115,18.709,52.1901,110.8534,36.5608,57.5994,66.4973,76.5699,80.6381,60.674,47.8828,35.9406
2023-07-10,57.4077,63.6401,62.0069,66.1079,72.3435,80.156,27.7261,23.8238,17.1429,132.6679,43.723,24.8638,75.8666,100.3851,34.3391,54.2878,45.0692,83.1294,18.6469,51.6032,111.1085,36.5787,57.2586,66.645,76.6153,80.1441,60.1894,47.346,35.6672
2023-07-11,57.8383,64.1754,62.8703,66.5504,73.0458,81.0435,28.1213,24.1359,17.469,134.489,44.2857,25.1836,77.0864,101.6227,34.6507,55.0811,45.4274,84.1754,18.984,52.4035,111.959,37.2303,57.9862,67.7938,78.1414,81.6352,61.1322,48.1739,35.8181
2023-07-12,58.4523,64.9557,63.8042,67.7304,74.0859,82.2389,28.5731,24.4938,17.963,137.2349,44.6169,25.6497,78.1491,103.4196,35.1225,56.1051,46.039,84.6757,19.1525,53.4884,113.745,37.5338,58.6769,68.6196,79.2497,82.9646,62.0838,48.9927,35.7332
2023-07-13,58.9471,64.8559,64.3504,67.9516,74.0059,82.8819,28.639,24.6406,17.8247,137.2443,44.93,25.7319,78.7774,103.988,35.4786,56.1143,46.3449,85.2942,19.3654,53.8085,113.7639,37.6498,58.9809,69.0026,79.286,83.818,62.5156,49.384,35.1392
2023-07-14,58.8921,64.7652,64.1566,67.4814,73.9614,82.7733,28.3472,24.558,17.6073,137.9614,45.3202,25.5309,78.9807,103.5479,35.3896,56.225,45.9953,84.6666,19.1614,53.4973,112.8662,37.507,58.7967,68.4858,79.2315,83.5485,62.0926,49.2748,34.3661
2023-07-17,57.9208,63.6764,63.5927,66.9836,73.2769,81.0707,27.9331,24.2735,17.6172,135.9421,44.8029,25.1014,78.0197,101.4485,34.9356,55.3487,44.8332,84.0663,18.9662,52.8659,113.1024,37.2928,57.9493,67.4155,77.6509,82.4436,61.5816,48.4924,34.2718
2023-07-18,57.7284,62.6874,62.9143,66.4213,73.3747,80.31,27.7072,24.1542,17.301,134.6023,44.9209,24.9369,77.9088,100.2109,34.5883,54.7491,44.6061,83.8116,19.2945,52.4302,112.7811,36.8465,57.7007,66.9264,76.9151,81.6621,61.1234,48.224,34.847
2023-07-19,58.0857,63.6401,63.5663,66.4674,73.2681,81.1703,28.0649,24.7783,17.5283,135.8572,45.9509,25.3116,78.722,101.9803,34.8732,55.8191,45.4099,85.0395,19.605,53.1594,114.501,37.0518,58.3914,67.6046,77.551,82.3269,62.2424,48.8654,35.8275
2023-07-20,59.1578,64.4839,64.7909,68.3111,75.1171,82.6465,28.5825,25.1362,17.5184,138.6502,47.0626,25.604,80.3299,103.7129,35.3184,56.9353,46.406,87.2226,19.3654,54.0042,115.4554,37.4981,59.3677,69.0256,78.8682,83.7192,63.5729,49.8389,36.4969
2023-07-21,59.7535,66.2895,65.4693,69.9705,75.9349,83.6517,29.0907,25.595,17.7456,140.4242,47.1851,25.6588,81.5866,105.5373,35.6923,58.0146,46.9914,88.3505,19.9509,54.7422,116.4948,37.9801,59.9847,69.6992,79.8765,85.1385,63.7932,50.7123,36.0161
2023-07-24,59.6343,66.1897,64.9319,69.6018,75.8549,83.5068,29.0531,25.5124,17.6666,139.3862,47.3984,25.6314,80.6533,105.4364,35.6122,57.8117,47.0876,88.3505,19.1791,54.3776,116.3909,38.23,59.4598,69.7823,79.5767,85.1295,63.9166,50.5394,35.7144
2023-07-25,59.5244,65.8812,65.0993,69.5465,75.7749,83.3529,29.2695,25.6684,17.7456,139.9052,47.3938,25.6954,81.3371,105.8306,35.6567,58.1714,47.2885,88.8781,19.4009,54.2442,117.0335,38.3996,59.7545,69.8561,79.5222,85.5966,63.7844,50.5485,36.1575
2023-07-26,59.6068,66.3167,64.8614,68.56,75.3304,83.8057,29.3636,25.751,17.6864,139.4428,47.3666,25.9786,81.411,106.2248,35.63,58.5035,47.5769,88.6871,19.4275,54.5288,117.5626,38.5603,59.7913,70.1052,79.5858,85.8391,63.5289,50.6395,36.2989
2023-07-27,57.6093,66.108,63.672,67.546,74.6993,82.0307,28.5731,25.2279,17.3801,140.1128,47.0217,25.5674,80.0434,104.8222,34.9356,56.8246,46.6245,87.0953,18.9662,53.1949,115.531,37.4534,58.2993,68.9103,77.451,84.833,62.4363,49.6114,35.1864
2023-07-28,57.6276,65.6453,63.5222,67.1588,74.4948,81.5597,28.3284,25.2004,17.4492,138.6502,46.8584,25.5859,79.3134,104.1163,35.0246,56.2896,46.7468,86.9952,19.2501,53.4884,115.3798,37.2214,58.1888,68.8826,77.5964,83.8449,64.2866,49.4371,35.5541
2023-07-31,57.481,65.6362,63.7249,67.5736,74.396,81.3786,28.319,25.2646,17.3998,139.1126,46.5998,25.6689,79.1655,104.7855,35.0691,56.3357,46.7905,86.2857,19.3395,53.3283,115.0112,37.3642,58.1335,68.7534,76.9787,84.0965,63.4055,49.2995,36.1827
2023-08-01,57.5909,64.6745,61.9804,66.5319,73.9109,81.1522,27.7543,25.0811,17.1429,136.3101,45.9055,25.3369,78.2137,103.7313,34.713,55.7453,45.6983,84.9031,18.7852,52.9104,114.397,37.0161,58.2072,67.9322,76.3337,82.776,62.5949,48.8959,36.0208
2023-08-02,57.6184,64.3932,61.4959,66.2922,74.1714,81.0707,27.9896,25.0811,17.3603,137.4519,46.0099,25.549,77.9827,103.6763,34.3836,55.607,45.7332,84.894,18.812,53.0971,114.7939,37.0428,58.152,67.7615,76.7607,83.1173,63.0354,48.8775,35.5922
2023-08-03,56.189,62.261,60.0158,64.6236,71.234,79.9296,27.6225,24.4387,17.1034,134.1116,44.5942,24.8483,76.6243,100.3668,33.0926,54.2677,44.3352,82.1652,18.4633,51.9144,111.8267,36.1502,56.356,66.119,74.4805,81.1771,61.9781,47.4831,35.8684
2023-08-04,55.3368,61.5532,59.2404,63.7663,70.5873,79.0331,27.3214,23.934,16.8761,133.9606,44.3038,24.4426,75.2197,98.8999,32.6608,53.6911,42.9983,81.2374,17.5603,50.954,110.8156,35.6325,55.8126,65.4869,73.7992,80.3596,61.0088,47.0611,35.735
2023-08-07,54.7595,61.7166,59.0995,63.2777,68.8266,79.2323,27.2931,23.9615,17.2121,134.7667,44.1178,24.5901,75.0442,98.8083,32.4988,53.5144,42.9371,82.429,17.6139,51.2564,111.496,35.6772,55.7205,65.6992,73.4722,80.5393,61.4935,47.0886,35.735
2023-08-08,54.6495,62.4334,58.9761,63.3422,69.2399,79.4134,27.2178,23.9523,17.3208,134.7288,44.1858,24.6546,75.1735,99.1475,32.8227,53.8399,43.0507,82.9474,17.5424,51.6476,110.6928,35.7753,55.8034,66.119,73.4177,82.758,62.1191,47.2629,35.0302
2023-08-09,54.6954,62.7781,59.2845,63.5358,70.0303,79.0421,27.2837,24.0716,17.2318,133.1925,43.968,24.8759,74.8593,99.2941,32.5618,53.5702,43.4177,82.7382,17.5334,51.6654,111.014,35.9271,55.9139,66.3405,74.0785,83.3778,61.9252,47.2171,35.4493
2023-08-10,54.5213,62.9778,58.4475,62.955,69.2578,78.861,27.0578,23.9523,17.1923,132.2726,44.1194,24.6454,74.3603,98.3499,32.6608,53.3935,43.5837,82.2379,17.5334,51.5854,110.5227,35.8735,55.7389,65.976,74.4181,83.4587,61.6344,47.3363,35.1731
2023-08-11,54.7045,63.0594,59.0642,63.5358,69.5273,79.2905,27.2461,24.0257,17.2121,132.9554,44.1883,24.7376,74.7669,98.9091,33.1736,53.719,43.3303,82.62,17.3993,51.8255,110.9951,36.1592,56.0613,66.5988,74.4457,84.2761,62.1455,47.5748,34.9159
2023-08-14,54.283,62.4515,58.4475,63.2039,69.4824,78.7513,27.0767,23.8789,16.9947,134.7951,44.1974,24.4426,73.8983,97.6715,33.1646,53.0028,42.8061,81.4648,17.0059,51.2475,109.8517,36.0961,55.2969,65.7545,73.4269,83.3509,61.467,46.8868,35.2398
2023-08-15,53.2567,61.4988,56.615,62.0885,68.8536,76.9694,26.5873,23.3833,16.7378,133.4201,43.4129,24.0553,72.7802,95.7005,32.4178,51.9984,41.7663,80.4826,16.0939,50.4116,108.3871,35.6548,54.735,64.6103,72.6008,82.1382,60.6388,46.1529,35.1921
2023-08-16,53.5408,61.7982,56.7559,62.2821,69.4375,77.6365,26.6347,23.2732,16.7675,132.7847,43.8533,24.1752,73.4917,96.0305,32.6068,52.6215,42.011,81.5382,16.4605,50.7228,109.2942,35.853,55.5732,65.1916,72.6834,82.3718,60.9384,46.3364,35.3826
2023-08-17,53.3025,61.9253,56.7207,62.236,69.4644,77.6548,26.5304,23.0805,16.4612,131.0587,43.6102,24.1568,73.1775,96.1313,32.2739,52.4634,42.0197,81.0058,16.1386,50.5094,110.2581,35.988,55.6284,65.3854,72.3071,82.399,60.4449,46.1071,35.0207
2023-08-18,53.3209,62.1636,56.8,62.531,70.2908,78.5777,26.7105,23.2181,16.5204,131.7795,43.8533,24.378,74.4528,96.8006,32.5438,52.947,42.3168,81.988,16.1029,50.6982,111.2281,36.0331,56.0152,65.2516,72.5274,82.8533,60.8326,46.4373,34.7159
2023-08-21,53.1101,61.9803,56.2538,61.8396,69.7788,77.7553,26.7957,23.1447,16.4809,130.3854,43.6239,24.2858,73.9907,96.0763,32.2919,52.4169,42.0459,81.428,16.0135,50.4105,111.0189,35.7899,55.4811,65.6161,72.1052,81.427,60.8062,46.1254,35.116
2023-08-22,53.1009,62.0903,56.2714,62.2452,70.6951,77.7279,26.7768,23.2181,16.5797,131.2484,43.4633,24.3135,74.2033,96.2322,32.4448,52.6773,41.7663,82.0431,16.0582,50.7341,111.2756,36.0241,55.3153,65.7914,72.1603,81.3906,61.2732,46.2355,35.2017
2023-08-23,52.7069,61.9253,56.5004,62.5863,70.8747,77.4537,26.682,23.1356,16.5007,132.339,43.8166,24.4518,74.2217,96.5072,32.7327,52.9005,41.7663,82.6489,16.38,50.833,110.8001,36.2492,55.9508,66.3082,72.9037,82.072,61.608,46.3731,35.4874
2023-08-24,52.2396,61.8152,56.3595,61.9686,70.7759,77.2984,26.3883,22.9795,16.5106,131.1062,43.4955,24.2766,73.9075,95.7555,32.4268,52.7703,42.0022,82.1165,15.8436,50.5454,110.6955,36.0961,55.9231,65.3116,72.353,81.754,61.2908,46.1254,35.2398
2023-08-25,52.7619,62.4203,57.4167,62.6508,71.1083,77.7644,26.7389,23.1906,16.5007,133.164,43.4955,24.5071,74.3419,96.1863,32.6338,53.1145,42.3954,82.502,16.1476,51.1386,111.9318,36.2943,56.2915,66.0313,72.8119,82.29,61.6168,46.5841,35.3922
2023-08-28,53.0093,62.457,57.4167,62.7061,70.8029,77.9015,26.7389,23.1906,16.4809,132.889,43.7157,24.5256,74.2217,96.2322,32.7327,52.8354,42.7537,82.346,16.0224,50.9858,111.0854,36.2492,56.3468,66.0313,72.6926,81.7813,61.4318,46.5015,35.8112
2023-08-29,53.1009,62.8603,57.5577,62.669,70.758,78.0569,26.6536,23.1906,16.4809,132.8321,44.9545,24.6639,74.425,96.3789,32.8047,52.9284,43.3041,82.6856,16.2817,51.3094,111.5039,36.4744,56.9454,66.1698,73.0873,82.0266,61.8195,46.6483,35.3541
2023-08-30,52.8535,62.9062,56.7559,62.2791,70.1112,77.8832,26.4546,23.1539,16.3327,132.32,44.3764,24.6639,74.2957,96.0213,32.6518,52.761,43.2517,82.4561,16.2906,49.8352,111.6085,36.4023,56.7889,65.3762,72.9129,81.7177,61.6168,46.63,35.6684
2023-08-31,52.3496,62.0903,56.2273,62.0099,69.4105,76.8689,26.4262,22.8694,16.1055,131.5708,43.7019,24.6731,73.2515,94.7745,32.4538,52.2588,42.9948,81.6575,16.0313,49.4127,110.2676,36.1321,56.2547,64.7949,71.9583,80.6729,60.6652,46.0245,35.7636
2023-09-01,51.7814,61.6227,55.5489,62.0749,68.2428,75.946,26.1988,22.7226,16.2635,130.6794,43.2844,24.4887,72.4937,93.6744,32.1119,51.5148,42.4102,81.0976,15.9956,48.1812,109.8111,36.0151,55.7205,64.6472,71.1506,79.8825,60.2775,45.6759,36.6208
2023-09-05,50.9384,60.7793,54.0776,61.4529,66.545,74.9499,25.8956,22.2913,16.0659,129.3328,42.5182,24.1475,71.4125,92.3635,31.4551,51.0033,41.4448,79.4086,15.5932,47.3992,106.7204,35.5828,54.2285,63.8537,69.7555,78.7197,59.2378,45.1622,36.1636
2023-09-06,51.6257,60.7335,53.7252,60.9795,67.7667,74.9956,25.924,22.3922,16.2537,128.7164,43.0596,24.2582,71.7729,92.4918,31.5721,51.087,40.7007,79.6748,15.5843,47.9206,106.7679,35.898,54.5601,64.232,70.1043,79.4828,59.6784,45.5016,36.2112
2023-09-07,51.8639,61.5219,54.0512,61.4993,68.2517,76.4212,26.4831,22.7259,16.6785,130.5941,43.289,24.7192,72.7247,93.7019,31.905,51.8403,40.7716,81.2445,15.1909,48.1902,108.4417,36.5374,55.9457,65.0163,70.9854,81.218,60.5154,46.263,36.5255
2023-09-08,52.2946,62.2736,54.6943,62.0378,68.8266,77.3715,26.8052,22.939,16.7576,130.613,43.7111,24.8667,73.3808,94.1145,32.0489,52.0542,41.7371,81.9237,15.4412,48.4869,108.5843,36.5464,56.5315,65.7453,71.3526,82.6897,61.5023,46.5474,37.6304
2023-09-11,52.6245,62.457,54.941,62.6876,68.7368,77.2436,26.8242,23.1985,16.6983,131.0777,43.7386,24.9681,73.2515,94.4445,32.0129,52.2123,41.8965,82.3643,15.4144,47.3812,108.3466,36.5464,56.5408,65.6622,71.4076,83.3802,61.564,46.5933,37.0018
2023-09-12,52.4229,62.8878,54.9675,62.8732,68.7009,77.1705,26.8147,23.2356,16.7378,130.4518,43.9267,25.0142,73.3446,95.2696,32.2739,52.11,42.1356,82.7957,15.2266,47.6509,108.299,36.5284,56.3828,65.7822,71.426,83.6891,61.934,46.529,36.8494
2023-09-13,53.2659,63.7129,55.8132,63.523,69.5453,78.3219,27.1368,23.5137,16.8663,132.1114,44.5461,25.2724,74.6114,97.2223,32.5348,52.8075,42.2951,83.9523,15.1909,48.2891,109.6114,37.0418,56.6245,66.3635,72.8119,85.288,62.3305,47.2813,36.916
2023-09-14,54.2552,64.9963,56.7736,64.3121,70.6951,79.327,27.459,23.801,17.0046,133.6951,45.3078,25.5767,75.487,97.8548,33.1916,53.2447,42.9683,84.7968,15.5485,48.9363,110.6575,37.6812,57.0895,67.8491,73.9776,86.7143,63.0178,47.7858,37.278
2023-09-15,53.5987,65.1705,56.5709,63.718,70.6232,78.8244,27.5537,23.7825,17.1034,131.7226,45.1472,25.5121,75.2355,98.7706,33.2096,53.2075,42.9328,83.9798,15.4144,48.6666,109.3737,37.5101,57.0523,67.4524,73.4636,86.469,63.0531,47.5015,37.2399
2023-09-18,53.6172,65.0421,56.6414,63.3466,71.0454,79.2082,27.6201,23.7917,17.0935,131.2674,45.3215,25.4015,75.1517,98.9741,33.0836,53.0215,43.0746,84.0533,15.2713,48.6666,108.8887,37.366,57.0337,67.8307,73.638,86.2692,62.7535,47.8776,37.8589
2023-09-19,54.1073,65.0055,56.2009,62.7433,70.9017,79.2265,27.459,23.6434,17.2022,130.4613,45.1747,25.4015,74.7232,98.4006,33.1106,52.8354,42.3837,83.6861,14.9852,48.7296,108.4987,36.9877,56.3735,67.8399,73.482,85.2517,61.8459,47.7216,37.3256
2023-09-20,55.4387,65.2713,56.3507,62.5205,71.4137,79.6469,27.3074,23.7917,17.1923,130.1104,45.06,25.4384,74.9281,98.6781,32.8947,52.8633,42.49,83.989,15.0121,48.8554,108.5653,36.7716,56.4478,67.6646,73.8399,85.7331,61.4582,47.6941,37.0399
2023-09-21,54.9024,64.0796,56.3947,62.112,70.4256,78.8701,26.9,23.4025,17.0342,126.649,44.4865,24.9497,74.63,98.1323,32.5708,52.5564,41.9762,83.4016,14.6902,48.415,106.1688,36.4383,56.2061,66.4004,73.3167,84.861,60.7093,47.0886,36.0874
2023-09-22,55.226,63.5937,55.7269,62.8454,69.8956,78.0751,26.8147,23.2912,16.9354,125.4162,44.2984,24.6085,74.7139,98.2433,32.4358,52.4262,42.2951,83.374,14.2699,48.1902,105.4175,36.2132,56.2805,66.2713,72.6651,84.7883,59.9779,47.0153,36.7922
2023-09-25,55.0041,63.5204,55.0412,62.6319,69.5363,77.4263,26.8052,23.1707,16.8761,125.8429,44.1194,24.6178,74.0991,97.7346,32.3189,52.0263,42.4368,82.8233,14.5203,47.9026,105.0657,36.2943,56.0666,66.1236,72.2153,84.7702,59.5991,46.8318,37.3256
2023-09-26,53.3676,61.5219,53.1711,60.6546,67.2277,74.6027,25.8577,22.4942,16.4019,122.9411,42.7614,23.7326,71.5841,94.4971,31.77,50.222,40.7981,80.6203,14.1805,46.2396,101.7372,35.2586,54.3741,64.4114,70.0676,82.7806,57.9778,45.1897,36.4779
2023-09-27,52.896,60.6327,52.3341,55.6604,66.6169,73.6249,25.725,22.1883,16.2438,119.8116,42.7843,23.2163,70.8948,92.9986,31.707,49.6175,40.2667,79.5188,14.2431,45.889,101.2427,34.9433,53.844,64.5882,69.627,81.8449,57.5372,44.5384,36.7446
2023-09-28,52.5817,59.6518,51.0785,52.9869,65.997,72.9944,25.2987,21.6693,16.0857,117.1942,42.3438,22.6815,69.3392,91.2319,31.1042,49.013,39.0975,78.4724,13.3043,45.3227,100.7196,34.1148,52.6909,63.0622,68.5348,80.5639,56.6727,44.0888,36.4589
2023-09-29,52.9053,59.3309,51.782,53.1818,66.1857,73.6066,25.4408,21.8361,15.9375,117.4313,42.4402,22.7553,69.7025,91.8331,30.7533,49.3943,39.5669,78.5091,13.5904,45.5744,100.7386,34.0337,52.9233,63.3041,69.0396,80.1823,56.4054,44.4466,36.6875
2023-10-02,50.8804,57.4883,49.627,48.4104,64.0208,70.3901,24.3985,20.9,15.0383,113.5621,40.7747,21.3723,66.2561,88.3274,29.3317,47.032,37.4765,74.92,12.6606,43.2373,97.724,32.971,50.8589,60.7358,65.9373,77.6204,54.4001,42.4192,35.7827
2023-10-03,51.6294,58.6984,49.912,48.9952,64.5598,71.4958,24.967,21.2985,15.147,110.9542,41.3344,22.0914,67.5974,90.0572,30.2404,48.2411,37.6183,76.352,12.1062,44.0463,99.2266,33.3673,51.64,61.7315,66.8276,77.9111,54.5695,42.9238,36.0493
2023-10-04,52.3598,59.2392,49.9654,46.9901,64.443,72.3913,25.1471,21.2337,14.9988,113.1828,41.7611,22.1375,67.8396,89.8259,30.2224,48.6224,37.1754,77.2883,11.8022,43.7676,101.1,33.6915,52.1887,61.8711,67.2682,78.2382,54.5695,43.5659,35.6779
2023-10-05,52.2211,59.2117,49.1639,45.904,64.8023,72.4644,25.2229,21.28,15.1569,112.5948,42.1007,21.9716,68.2308,87.1342,30.3934,48.1853,36.2985,77.8023,11.2747,43.453,102.1746,33.6915,52.5979,61.6478,65.4692,77.6568,54.0882,43.676,36.8494
2023-10-06,53.0255,59.5601,49.6982,46.6374,64.9999,73.6797,25.4597,21.7249,15.3249,112.7086,42.2062,22.6723,68.9294,88.0222,30.8163,49.3292,36.9362,79.2618,11.1316,43.8575,103.2302,34.2949,53.3046,62.4666,66.2586,78.965,55.3092,44.3824,37.1161
2023-10-09,53.3029,60.4218,50.9716,45.7834,65.6108,74.6758,25.8577,22.0122,15.394,114.5579,42.6788,23.1794,69.9168,89.3449,31.2841,49.6175,37.3614,80.3633,11.3373,44.3609,104.3144,34.8533,54.3183,63.7415,67.6078,80.1551,55.7281,44.5567,37.8113
2023-10-10,53.682,60.9077,51.8977,47.8813,66.6258,75.151,26.0282,22.1142,15.6213,115.5631,42.9495,23.4745,70.9507,90.0572,31.5091,49.7942,37.7246,80.8865,11.6234,44.6755,105.37,35.3756,54.9134,63.788,68.131,80.8001,56.3876,45.0888,37.9637
2023-10-11,54.3754,61.5127,52.5122,49.7008,67.7667,75.7998,26.2935,22.3459,15.8486,115.9045,43.5689,24.0185,72.0871,90.5012,31.905,50.3894,38.0523,81.1894,11.9721,45.2149,106.3115,36.0601,56.5129,64.458,69.0947,81.645,57.867,45.5842,39.3066
2023-10-12,53.7652,60.2293,48.5851,49.1995,67.1918,74.292,26.0851,21.9195,15.7695,112.2155,42.9403,23.4099,71.463,88.8177,31.761,49.7198,36.8034,80.198,11.6681,44.262,105.6743,35.871,56.327,63.7042,67.4426,79.9734,57.8313,45.1805,39.4019
2023-10-13,54.4216,61.0085,49.0037,50.5826,67.9912,75.4068,26.123,22.142,16.0857,111.9405,42.9219,23.7695,72.6087,90.5289,32.0309,50.2406,37.0957,80.7947,11.7664,44.9002,106.4921,35.979,56.5408,64.6627,68.3512,80.5639,58.5443,45.6392,39.059
2023-10-16,55.0688,61.8794,50.0455,50.4805,68.7458,76.412,26.322,22.4107,16.2141,113.7802,43.679,24.0738,72.9534,91.0561,32.5348,50.4917,37.3968,81.3822,12.2582,45.3317,106.7489,36.1772,56.6245,65.984,69.8106,81.2725,58.9543,46.0979,39.5638
2023-10-17,55.0226,61.5219,49.3866,50.2856,68.4314,76.2384,26.4736,22.4385,16.1549,114.0837,43.4817,24.0922,73.0279,91.1394,32.4628,50.4917,37.1222,81.6025,12.294,45.0261,107.2054,36.0781,56.5501,65.6677,69.4527,80.8183,59.1503,45.8869,40.021
2023-10-18,54.8562,61.0544,48.5228,49.4223,68.0182,75.8546,26.2272,22.3088,16.0165,112.0353,43.4633,23.9539,73.1117,89.8259,32.2289,50.1755,36.1036,81.0333,12.4013,44.2351,106.397,35.943,55.9736,65.5281,68.9937,80.1187,58.4641,45.7034,39.4971
2023-10-19,54.5973,60.9077,47.9974,48.6332,67.6409,75.3429,26.0282,22.0771,15.809,110.9732,42.8394,23.6312,72.3293,89.4837,32.0849,49.7663,35.9973,80.4734,12.3744,43.6148,104.7043,35.8169,55.6388,64.7185,68.3054,79.7463,57.0381,45.364,38.8209
2023-10-20,53.7189,60.2568,47.6412,48.2341,66.6797,74.2006,25.7156,22.0215,15.8288,109.8162,42.7063,23.2532,71.0997,89.4004,31.743,49.2083,35.4482,79.9135,12.3655,43.48,103.449,35.3936,55.1459,63.7973,67.3233,79.0649,55.8885,44.786,38.6018
2023-10-23,53.6727,59.9818,46.7151,47.8256,65.6377,73.5884,25.3934,21.9473,15.5521,109.5317,41.7153,22.7553,69.9354,88.7714,31.4821,48.9293,35.0141,79.4821,12.5175,43.435,102.5075,34.5831,55.0157,63.4065,67.3233,78.429,55.1131,44.4925,38.7066
2023-10-24,54.625,60.9168,48.1132,51.1675,66.7875,74.5479,25.8861,22.3737,15.9968,111.6844,42.3943,23.2624,71.1277,90.3717,32.1209,49.8872,35.7405,80.7488,12.9914,43.9923,103.3444,34.9974,56.2433,64.9325,68.5991,79.7281,57.0916,45.3548,40.0686
2023-10-25,54.9856,61.0635,48.2824,52.4114,66.8055,75.2241,26.0188,22.5961,15.977,110.4801,42.4677,23.3362,71.5841,90.5937,32.1749,50.6406,35.9087,81.0609,13.1255,43.9564,103.04,35.1235,56.3456,65.2954,69.1681,80.0824,56.4143,45.4465,39.84
2023-10-26,55.263,61.5677,48.2289,53.4418,67.4523,75.9643,26.1514,22.9298,15.6905,111.9215,42.7614,23.7142,71.7704,90.9729,32.4448,51.3195,36.2896,81.9696,13.3222,44.1811,103.43,35.2586,56.9128,65.8817,69.5444,81.0363,56.7619,45.6759,40.1924
2023-10-27,53.9131,60.9902,47.3384,52.2071,66.2665,74.6849,25.2892,22.5034,15.6213,110.3757,41.9263,23.1886,70.2148,89.6409,31.6081,50.4731,35.5013,80.2898,13.1881,43.435,100.9193,34.6101,55.8992,64.8767,68.7735,79.5192,55.2022,44.887,39.6781
2023-10-30,54.3107,61.2285,47.5433,53.0983,66.7875,74.5661,25.4787,22.6054,16.0066,110.6792,43.4817,23.3935,69.8981,89.0859,31.851,50.3057,35.4304,80.299,13.3669,43.5789,101.2237,34.6281,55.9457,64.6627,69.214,79.8553,55.8796,44.887,40.24
2023-10-31,54.8007,61.6961,47.8994,54.1194,67.433,74.3742,25.4692,22.7722,16.1055,111.5706,43.8579,23.4308,70.5222,89.1507,32.0309,50.5382,35.7139,80.5836,13.4754,44.1721,102.3839,35.0694,57.3313,65.1652,69.3333,80.7547,56.2004,45.174,40.7302
2023-11-01,55.9749,62.732,47.2761,54.2401,68.6965,75.4434,25.8861,22.8927,16.471,112.6612,44.8444,23.6543,71.5748,89.3634,32.4358,50.901,35.6253,81.8411,13.4302,44.7744,103.3444,35.6008,58.0102,65.8351,70.1961,81.3452,57.0114,45.8314,42.1525
2023-11-02,56.465,64.2813,48.3358,55.614,68.3329,76.6587,26.0472,23.2449,16.56,118.0572,45.2619,24.0082,72.7671,91.3984,32.9037,52.0928,36.3871,82.759,14.0181,45.88,105.9216,36.6545,58.9773,67.0728,72.7293,81.6632,56.7084,46.535,43.3731
2023-11-03,56.428,64.5288,49.3598,55.122,67.1966,76.7136,25.9524,23.5137,16.6884,123.3204,45.0462,23.9523,73.1304,92.6656,33.1286,52.3086,38.628,82.6764,15.1847,46.0329,106.0262,36.5284,59.1354,67.324,73.1699,82.0175,57.0827,47.3128,43.2482
2023-11-06,55.9934,63.4654,50.3661,54.8064,66.2148,75.6261,25.8103,23.3098,16.5698,120.9875,44.9958,23.5518,72.9161,91.2689,32.7283,51.6799,40.3818,83.1078,14.7777,45.7812,105.2749,36.0421,58.6053,66.8867,72.7385,81.5087,56.9312,46.7017,43.9594
2023-11-07,55.3185,62.9978,50.1791,54.2679,65.6421,74.9773,25.7629,24.0327,16.4612,120.3047,44.8031,23.3376,72.6553,91.1394,32.8466,51.8582,40.373,82.1348,14.5969,45.2418,104.476,35.7899,57.9358,66.44,72.3714,81.109,56.6104,46.2943,43.6518
2023-11-08,54.625,62.8878,49.5914,53.3768,64.4967,74.0179,25.4503,23.7732,16.3129,119.6219,44.5048,23.2631,72.2734,91.1486,32.4735,51.9896,40.6919,81.4005,14.6692,44.5676,103.915,35.6458,57.3685,65.6304,71.7289,80.2732,56.0756,45.9332,43.9017
2023-11-09,54.2737,62.3744,48.3002,50.7961,64.5604,72.7659,25.3555,23.3561,16.2932,117.8486,44.4268,23.1141,70.8855,91.1116,32.2005,51.3702,39.7441,81.9237,14.1356,44.3429,105.836,35.3486,56.7547,64.7371,71.7196,79.9098,56.2984,45.0073,43.3154
2023-11-10,54.736,62.4295,47.9084,51.186,64.0513,73.3873,25.6966,23.4859,16.5797,117.1183,44.3259,23.2818,71.0439,91.1764,32.1187,52.1772,39.8238,82.0155,14.1989,44.4148,105.9501,35.5107,57.2941,65.4536,72.128,80.1914,56.7886,44.9703,43.7767
2023-11-13,53.8761,61.7327,47.2227,50.5919,62.6696,73.2489,25.3271,23.1244,16.3722,116.1645,44.1402,23.1048,69.6559,90.3347,31.9549,51.9051,39.4429,81.116,14.0542,43.1923,105.6743,34.9433,57.043,65.1559,69.6402,79.0558,55.4785,44.0814,44.2957
2023-11-14,55.753,63.447,50.0722,53.4232,65.833,75.2144,26.2177,23.8566,17.1923,123.7473,45.6583,24.1851,72.0498,94.1179,33.3288,53.7257,41.179,83.8396,15.3204,44.8913,108.5463,35.9887,58.8192,67.5566,71.8588,81.6268,58.5621,45.4795,45.4778
2023-11-15,55.5589,63.0437,50.9805,52.9126,65.7876,75.1406,26.1796,23.9122,17.301,124.4245,45.6444,23.9802,72.3572,94.4139,33.5017,53.5661,41.8345,83.8859,15.3837,45.1879,107.9662,36.0615,58.4751,66.9797,71.042,81.4088,58.17,45.6647,45.6604
2023-11-16,56.1229,64.4188,51.1854,52.5413,65.8058,76.008,26.3991,24.1161,17.5381,124.9396,45.8904,23.9988,71.5189,95.5794,33.7018,53.9603,41.5156,84.4232,15.2932,45.2418,108.4607,35.8887,59.0145,67.1751,71.831,82.8793,58.8117,45.8128,45.7181
2023-11-17,55.9934,64.604,52.1026,53.2561,65.424,75.4266,26.5327,24.181,17.7061,125.9983,46.0111,24.2875,71.8356,95.8291,33.8292,53.8664,41.4182,84.6363,15.3837,45.2958,108.3181,35.407,59.2842,67.2403,71.8403,82.723,58.7582,45.5814,46.2083
2023-11-20,55.5311,64.2984,51.9156,53.2283,65.1967,75.0391,26.3323,24.2551,17.469,124.6344,45.9415,24.2689,71.5562,95.1539,34.0567,53.6224,41.1082,84.2472,15.5646,45.3677,107.3861,35.5251,59.526,67.3984,71.6546,82.0705,58.5443,45.4703,45.449
2023-11-21,55.4942,64.4928,52.3786,53.8224,65.2694,74.67,26.2464,24.3849,17.5283,124.787,46.7028,24.2223,71.4444,95.5146,34.266,53.3315,41.117,83.8303,15.1395,45.7045,106.1308,35.3433,59.6469,67.8079,72.4437,82.6035,58.4017,45.4517,43.4404
2023-11-22,55.8732,64.4373,53.0109,53.7849,66.9512,75.1867,26.5232,24.32,17.7555,124.4436,46.9767,24.39,71.7238,96.8096,34.1568,53.5567,41.3207,83.8581,15.2932,46.2781,107.5097,35.3251,60.1211,68.0405,72.6386,83.0447,58.7315,45.8684,44.0458
2023-11-24,55.9565,64.4558,52.7704,53.8598,66.5966,75.2975,26.6568,24.3849,17.8049,125.9602,46.935,24.3062,71.8822,97.4663,34.2478,54.0447,41.5953,84.2657,15.3113,46.0232,107.2798,35.6251,60.5303,68.5523,72.8707,83.3939,58.6869,46.0628,44.1035
2023-11-27,55.8917,65.0577,52.5745,53.8879,67.0421,75.8696,26.6759,24.32,17.6864,124.7107,47.181,24.3993,72.1523,96.9946,34.1204,53.8007,41.551,83.9971,15.2932,46.178,107.8929,35.5797,59.9259,68.5988,72.9078,83.5685,59.0612,46.2573,44.6513
2023-11-28,56.3725,65.2706,53.3671,54.4307,67.5784,76.737,26.8667,24.459,17.2911,124.6248,47.1903,24.3807,72.5156,97.1426,33.9475,53.904,41.6308,84.1175,15.5284,46.6696,107.7588,35.5979,59.8887,68.4127,74.0125,83.7523,59.2573,46.4054,44.9589
2023-11-29,55.4757,65.0299,53.1711,54.6179,67.3693,76.5616,26.6186,24.1254,16.9651,125.159,46.6982,24.0361,71.7145,96.3286,33.6473,53.2564,41.3916,83.3208,15.5736,46.1051,107.3277,34.8979,58.8564,67.8823,73.5344,83.3664,58.6245,46.2387,45.0261
2023-11-30,56.2523,65.7244,52.904,54.7582,68.1238,77.1614,26.9813,24.2088,16.9651,125.7503,47.0789,23.8778,72.2734,96.3009,33.6109,53.2658,40.7446,83.4783,15.5646,46.4693,109.0135,35.007,58.0567,67.8079,73.8454,84.8092,59.7029,46.8221,45.9776
2023-12-01,56.7978,66.2244,54.124,55.3759,68.2511,78.4072,27.4776,24.5425,17.2417,127.0857,47.3667,24.3993,73.5588,100.0563,33.993,54.8049,41.9398,84.9327,16.3966,47.1248,109.0519,35.4433,58.9773,68.115,74.7365,85.1401,60.1396,47.6739,46.487
2023-12-04,56.8348,66.0021,54.0438,54.908,68.2602,78.4348,27.5348,24.4312,17.0639,126.9903,47.0696,24.6228,73.149,100.2783,33.8201,54.7392,41.4545,85.2199,16.2609,45.9321,110.0768,35.207,58.8471,67.752,74.3838,85.2228,60.0416,47.5905,46.2083
2023-12-05,56.428,65.6781,53.5986,54.4962,68.0147,77.2629,27.2581,24.1161,16.8564,125.3116,46.6193,24.3434,72.3945,98.6596,33.7109,53.8007,41.6253,84.4788,16.2248,46.6241,109.0806,34.9979,58.2147,66.5511,73.6226,84.9839,59.4623,47.4517,46.3812
2023-12-06,57.2971,66.9096,53.9637,56.3399,69.2783,78.3518,27.468,24.4034,17.0342,126.5706,47.1439,24.5949,73.6706,99.2793,34.0749,54.27,42.47,84.905,16.2248,47.2978,109.8948,35.8251,58.7634,68.5402,74.5973,86.3349,59.8544,48.2387,45.6797
2023-12-07,56.9088,66.3448,53.7589,56.0123,69.1329,78.4348,27.4489,24.4034,17.1627,126.4275,47.3017,24.6135,73.3353,99.1776,33.9384,54.3732,42.452,85.6368,16.4328,47.0702,109.7032,35.7615,58.5757,68.5308,74.4488,86.8128,59.9881,47.9794,45.622
2023-12-08,56.317,66.2059,53.1177,55.8719,68.4511,77.5767,27.4585,24.3754,17.3998,125.283,47.3574,24.4924,72.6739,100.4633,33.7382,54.5703,42.6767,84.8123,16.478,46.9427,108.6783,35.6433,58.7165,67.9116,73.9289,86.7484,60.1129,47.572,45.9488
2023-12-11,56.9088,66.0762,54.1329,55.8813,68.7692,77.7059,27.7257,24.6279,17.4196,124.6725,47.4038,24.5297,72.823,101.8323,33.902,54.5046,42.8205,85.1088,16.3243,47.143,108.5442,35.9251,59.1012,69.3752,74.718,87.6399,60.6298,47.6924,46.016
2023-12-12,56.5482,65.2521,53.6164,55.7035,67.4511,76.617,27.6875,24.4783,17.5184,124.9777,47.1624,24.3807,73.208,101.6751,33.6473,54.4013,42.8205,84.9791,16.469,46.7516,108.9082,35.8524,58.6414,69.2908,74.2631,87.6123,60.2644,47.5813,46.8041
2023-12-13,58.5546,67.6689,56.181,58.5018,70.1237,80.2804,28.8233,25.5071,17.9334,128.8407,48.9312,25.1722,76.3632,104.82,35.0394,56.2219,44.456,87.0913,17.4819,48.5542,111.9254,37.2705,60.5464,71.7678,77.5771,90.1397,63.0895,49.4238,46.8522
2023-12-14,57.8519,66.2059,56.5728,58.7544,67.9147,78.0842,28.3461,25.292,17.6864,128.2779,47.9424,24.8463,70.4472,103.9968,34.457,55.3304,44.1774,85.1458,17.7532,48.5907,110.527,34.4525,59.1012,71.7584,77.3543,90.3511,62.6707,48.322,46.3332
2023-12-15,56.9365,65.6132,55.6457,57.5565,67.0148,76.091,27.5444,25.1611,17.548,125.6645,46.8328,24.66,67.3577,102.5873,33.6473,54.4107,43.5663,83.2374,17.5,47.1248,109.981,32.2617,57.7499,70.5762,76.3332,88.8071,62.43,46.8683,46.8618
2023-12-18,57.6485,66.1318,55.7897,57.0886,65.9603,76.0172,27.4967,25.0862,17.1133,124.8251,47.1346,24.5762,66.8037,102.5126,33.5017,54.5233,43.2967,83.3764,17.2015,46.8517,109.4637,31.3163,57.9001,70.1821,75.8691,89.3034,62.1716,47.0906,47.3711
2023-12-19,57.4358,65.9836,55.4477,57.622,66.0694,76.8292,27.6494,25.1424,17.4097,126.4943,47.1439,24.7159,67.9399,103.418,33.5927,54.467,43.144,83.6636,17.509,47.2068,110.2971,32.189,58.3411,70.3698,76.2404,88.9725,62.3944,47.4424,48.092
2023-12-20,56.6869,64.5299,54.4845,56.003,64.2967,75.4728,27.0099,24.7027,17.1528,124.7584,46.2525,24.2875,67.6488,102.0645,32.9284,53.5849,42.3981,82.7742,16.6137,46.4784,108.3909,31.6435,56.9992,68.6246,74.5602,87.934,61.2893,46.5258,47.4576
2023-12-21,56.8903,64.2336,54.8266,55.7784,64.3695,75.9895,27.0099,24.684,17.2516,125.426,46.2989,24.2503,67.7052,102.4379,33.0558,53.4066,42.0117,82.6445,17.0478,46.4966,108.9561,31.8799,56.6332,68.6246,74.3002,88.5589,61.3784,46.8221,48.14
2023-12-22,57.3803,64.2984,54.9796,55.9187,64.6604,76.534,27.0863,25.0862,17.4097,125.4833,46.5264,24.4459,67.677,102.3259,32.9648,53.7069,42.0566,83.0799,17.2739,46.7789,110.0672,32.0526,56.9147,69.1501,74.6159,89.0185,61.922,47.1646,48.0535
2023-12-26,57.556,64.3076,55.3036,56.3492,64.8604,77.1799,27.2008,25.2359,17.6567,126.1605,46.5868,24.6135,67.3953,102.8393,33.0649,53.9603,42.2813,83.6265,17.509,47.1522,110.9293,32.2981,56.9804,69.8631,74.9408,88.899,63.8471,47.1554,48.832
2023-12-27,57.3789,64.2706,55.2316,56.6955,64.3604,77.0046,27.0863,25.292,17.716,126.1223,46.5682,24.4738,67.3296,102.3912,33.0467,53.9227,41.796,83.1911,17.4367,47.2068,111.0346,32.189,56.9241,69.5629,75.015,88.5038,64.0877,47.072,49.226
2023-12-28,57.7052,64.9651,55.7717,57.1073,65.3058,77.5582,27.2581,25.3949,17.8643,126.8377,46.8467,24.7252,67.893,103.0633,33.2924,54.4295,42.2903,83.9785,17.5,47.5619,111.1879,32.5889,57.215,70.0602,75.4977,89.0736,64.5112,47.5165,49.8411
2023-12-29,57.7238,64.928,55.5557,56.8453,65.3058,77.669,27.2676,25.3481,17.8247,125.8934,46.9767,24.7252,67.9305,102.9233,33.3561,54.4952,42.2363,84.275,17.4095,47.5254,111.0155,32.6344,57.384,70.1165,75.3956,89.1839,64.4121,47.498,49.6873
2024-01-02,59.1784,65.604,57.3739,57.622,66.5512,79.6529,27.6875,25.7316,17.8445,127.3432,47.6499,25.1536,69.4894,104.3235,34.0294,55.565,43.5933,85.609,17.4909,48.6453,112.0021,33.1525,57.7499,71.1392,77.2151,89.8916,65.1779,48.035,49.2548
2024-01-03,59.2809,66.8911,57.869,58.0151,67.2875,79.9205,27.8021,25.8719,17.7654,127.3432,47.8495,25.0419,69.1795,103.5954,34.357,55.6401,43.5214,86.1556,17.1201,49.0459,113.0461,32.8889,58.0033,71.3174,77.4007,90.783,64.4932,47.9239,49.6585
2024-01-04,59.4208,66.4003,56.6088,57.8373,67.5602,79.2838,27.7544,25.8345,17.5084,125.674,47.8356,25.0139,69.4048,103.1753,34.3843,55.7245,43.3147,86.3872,17.0659,48.8092,112.6438,32.7435,57.9845,71.2705,77.41,90.5165,65.1329,48.0905,49.2933
2024-01-05,59.4208,66.3077,55.8707,58.0993,67.5693,79.5791,27.9071,25.9561,17.6863,125.798,48.2534,25.1816,69.5363,103.2873,34.6936,55.687,44.0696,86.6373,17.0025,48.8911,113.0078,33.0071,57.9282,71.7115,78.0412,90.5625,65.3851,48.1738,49.7162
2024-01-08,59.2809,66.817,56.5908,58.8855,67.7148,78.9608,28.0693,26.1806,17.8445,126.8949,48.5969,25.4144,70.1091,104.0995,34.9211,55.9028,44.0426,86.906,17.2467,49.0914,113.8411,33.3525,58.3505,72.2088,78.4497,91.3436,65.9257,48.4516,50.2063
2024-01-09,58.9919,66.5485,52.2072,58.0338,67.1875,78.7394,27.8975,26.0216,17.8544,126.6088,48.453,25.2747,69.5081,103.5674,35.0485,55.7152,43.3866,86.8041,17.0568,49.3554,113.3718,33.1253,58.0127,71.6365,78.0969,91.0679,65.7906,48.3498,49.7066
2024-01-10,58.4791,66.5114,52.5313,58.2865,66.8421,78.9793,27.9166,25.8252,17.9533,127.4481,48.5319,25.4609,69.2828,103.4554,35.2486,55.8372,43.0721,87.3785,17.0749,49.2371,113.0653,33.3071,58.191,71.43,76.621,91.2425,65.1689,48.0627,48.9569
2024-01-11,56.8754,65.354,51.4151,56.8265,64.5695,75.7773,27.0576,25.2733,17.37,125.4546,47.571,24.6787,67.7991,100.8323,34.5935,54.1292,42.3352,84.5344,16.3062,48.5725,110.527,32.9162,56.5957,70.2197,74.6344,89.285,64.1237,46.3776,48.5437
2024-01-12,57.1644,66.1318,51.1991,57.126,64.7695,76.3955,27.2676,25.3294,17.3107,126.1032,47.8774,24.9022,67.508,101.6071,34.912,54.5233,42.5329,84.8772,16.677,49.0277,110.9101,32.7889,56.6051,70.7545,75.6463,90.4889,64.2949,46.6461,48.7455
2024-01-16,56.7915,65.1132,50.623,56.4803,63.5059,76.1925,27.2294,25.0769,16.9152,124.3864,47.7984,24.4738,66.8694,100.4403,34.4388,54.4952,42.0207,84.8216,16.1796,48.1263,109.2722,32.4526,55.7136,69.8631,75.1728,90.0937,63.2228,46.5535,48.9569
2024-01-17,56.0269,64.4743,49.2908,54.5336,63.5241,75.0299,26.7713,24.6279,16.7669,122.4883,46.7539,24.1572,66.0337,98.6761,33.9657,53.66,41.4905,83.8859,15.7364,47.1522,107.9886,32.3526,55.1881,69.0281,74.0125,88.9909,62.4389,45.8684,49.2356
2024-01-18,55.6166,63.678,48.6067,53.9534,62.9877,74.1901,26.5041,24.2538,16.6878,120.0179,45.895,23.8871,65.367,97.8733,33.7655,52.8717,40.8704,82.8205,15.7183,46.3327,107.6917,32.089,54.7376,68.6903,72.5922,88.0994,61.8082,45.4147,48.9761
2024-01-19,55.4581,63.8447,48.0756,53.5884,63.2968,73.8487,26.5041,24.3286,16.7076,119.5124,45.9972,23.8405,65.0571,97.5652,33.6745,52.9655,40.7266,83.2467,15.2752,45.923,108.3143,31.8526,54.9441,68.3807,72.128,87.8237,61.5289,45.248,50.4754
2024-01-22,54.9453,63.7243,47.5086,53.2047,63.0877,73.3412,26.2177,24.1415,16.4703,121.0003,45.6536,23.8312,64.6533,96.9865,33.3834,53.1063,40.5019,82.6353,15.1757,45.395,108.3718,31.689,54.4561,67.2735,71.7196,87.3642,60.9522,44.8684,50.6388
2024-01-23,55.1878,63.7336,47.5986,53.7007,63.2968,73.5903,26.2464,24.0573,16.3319,120.4281,45.649,23.915,64.8129,97.5186,33.4107,53.3128,40.2593,82.5611,15.2028,45.5589,107.9503,31.589,54.5687,67.2923,72.5086,87.8697,60.3756,45.1555,50.5427
2024-01-24,54.2833,63.1502,47.8506,53.3544,61.9969,72.9536,25.9028,23.7954,16.3418,116.3076,45.1244,23.4494,64.1931,95.549,32.7192,52.1866,39.6752,81.82,14.9224,44.9307,106.2166,30.98,53.4708,65.7817,71.469,86.8863,58.7268,44.5722,50.0045
2024-01-25,54.908,64.1132,49.3808,54.2622,63.6241,73.8303,26.2655,24.1602,16.5692,118.2534,45.9972,23.8033,65.4327,96.8931,33.2105,52.9843,40.6098,83.0707,15.4922,45.5953,109.1189,31.7254,53.9306,66.3634,72.4901,87.9799,60.4026,45.1369,51.5999
2024-01-26,55.3742,63.9928,49.6149,54.7302,64.8785,73.7011,26.3132,24.2164,16.7966,117.4713,46.104,24.0454,65.273,96.6971,33.1013,52.9186,40.9423,83.3949,15.5103,45.3039,108.9082,31.8254,54.1183,66.5323,72.258,88.1086,60.8171,45.2295,52.1381
2024-01-29,55.626,64.0669,49.6509,55.7503,63.8695,74.2363,26.6377,24.3192,16.8361,119.9416,46.3036,24.2969,65.536,96.9305,33.4653,53.6131,40.8255,83.923,15.6279,46.0687,109.4446,32.0799,54.4467,67.0765,72.7593,88.0167,60.9973,45.5443,52.3303
2024-01-30,55.7192,64.1225,49.3358,55.4789,64.0149,74.5223,26.695,24.338,16.7768,118.654,46.5403,24.3248,65.7614,97.6026,33.4471,53.7538,41.104,84.0063,15.3475,46.1507,109.684,31.8617,54.6626,67.4893,72.815,87.7961,60.6459,45.7033,51.9266
2024-01-31,55.8218,64.3725,48.8047,54.8706,63.4258,74.5223,26.6663,24.5063,16.678,118.2915,46.3129,24.1851,65.3294,98.4054,33.3743,53.6412,41.0861,84.2101,15.2379,46.2235,109.1381,31.6435,54.4186,67.1422,72.5365,88.0718,60.7991,45.4976,51.3649
2024-02-01,57.0059,65.2799,50.371,55.9187,64.5581,75.4636,27.0863,24.8524,16.9251,119.4552,47.3481,24.539,66.3905,100.3189,33.9566,55.2178,41.9488,85.9518,15.6764,47.1157,110.9101,31.8344,55.3945,67.8834,73.9753,89.8732,61.5289,46.6009,52.5367
2024-02-02,55.7752,63.5669,49.6869,54.4213,63.2417,73.6918,26.6759,24.366,16.4605,117.662,46.6982,24.0873,65.1791,98.088,33.4744,54.2137,41.0142,84.3954,15.5485,46.1598,108.9752,31.2254,54.6156,66.9358,72.9914,88.4303,60.2495,45.6285,53.0016
2024-02-05,54.5631,62.2057,48.3277,52.3811,62.4224,72.0032,26.275,23.9638,16.1836,115.907,46.2386,23.758,63.8269,97.0052,32.9557,53.0969,40.1605,83.0707,15.0826,45.222,107.0691,30.5618,54.6156,65.7254,71.2926,87.5388,59.0692,44.5158,51.9847
2024-02-06,54.4885,62.4094,48.3727,52.6244,62.6709,72.2892,26.3514,24.0293,16.0551,116.8608,46.169,23.5981,64.2119,97.2759,32.9557,52.9937,40.5199,83.1633,15.0734,45.2129,107.0978,30.8254,55.3476,65.4533,71.6918,87.3642,58.6817,44.6561,51.8298
2024-02-07,54.4232,61.9928,48.4177,52.7648,61.8977,72.1231,26.3132,24.0199,16.2232,116.9951,45.8486,23.6075,64.503,98.2187,32.9742,52.9374,39.9807,82.8854,14.909,44.958,107.2128,30.9981,55.3757,65.7254,71.7846,87.7686,58.961,44.6748,51.3165
2024-02-08,54.0782,61.9835,48.6697,52.6806,61.1152,71.4218,26.1796,24.0012,16.0551,116.88,45.7406,23.5793,63.78,97.2945,32.9373,52.806,39.7022,82.1443,14.7994,44.266,108.1706,30.68,54.6156,65.5284,71.3057,85.1493,58.3123,44.3943,50.6967
2024-02-09,54.2367,61.9557,49.4888,52.952,61.6768,71.5603,26.275,24.1976,16.065,117.235,45.9989,23.758,64.5124,97.4626,34.3362,53.1186,40.1695,82.5056,15.0369,44.6848,108.343,30.7618,54.8221,65.3689,71.9818,84.267,58.2943,44.815,50.7161
2024-02-12,54.9826,63.2521,49.9299,53.8598,62.6801,72.3169,26.485,24.5999,16.2627,118.6165,46.5155,24.1156,64.9538,99.3015,34.7595,53.9426,40.6367,82.8669,15.4206,45.313,109.1955,31.2527,55.676,66.3259,72.855,85.1493,58.907,45.3106,50.1254
2024-02-13,54.3393,62.5113,49.0568,51.7073,61.8332,71.3189,26.1891,24.366,16.1046,114.9133,46.1398,23.7863,64.1086,97.4346,34.0049,53.1754,39.8639,81.0435,14.6167,44.785,107.0404,31.0799,54.9441,65.0686,73.9724,84.1935,58.033,44.4784,50.2803
2024-02-14,54.7122,62.7891,51.3611,52.4186,61.5387,71.4961,26.2949,24.366,16.1639,115.5849,46.06,23.8803,64.4279,98.3213,33.9865,53.4406,40.3132,81.2024,14.7446,44.785,108.2185,31.0163,55.1505,65.1718,73.9912,83.9453,58.5916,44.5345,50.4159
2024-02-15,55.0199,61.8816,52.7653,53.5978,62.5052,72.7553,26.7948,24.7495,16.3418,119.2113,46.9616,24.4355,65.3012,100.599,34.327,54.1984,40.8794,82.4928,15.3292,45.4678,109.4542,31.689,55.9294,66.1476,76.3949,85.8509,59.8801,45.2545,50.3772
2024-02-16,55.0759,62.2092,52.9903,53.3731,62.5237,72.8206,26.8044,24.9179,16.243,117.8298,47.0321,24.3696,65.273,100.627,34.4098,54.2457,41.2119,81.6513,15.3201,45.5498,109.1476,31.7345,56.1077,66.1382,76.3856,85.4047,59.7449,45.2077,50.2609
2024-02-20,55.1878,62.7332,51.7752,52.9801,63.6099,72.7553,26.7179,24.7308,16.4407,116.2372,46.9663,24.4825,65.6111,100.4776,34.1889,54.0184,40.7536,81.8944,15.0004,45.6863,108.8986,31.5708,56.408,66.2977,75.9442,85.4605,59.9521,45.1142,50.0673
2024-02-21,55.7658,63.3789,52.5853,53.4387,64.5949,73.9586,27.189,25.1517,16.589,116.7841,47.5533,24.6989,67.0478,101.8965,34.8055,54.6814,41.5983,82.8575,15.1191,46.0778,109.8565,32.9162,57.3746,67.5175,77.5217,86.4365,61.2225,45.8996,50.2319
2024-02-22,55.3183,62.9578,52.3062,53.0362,64.6317,72.9885,26.7948,25.1143,16.4605,114.8174,47.6754,24.5013,66.4938,99.8989,34.327,54.1226,40.9782,82.203,14.6167,45.7592,109.3775,32.7526,56.652,66.917,76.9959,85.6371,60.745,45.4695,50.2416
2024-02-23,55.3183,63.3414,52.9903,53.1392,64.8987,73.5575,26.8333,25.0675,16.8361,114.1266,48.1357,24.5766,67.2357,101.2337,34.419,54.653,43.0092,82.2217,14.6167,46.0414,108.7794,32.8435,57.0086,67.5269,77.4184,86.1948,61.5019,45.535,49.922
2024-02-26,54.1248,61.9939,51.8832,52.0908,63.7664,71.4028,26.2468,24.5157,16.1836,112.6588,46.9381,24.1908,66.5126,99.1241,33.5723,53.6111,41.8409,80.6133,14.2056,45.0399,107.6797,32.389,55.9669,66.5323,75.841,84.2614,59.9612,44.3475,51.1035
2024-02-27,54.3393,62.1904,53.3504,52.478,63.5271,72.2516,26.5833,24.7214,16.4011,113.2344,47.3232,24.4825,66.9727,100.1883,33.9313,54.3026,42.9463,81.2398,13.7945,45.7045,108.5575,32.9162,57.7875,66.673,78.9396,84.4473,61.0063,44.7122,52.3334
2024-02-28,53.7705,62.518,52.7563,51.9869,61.5847,72.0091,26.4199,24.5437,16.4011,113.1193,47.2293,24.3226,67.1324,100.907,33.9036,54.0089,43.4495,81.0248,13.7579,45.3313,108.49,32.5435,58.7728,66.3071,78.2353,84.345,61.1324,44.4691,52.9725
2024-02-29,49.1273,62.9297,52.8373,52.1285,62.9011,73.2124,26.4391,24.6653,16.5,113.7237,47.6989,24.5202,66.8506,101.1404,33.692,54.3404,43.5862,81.5484,13.8858,45.1036,108.9241,32.5799,58.557,66.2414,79.9912,85.3582,61.2856,44.6467,53.5729
2024-03-01,46.2182,62.5647,52.5763,52.1474,62.6433,73.1191,26.3814,24.4502,16.411,114.8174,47.1823,24.586,66.9727,100.9164,33.5907,55.0698,40.8159,81.3614,14.1325,44.7213,108.7505,32.6074,58.4068,65.5565,79.8034,84.4566,59.9612,44.628,54.919
2024-03-04,47.6075,63.8187,53.6881,51.9207,63.4166,74.3597,26.8621,25.0114,16.6483,116.7553,47.9102,25.0377,68.2404,102.4939,34.2994,55.856,42.5565,83.3438,14.6806,45.5133,110.6316,33.2598,59.4578,66.3728,79.7659,85.9066,60.7811,45.3854,55.8681
2024-03-05,45.3604,63.6128,52.9864,52.3269,63.1588,74.369,26.814,25.0301,16.243,114.4144,47.9196,25.0188,67.724,102.6713,34.0601,56.1685,42.0097,83.2128,14.7537,45.8411,110.4194,33.3241,60.2555,65.8755,78.9208,86.1576,60.4657,45.3573,58.1148
2024-03-06,45.1646,64.1742,53.3145,52.4497,64.2175,75.7588,27.2082,25.1143,16.3023,115.4218,48.2296,25.2823,68.663,104.3235,34.4742,57.1157,42.921,84.017,14.8177,46.1416,111.1333,33.6916,60.8936,66.279,78.7987,87.4404,61.4928,45.7968,59.519
2024-03-07,46.6564,64.8012,54.1529,53.1297,65.6995,76.0666,27.2178,25.3882,16.4011,113.7908,48.2953,25.3764,68.6254,105.1636,34.8239,56.9073,43.732,84.1012,14.7628,46.7607,111.5095,33.8386,61.8124,66.2414,78.9677,87.8215,62.1325,45.8716,58.7056
2024-03-08,47.5702,64.5766,54.7544,54.6032,66.0033,76.1879,27.2371,25.6716,16.3715,113.6277,48.5348,25.414,68.5597,105.313,35.054,57.0778,43.7411,84.2695,14.8451,47.5351,111.7314,33.958,60.8652,66.6824,78.7236,88.249,62.4119,46.1334,58.8121
2024-03-11,49.3324,65.2972,55.2739,54.6599,66.5557,76.5796,27.4197,25.7377,16.2627,115.4409,48.5395,25.4799,69.1607,105.4343,35.4589,57.2767,43.4131,84.9053,14.973,47.5996,112.8697,34.1693,61.5187,68.0711,78.6203,89.0856,62.52,46.3671,58.5409
2024-03-12,48.3907,64.8948,54.5083,53.9798,65.184,75.5629,27.0448,25.426,16.1342,114.3377,48.2624,25.2353,68.5352,103.502,34.87,56.2822,42.8116,84.0918,14.5619,47.2677,112.4067,34.004,60.6284,66.5792,78.3011,88.3141,62.583,45.6004,60.3325
2024-03-13,48.0177,65.4469,53.8977,56.2372,65.7916,75.3391,26.9198,25.4638,16.2133,115.6424,48.3658,25.0753,68.6111,103.6701,35.054,55.6949,43.8049,83.7552,14.3883,47.4245,112.1269,33.9856,60.5526,66.4479,77.9349,88.7696,62.7542,45.75,60.4681
2024-03-14,48.8942,64.9229,53.8248,56.2372,65.184,74.9753,26.814,25.1049,15.9859,113.6661,48.131,24.8024,67.6444,102.1112,34.9896,55.2119,43.3857,82.9136,13.7305,46.9635,110.8439,33.5997,60.6095,65.8849,76.8644,88.3513,61.673,44.9459,61.3881
2024-03-15,48.9979,64.6515,53.6972,56.7473,65.3405,75.3484,26.7948,25.1615,16.065,112.3806,47.8821,24.9342,67.834,102.2148,34.9252,54.7667,43.5953,83.1661,13.7123,47.572,110.5062,33.517,60.4106,65.6879,77.0992,88.0353,61.9884,45.2451,61.911
2024-03-18,49.045,64.9603,53.7337,56.8323,66.3531,75.5723,26.8621,25.4071,15.8772,112.4669,48.1873,25.0753,68.2036,103.1571,35.1645,55.2213,44.2059,83.2128,13.5935,47.7195,111.3359,33.6273,60.6474,66.2414,77.1461,88.249,62.1325,45.4508,62.9472
2024-03-19,49.4125,65.6995,53.5879,57.8713,66.7398,75.5536,27.0928,25.5204,16.065,113.2056,48.4832,25.2541,68.3362,104.0711,35.2473,55.3255,44.2059,83.8861,14.1964,48.1251,111.6928,33.8202,60.6852,66.7012,78.2353,88.4349,62.6191,45.7687,64.5548
2024-03-20,49.5539,65.7182,53.9615,58.7497,66.9975,75.1432,27.0159,25.5488,16.0156,113.292,48.3799,25.2729,68.2794,103.6847,35.2105,55.4392,43.8869,83.2596,14.1964,47.7287,112.3874,33.5905,60.5147,66.0386,77.794,88.6859,62.6191,45.6285,65.0196
2024-03-21,49.29,65.4094,52.7585,57.9563,67.0896,74.6582,26.9102,25.5015,16.243,113.4071,48.5442,25.4987,68.0425,102.8461,35.2197,55.7802,44.1968,82.8949,14.3974,47.7471,112.7057,34.0223,60.4674,66.1806,78.0288,88.2676,63.2228,45.722,64.9228
2024-03-22,49.2618,65.3159,52.7585,58.353,67.2092,74.6302,26.7564,25.5771,16.2232,112.9658,48.4503,25.4987,67.9287,102.5917,35.1645,55.856,44.0327,82.8482,14.8359,47.5996,112.4549,33.7191,61.5945,66.0386,77.8879,87.9423,62.6731,45.5069,65.0487
2024-03-25,49.4597,65.2784,52.4213,59.1369,66.8226,74.5276,26.5352,25.5582,16.2232,112.3806,48.4127,25.5458,67.7013,102.1583,35.3025,55.515,43.9689,82.7547,15.0278,47.406,112.0015,33.857,61.8692,65.9061,77.8128,88.1561,62.3758,45.4695,65.9784
2024-03-26,48.8188,64.8199,51.3004,58.0224,66.2703,73.3616,26.1795,25.1237,16.0947,113.0521,48.0652,25.3764,67.2559,100.9428,34.7779,55.174,42.5382,81.7728,15.2013,47.2769,111.1815,33.5905,62.0492,65.537,77.4466,87.0685,61.4748,45.1236,63.7994
2024-03-27,50.3079,66.4856,53.7519,60.2515,68.1482,75.7215,27.1986,25.8982,16.5596,116.5634,49.2533,25.8374,69.3218,104.872,35.3945,56.7558,44.215,84.204,15.7586,48.9088,114.0853,34.2796,63.1289,67.4395,79.625,89.318,63.2521,46.5354,64.5161
2024-03-28,50.6566,67.1312,54.4719,60.3648,68.7926,76.5983,27.3909,26.0021,16.5794,117.2446,49.629,26.0256,70.0894,105.6635,35.5418,57.1536,44.8255,84.9147,16.3798,49.213,114.6737,34.5185,63.2521,67.9885,80.8457,89.8943,64.4643,47.1245,65.5523
2024-04-01,50.2136,66.5324,53.6608,59.8642,68.1666,76.076,27.3236,25.9738,16.3815,115.4122,49.1876,25.8563,69.4071,104.3349,35.3117,56.8126,44.7982,84.4659,16.5077,48.623,113.6897,34.2061,63.1195,67.5436,79.3997,89.2994,64.1999,46.4513,67.9346
2024-04-02,50.9676,66.7569,54.0162,59.392,68.1574,76.3838,27.3428,25.9549,16.5101,114.7022,49.4365,25.8751,69.9378,104.6741,35.4037,57.0115,44.3972,84.7183,16.2793,48.8719,113.6126,34.5277,62.9111,67.9601,80.01,89.7363,63.9174,46.7224,66.4335
2024-04-03,50.977,66.4201,53.2507,59.0803,67.2737,75.7588,27.064,25.766,16.5299,114.0978,49.0279,25.7245,69.3218,103.892,35.1,56.1875,44.3152,84.0544,16.3524,48.6045,112.8408,34.1877,63.1195,67.1744,79.1837,89.2065,63.7078,46.2362,69.7358
2024-04-04,50.6754,65.5498,53.6972,60.1948,67.2185,75.5816,27.0159,25.766,16.3914,115.4889,48.9904,25.5646,69.0754,103.2325,35.2197,56.1401,44.3334,84.3349,16.5717,48.5677,112.0305,34.1969,62.6175,67.0514,78.8363,89.3459,63.6622,45.937,68.4672
2024-04-05,50.4492,65.4188,53.3236,60.6198,66.9791,74.882,26.9679,25.7093,16.6288,113.7045,48.9481,25.5834,68.9048,102.799,34.9804,55.5529,44.2605,83.83,16.5168,48.1251,112.1269,34.3072,63.0058,66.7485,78.8269,89.1507,64.5463,45.6752,70.4718
2024-04-08,50.9676,65.5592,54.1985,61.2621,68.1942,75.8614,27.1313,25.8605,16.6288,115.1435,49.6666,25.828,69.5019,103.1759,35.3117,55.9696,44.4519,84.7183,16.7178,48.6598,112.2234,34.7114,63.2615,66.9851,79.1274,89.5225,64.4187,46.2362,71.479
2024-04-09,51.2409,66.0551,54.645,61.7533,68.6913,76.4024,27.189,26.0021,16.8069,116.8992,49.9296,26.0068,70.1178,103.5246,35.4037,56.1117,45.1536,85.2139,16.7087,48.835,112.5224,34.7941,63.6499,67.8465,79.8879,90.4613,64.6101,46.7411,70.4718
2024-04-10,50.6566,65.2878,53.8339,60.4593,66.4636,74.3597,26.3141,25.426,16.5398,113.503,49.1031,25.6869,68.4973,100.4811,34.8239,55.0698,44.4701,83.1193,16.1514,47.6457,111.0175,33.9121,63.0532,66.4267,78.2072,88.6859,62.8146,45.5163,70.8689
2024-04-11,50.4115,65.11,53.9068,60.3932,66.4728,74.0519,26.516,25.256,16.2925,113.0329,48.7602,25.6398,68.2794,100.0006,34.6215,54.8235,44.6706,82.8014,16.2793,47.4429,110.3422,33.811,62.9395,65.5464,77.8504,88.5744,62.7417,45.3293,72.2344
2024-04-12,50.11,64.3146,53.5788,59.5809,66.5004,73.6601,26.4006,25.1521,16.4211,111.8337,48.3282,25.4705,68.0045,100.1136,34.4282,54.6151,44.5704,82.8762,15.3932,46.9727,109.966,33.517,62.3901,65.0164,77.0898,88.2119,62.5503,44.8805,71.5952
2024-04-15,50.11,63.9965,53.0775,59.2692,66.3808,73.5855,26.3429,24.9632,16.1145,111.2677,48.037,25.2353,67.834,99.4258,34.419,54.5678,43.6682,83.5214,14.7628,46.4564,109.0688,33.3241,61.7555,64.4674,75.9724,87.4961,61.8667,44.8805,70.6462
2024-04-16,49.5068,63.4163,52.1297,58.2774,65.5523,72.5688,26.1699,24.5665,15.8573,109.1954,47.2481,24.9906,66.6589,97.2398,33.8944,53.8858,42.7023,81.7448,14.5345,45.6912,108.3646,32.8463,60.8841,62.8583,74.6578,86.3249,60.8915,44.3195,72.1666
2024-04-17,50.1288,65.3159,53.3236,60.2515,66.2519,74.2757,26.6314,24.9537,16.2628,110.7113,48.4597,25.5458,68.1656,99.1902,34.465,55.174,44.0327,84.4659,14.7446,46.5855,110.5159,33.4619,61.5945,64.3065,76.2823,87.8401,62.0126,45.2732,71.1013
2024-04-18,50.666,66.0364,53.761,60.4593,67.1724,75.0313,26.8717,25.1426,16.3618,112.582,48.7227,25.781,68.7153,100.3303,34.6307,55.3918,44.2605,84.9988,14.8633,46.9819,110.5255,33.7008,61.6608,64.7798,77.5217,89.1693,62.0946,45.6659,68.2929
2024-04-19,51.5708,67.5149,54.399,60.7332,68.4888,76.076,27.4293,25.5204,16.6684,113.7045,50.1409,25.9503,70.0136,102.2996,35.1276,56.4053,45.4179,85.8124,14.9821,47.7195,113.0627,34.5001,62.267,66.332,79.0616,91.3165,63.7351,46.5822,67.7603
2024-04-22,51.7969,68.2916,54.9549,61.6872,68.765,76.4584,27.6697,25.851,16.7673,114.4144,50.4603,26.2608,70.4874,103.7601,35.1645,56.8316,46.1378,86.71,15.2562,48.1804,113.9116,34.6104,63.1858,67.3259,79.7189,91.2049,64.4005,46.6476,68.167
2024-04-23,52.0891,68.5442,55.0005,62.5278,68.5809,76.4491,27.6216,25.7282,16.7772,114.9996,50.3335,26.2797,70.1463,103.7601,35.0816,56.7842,46.1742,86.8129,15.649,48.1712,113.5161,34.5093,62.9774,67.695,80.3386,91.2793,64.5736,46.7224,69.2323
2024-04-24,52.1456,69.1618,55.447,62.8678,68.6177,77.074,27.9485,25.851,16.8168,116.4291,49.9953,26.5149,70.8002,105.1075,35.2473,57.0968,46.6845,87.3646,15.8682,48.3833,114.4711,34.7022,63.6783,68.1872,81.0992,91.9857,64.5463,47.0964,70.3169
2024-04-25,51.8441,69.5923,55.1554,63.189,68.3047,77.2419,28.2081,25.7849,16.886,116.6114,50.4978,26.4396,70.8475,104.7212,35.4958,57.2862,46.4476,88.0005,15.649,48.328,113.9984,34.6012,64.4929,68.1304,81.5593,92.0508,64.8288,46.9655,70.559
2024-04-26,50.8545,68.5068,54.1894,62.3294,67.8352,76.0107,27.737,25.5204,16.8465,115.8727,50.0141,26.2891,69.8051,103.1948,35.0908,56.2064,45.9737,86.8971,15.7221,47.6549,112.8022,34.2888,64.2371,67.5057,80.0569,90.8238,63.9265,46.3671,70.5106
2024-04-29,51.3446,69.611,55.1007,63.6801,68.9583,77.2326,28.0927,26.0021,17.074,117.3117,50.3288,26.5076,70.459,104.4291,35.689,57.021,46.6025,87.8695,16.3159,48.6322,114.4518,34.6563,65.0138,68.4144,81.3809,91.7719,65.0111,46.9903,71.6146
2024-04-30,50.6377,68.7782,55.2465,63.2551,68.6043,77.0833,28.0158,25.936,16.9256,117.3501,50.094,26.4696,70.0041,103.9486,35.2841,57.4094,46.4567,88.2716,16.5096,48.3556,113.738,34.5277,65.4306,67.7992,80.78,91.3351,64.765,47.0186,70.7674
2024-05-01,50.6849,69.7326,56.1579,64.8041,69.8059,77.0367,28.1889,26.446,17.2224,120.0363,50.7774,26.6976,70.5917,104.9002,35.6154,57.6272,46.6116,88.6457,16.7586,48.8074,114.4711,34.7665,66.122,68.102,82.7706,92.7479,64.9655,47.5473,71.7314
2024-05-02,50.6943,70.4906,55.365,65.0308,69.8991,77.4938,28.2658,26.3705,17.3411,120.8326,50.8629,27.0777,71.3119,105.4467,35.9743,58.0345,46.6207,89.0664,17.4595,49.3697,114.8474,34.8125,66.3209,68.9728,82.8645,92.3111,65.5944,48.01,73.1629
2024-05-03,51.1278,70.9772,54.6906,66.2492,70.5977,77.6243,28.3139,26.531,17.3807,123.5188,51.2995,27.1157,70.2126,106.2382,36.1124,58.3092,46.8394,89.3563,17.2197,49.8768,115.1078,34.3715,66.7282,69.0202,83.1931,93.1941,65.9316,48.01,74.6432
2024-05-06,51.2315,70.6216,54.4172,67.2977,70.8026,77.2699,28.1889,26.531,17.4796,124.9579,51.7457,27.3247,70.0326,105.9932,36.247,58.3565,46.8486,89.8893,17.4134,49.7477,115.2332,34.5001,67.5712,68.8214,83.3903,93.3428,66.5514,47.6795,75.8507
2024-05-07,51.8535,72.0065,55.7478,67.9588,71.1752,78.1933,28.4581,26.7766,17.5389,126.4641,52.4862,27.6002,70.4685,106.7942,36.6193,58.9343,47.4956,91.1704,17.3765,50.1995,116.0918,34.8309,68.1774,70.0329,84.3856,95.0532,67.3443,48.2743,71.4782
2024-05-08,51.7687,72.6429,55.6293,68.8089,71.3802,79.2007,28.3235,26.9372,17.6477,127.4714,52.6048,27.2867,70.3453,108.1039,36.7309,59.4269,47.5229,91.2358,17.8654,50.3101,116.333,34.7482,68.7267,71.2066,85.0523,95.1647,67.3079,48.3499,73.8349
2024-05-09,52.0608,73.223,56.2855,70.4429,72.0974,79.8257,28.6407,27.3055,17.7071,128.9201,52.9133,27.4577,70.857,109.6115,37.0753,59.891,48.1517,91.7501,18.4372,51.3703,115.4648,35.2167,69.7118,72.0963,86.2375,95.7596,68.1373,48.8125,79.6194
2024-05-10,52.2682,73.1201,56.4313,69.6968,71.9484,79.6857,28.5542,27.5228,17.6379,129.9946,53.1554,27.2487,70.5064,108.82,37.1683,59.6068,48.3613,91.3574,18.3911,51.0938,113.0434,34.9604,70.1001,73.0523,86.8633,95.4343,68.2557,48.4632,81.4599
2024-05-13,52.6169,73.6441,55.848,70.4429,71.6876,79.9589,28.5158,27.5511,17.6774,129.0822,53.089,27.3627,70.5727,108.6504,36.9357,59.5879,48.3339,91.3013,18.4095,51.3888,112.2234,35.3873,69.6076,72.9955,86.778,95.6388,67.8456,48.4726,80.301
2024-05-14,52.3624,73.6535,55.5017,71.2363,71.7248,79.5256,28.535,27.57,17.8159,128.455,52.8279,27.4292,70.9613,108.151,37.0753,59.5879,48.1517,91.141,18.7416,50.9831,113.1109,35.6379,69.8444,72.5317,86.0858,95.0996,68.2831,48.4915,79.931
2024-05-15,52.5792,74.1962,55.8245,72.7759,72.2278,80.1002,28.806,27.9289,18.1127,129.0532,53.4402,27.6762,71.3877,109.3853,37.4661,60.1609,48.498,91.3956,19.4887,51.2966,113.6511,35.9442,70.5169,73.8569,87.2047,96.0663,69.0122,49.0863,82.2779
2024-05-16,52.6357,74.2804,56.6822,72.1714,72.4886,80.5524,28.9802,27.9667,18.2512,129.555,53.8104,27.6952,70.9802,110.0355,37.4289,60.3138,48.5709,91.3956,19.5624,51.2966,114.3747,35.8421,70.299,73.5161,87.7451,96.5546,69.1398,49.0674,80.7587
2024-05-17,52.3247,75.1114,56.2211,71.8692,73.0662,80.543,29.1157,27.9478,18.3996,129.0629,53.649,27.7712,70.8286,109.8659,37.2614,60.3997,48.7531,91.5748,19.627,51.3992,114.4518,35.805,70.6021,73.9894,87.8684,97.5404,69.5408,49.0674,80.1452
2024-05-20,52.8431,74.7809,56.0551,71.6614,72.6656,79.7799,29.0286,27.9667,18.449,128.8795,53.5399,27.6667,70.5064,109.6303,37.28,59.9317,49.0083,91.0184,19.627,51.3805,114.1046,35.6936,70.3843,73.9137,87.7925,97.3244,69.3585,48.888,79.3467
2024-05-21,53.4745,75.3381,56.4609,72.6815,73.2338,79.6763,29.4352,28.1839,18.7161,129.6418,54.2139,27.7522,70.658,110.4124,37.6243,59.798,49.1541,90.858,19.4056,51.8842,114.3168,35.7493,71.1799,74.2071,87.821,98.0004,69.9692,49.209,80.8561
2024-05-22,52.3247,74.3088,55.1605,72.0864,72.4421,77.5379,29.0964,27.8722,18.5282,129.0532,53.4924,27.4292,69.3692,108.4148,37.1311,59.0626,48.7531,90.66,19.3042,51.1474,113.053,35.1739,70.4032,73.1943,86.7401,97.1179,68.8573,48.3121,78.9474
2024-05-23,50.9393,72.8734,53.0577,71.1419,71.2404,75.993,28.4091,27.1828,18.1819,124.0841,51.9261,26.6786,67.7582,105.5881,36.4238,58.1362,47.8783,88.5286,18.9629,49.8137,109.966,34.3665,69.6644,71.8029,84.654,95.5687,67.6724,47.2169,78.9669
2024-05-24,50.6283,73.4211,53.0577,72.3603,71.5572,76.0213,28.564,27.0883,18.2611,123.7271,51.8027,26.6406,67.6065,106.4361,36.2656,58.671,48.1061,89.0567,19.2857,49.8323,109.4122,34.0509,71.0757,71.784,84.3601,95.9255,67.9641,47.1602,83.7484
2024-05-28,50.6472,73.2228,52.3845,73.2293,71.2404,75.0981,28.5931,26.9844,18.0237,121.8069,51.0385,26.5076,67.5023,106.4738,36.0981,58.4895,48.1972,87.9061,19.4887,49.6738,108.8584,34.1344,70.6021,71.3297,84.0282,94.996,67.5722,47.0847,81.6546
2024-05-29,50.2325,72.9017,52.3568,72.4264,70.5418,74.3068,28.4382,26.6255,17.9049,119.7517,50.6493,26.3841,66.4314,104.561,35.8562,57.7446,47.7872,86.6801,19.4333,49.0302,108.1782,33.5776,69.3329,70.0708,82.9378,94.2825,66.8522,46.6032,81.343
2024-05-30,51.1938,73.7327,53.0946,73.8527,71.7434,74.6648,28.7866,26.975,18.083,121.8455,51.1572,26.5836,67.7676,106.2382,36.2842,58.5755,48.7531,87.1894,20.0789,49.7017,109.3927,34.088,70.0054,70.4399,83.5921,95.1087,68.0552,47.3585,82.424
2024-05-31,52.2587,75.678,54.6256,75.5812,73.4574,76.3321,29.532,27.7022,18.3402,126.1779,53.3927,27.6097,69.5303,109.7999,37.4661,60.1036,49.759,89.1699,19.9129,50.9795,112.6282,34.8491,71.7577,72.9104,85.5738,97.2399,70.0421,48.6142,78.8793
