date,0157B1,03B8CF,055018,061366,0624BE,063384,067779,06EF42,07EC43,095294,SP500,SMB,HML,CMA
2023-03-02,-0.0004339806878594581,-0.0028133893677780306,-0.0035923104095929408,0.012980376124284505,-0.030448169688676037,0.02511254732875596,0.01605099891854972,-0.0011005289566055824,0.0025648218651063547,0.016540812657317543,0.00758219278740374,-5.0,-0.0041,0.0018
2023-03-03,0.030066210789102467,0.012375833174979076,0.014696139018578455,0.059983856321259285,0.006351446718419185,0.0124027599979235,0.0325285231452953,0.021917960541543848,0.0001598912739338258,0.021931376016979167,0.01614773842672113,-0.0008,-0.0052,-0.0065
2023-03-06,-0.012118018967334094,-0.011954348948868489,-0.01165956439393942,0.01042311170339345,-0.027699859747545554,-0.007188585542967893,-0.0035988787412966467,-0.014226407845897652,0.0011190599896087237,-0.014191761855313262,0.0006871595269761269,-0.0161,-0.0009,-0.0013
2023-03-07,-0.002133333333333364,-0.02583512517046142,-0.027557184223895942,0.009373528026377675,0.022719076812116806,-0.008973596790340186,-0.0180684623203136,-0.0031706306119599595,-0.019006081413762387,-0.07057584269662927,-0.015326918040295123,0.0062,-0.0066,-0.0017
2023-03-08,0.003955104222341043,0.0006545917061864695,-0.005402227040535155,0.00018666293340809402,-0.023977433004231302,-0.003704660598312184,-0.031275126847256494,0.028737171208366833,0.0017905892327256545,0.03551190026445037,0.001414795881596675,0.0008,-0.0039,-0.0013
2023-03-09,-0.017781090289608194,-0.015305191476262107,-0.038116856140799286,-0.014370363458218693,-0.023482658959537522,-0.019727411140394547,-0.051289390079853406,0.012260915982575676,-0.010076065578210015,-0.037212696096315195,-0.01845934754672466,-0.0068,-0.0067,0.0063
2023-03-10,-0.016476964769647655,-0.013836241725798866,-0.027244629614441063,-0.016662721893491172,-0.0022197558268591297,-0.024865714243543453,-0.03002785571343816,-0.008847493047545747,-0.008701331787645854,-0.0333459643804471,-0.014478143324737562,-0.0138,0.0081,0.0107
2023-03-13,0.01873691171608071,-0.005381546536316574,-0.04959779370878289,-0.019977855870601153,-0.05005561735261394,-0.01253391083633141,-0.046436161940801475,0.015834248349413136,-0.03974893232418704,-0.04547236377891024,-0.001509766663219816,-0.0117,-0.0352,-0.0061
2023-03-14,0.026506545493887142,-0.006955466762970356,0.02946930103336832,0.01822379408586295,0.045667447306791495,0.14476509394473552,-0.01839610333130382,0.020190165821233858,0.00793398464934729,0.009445585215605621,0.016476647924144588,0.0,-4.0,-0.0044
2023-03-15,0.013912310286677988,0.0,-0.03268472218586092,-0.01963432871822082,-0.007092198581560199,-0.07484233392145898,-0.03749280049621193,-0.01271520352565116,-0.023443514584699614,-0.050854353132628156,-0.006980881741335771,-0.0052,-0.0182,-0.0043
2023-03-16,0.039916839916839954,0.013912597824975673,0.0067785715493958645,0.016435390217498295,0.00037593984962398536,-0.0007236550592394912,0.0343732378968688,0.018696268556907838,0.023305552564778786,0.0060008572653236425,0.01756200696215009,0.0001,-0.0019,-0.0071
2023-03-17,-0.010895641743302712,-0.011419001801052181,-0.04114917963744557,-0.033597986057319895,-0.02442690717775267,-0.04766324111376514,-0.053156220101016866,-0.00652558189852111,-0.010444902559420256,-0.02343417128248816,-0.01101944811982993,-0.0106,-0.0156,-0.0024
2023-03-20,-0.012531581606872249,0.012521869371259695,0.00590744113293909,0.02534816150686305,0.0038520801232664816,0.03181026384350718,0.007014616722282208,-0.00831284108232913,0.015745321186891204,0.010471204188481607,0.008918409884962819,-0.0036,0.0074,0.0071
2023-03-21,0.029679664312762314,-0.0001912818819076742,0.04787271105660688,0.02232753566542893,-0.008825786646201091,0.022727324264323976,0.05922641619508781,0.002172654615078746,0.008177321372810669,0.03756476683937828,0.012982181437196365,0.0047,0.0067,-0.0107
2023-03-22,-0.018984196401948084,-0.026368788048462325,-0.037542155268812945,-0.020262843488649984,-0.020131629887727435,-0.01604947989131095,-0.014254084004361997,-0.011668391732025954,-0.029401257565012093,-0.016645859342488644,-0.016463212233642128,-0.0081,-0.0047,2.0
2023-03-23,0.00010131712259362619,-0.005318598457606339,-0.012087135152064925,0.025267060143407672,-0.027261951797708326,-0.021957171797292663,0.02559030920692382,0.0059552767648414495,0.012534132075266536,-0.01608125264494283,0.0029845287111662016,-0.0044,-0.0154,-0.0084
2023-03-24,-0.005875797791510469,0.0013854884571163192,0.006006198518090235,0.004329416242447293,0.0,0.004169076259881154,0.0010787016354860172,0.0067513708706700565,0.008425150461905858,0.0047311827956989004,0.00563980226503778,0.0017,0.0072,0.0038
2023-03-27,-0.0009171507184346195,0.0034615592009479526,0.014372610358011786,-0.004547607768829977,0.02355808285946378,0.020227676077262537,-0.047662066263224244,-0.016919340868391683,0.006138662385998821,0.03082191780821913,0.001646944464730563,0.0051,0.0101,0.0036
2023-03-28,-0.00815993472052235,0.0024627023144683314,-0.006866893964055097,-0.0006186351955838748,0.02103174603174608,0.008035452244383047,0.06143067762323275,0.004302632930276919,-0.0010165740395934545,0.011627906976744234,-0.001573841052110284,-0.0002,0.0075,0.0054
2023-03-29,0.030954339777869246,0.014252244195685063,0.03292378432028784,0.025427360601876118,0.0167120093276331,0.004140754416005285,0.06001808941338611,0.0006264834579303373,0.009499446145366101,0.01929392446633821,0.014237284294444891,-0.0035,-0.0053,-0.0052
2023-03-30,0.017456359102244388,-0.00397286284599806,0.0006379993764752807,-0.009426514975621088,0.02255351681957186,-0.017113491163306304,0.02730430896125801,-0.005533699736546935,0.005041913862200522,0.009262988320579962,0.0057152644808155136,-0.0062,-0.0058,-0.0011
2023-03-31,0.012647058823529473,0.02266912218625793,0.02102275192974693,0.019594974685917903,0.037383177570093455,0.0018875132521512833,-0.0009887871536772782,0.02583205056504912,0.01872569829581174,0.019952114924181964,0.014436547215347185,0.0051,-0.0077,-0.0077
2023-04-03,-0.008519701810436727,-0.0051366937611760435,0.0016641491914653867,-0.0414252873563218,0.0054054054054053545,0.011934361575394431,-0.01773660351960724,0.00440150034851363,0.007221666709398412,-0.0089984350547731,0.003698844728218521,-0.0019,0.0078,0.0071
2023-04-04,0.015037593984962468,-0.022186944276958907,0.0032183202718272927,-0.0016787375893329308,-0.012544802867383437,-0.022242759564821357,-0.012031196469236876,-0.007235794294305325,-0.011407334498616875,-0.01776549545992891,-0.005796979801090583,-0.0113,-0.0073,0.0
2023-04-05,-0.0274170274170275,0.0003915722210079179,-0.018523519338532482,-0.03137311425002389,-0.03448275862068963,-0.024018908648106914,-0.019286471932114864,-0.00020621936452702936,-0.00016479328742019622,0.0012057877813505282,-0.0024923669099066134,-0.0101,14.0,0.0117
2023-04-06,0.009495548961424412,-0.00713656880325931,0.0009480757267200016,0.014384207132582595,-0.009774436090225621,0.002385533526559214,0.007238162588267046,-0.017968055849375948,-0.00395569076936805,-0.006824568446407134,0.0035791541025322685,-0.0003,-0.0053,-0.0014
2023-04-10,0.0010777973740936648,0.011815184889765601,0.003055696920789164,0.036770818052907,0.035687167805618876,0.018494583554283916,0.01439294601096509,0.006064111553802051,0.011419499851761989,0.013338722716249064,0.0009963167049125078,0.0086,0.0028,-0.0011
2023-04-11,-0.022022119996084957,0.017516471852225816,0.03371057332187272,-0.009432627458378532,0.005498533724340123,0.01114996612900276,0.017221899905340624,0.03689444704365845,0.009490893411932703,0.0015955325089748364,-4.1371490210099456e-05,0.0071,0.0058,0.0012
2023-04-12,-0.0209167333867094,-0.0018166505949913398,-0.027836128302778786,-0.010189020616102532,-0.06671527524608087,-0.007246097993771234,-0.041835519666996945,-0.009121283959591232,-0.022855039824965978,-0.003185981680605269,-0.004134862133174664,-0.0043,0.0037,4.0
2023-04-13,0.04671368700807531,0.017055085555813292,0.0019855394030459613,0.016210495935350448,-0.004296875000000117,-0.01301232836892781,0.015601829612147287,-0.008900976377296423,0.0054733554018286095,0.01917698761486218,0.013262674275101097,0.0016,-0.0117,-0.0068
2023-04-14,0.0010742187499999944,-0.003580128719223567,0.007300131706224108,-0.013537820694878279,0.002746174970576708,0.011789843271774002,-0.017408382346892588,0.0027556753665122233,-0.009404232506031215,0.0011760094080751698,-0.0020693787561017938,-0.0076,2.0,0.0011
2023-04-17,0.0022436835430688687,0.009549033589508465,0.012942792596305869,0.0503358925143953,-0.02621283255086065,0.014301891013860092,0.015623855419165146,0.01251901705794714,0.011824825368300713,0.004698512137823062,0.0033061599533513305,7.0,-2.0,-0.0026
2023-04-18,-0.004282655246252654,-0.00477607031810565,-0.002862278553692388,0.002695417789757428,0.010445962233828767,0.02140975300680759,0.009232164200634793,0.027141243195272963,0.00609103813370454,-0.012470771628994555,0.0008552219947015113,-4.0,-0.0029,0.0018
2023-04-19,0.019550342130987292,-0.0017886691750592346,0.01793951764516316,-0.005877528704209915,-0.019085487077534668,-0.010736113513686262,-0.00406338056928162,-0.0031323753728958,-0.014234863317026456,-0.016574585635359042,-8.426256214355692e-05,0.0026,0.0039,0.0012
2023-04-20,-0.004697986577181159,-0.012726194342492642,-0.02044326995226633,-0.01219120949631054,-0.012971220105391174,-0.0037211239776933766,-0.04795489492567918,0.056352599940129026,-0.004646379091294069,-0.014044943820224776,-0.005952552882162192,0.0012,-0.0026,0.0048
2023-04-21,0.030343897505057234,-0.0023865166256001103,-0.006990038548640546,0.0063100264464343025,-0.004517453798768089,-0.0133839236405345,0.005351451460074041,-0.009480016045755308,-0.008004140132366184,-0.01790801790801796,0.0009031936248575528,0.0009,-0.0091,-1.0
2023-04-24,-0.007011967090501122,0.00555088031105309,-0.002588722889474672,-0.0322283185024666,-0.001650165016501615,0.00147303106735826,-0.010656641926121176,0.018108255179966122,0.00016806193082148923,0.001243265644426073,0.0008515744450249489,-0.0027,0.0048,0.0029
2023-04-25,-0.034271725826193394,-0.006567310821059578,-0.014428306631973826,0.003001429252024752,-0.05123966942148754,-0.04052910388149808,-0.03447939896507659,-0.002764523717752659,-0.017479004540410285,-0.036009933774834475,-0.015810845435383768,-0.0083,0.0011,0.0088
2023-04-26,0.02349614897143425,-0.013893101751899518,-0.005581431283387096,-0.05234408397853042,0.0017421602787456073,0.007113098502027694,-0.022323380685959186,-0.01977658758189483,-0.0010261380155631068,-0.01846285959639329,-0.003841189003941671,-0.0005,-0.0076,-0.0033
2023-04-27,0.04610401981329767,0.02341634646577056,0.01662739474551693,0.0066162097137989154,0.01695652173913046,0.007170582346363577,0.015975137044427674,0.021401239244022385,0.013868876080691568,0.02143482064741916,0.019566147845532133,-6.0,0.0,-2.0
2023-04-28,-0.03979238754325251,0.008449821999340787,0.013647916293653499,-0.09087287755813374,0.006412997007268002,0.009817838122508441,0.034834238240904855,0.013660791711673352,0.00844460001160891,0.021413276231263382,0.00825320690502115,0.0022,0.0018,0.0022
2023-05-01,-0.032242769084874404,-0.0034838493153774306,-0.04244640347239802,-0.009475298499288083,-0.010195412064570877,-0.011324938350061119,0.030400209430936943,-0.012747839480406024,0.0021785010377967976,0.0008385744234800659,-0.00038611529495272086,0.0017,-0.0079,0.0018
2023-05-02,0.015482606565409097,-0.02711370262390656,-0.03885361423084065,-0.024606027094276964,-0.010300429184549442,-0.015020197327129194,-0.0042132452574527215,0.0037901209817258743,-0.00768736762046654,-0.01340594888981987,-0.01158625361188679,-0.0073,-0.0139,0.0004
2023-05-03,0.00019299430666805203,-0.0014557262872909255,-0.016973430449192077,-0.01173469387755098,-0.012575888985255818,-0.003949742161399239,-0.002115535900325283,0.009670011794082575,-0.008420413847292528,0.0012738853503183687,-0.006998310337502632,0.0087,-0.0102,-0.0043
2023-05-04,0.003376748673420109,-0.009628009318847065,-0.02726402605689468,-0.0157173177307406,-0.04128238910847612,-0.015860431055253293,-0.004240041761215296,-0.02198320392845822,0.0675939797757539,-0.056827820186598814,-0.007218725172645652,-0.0047,-0.01,-0.0027
2023-05-05,0.01591346153846155,0.014827315069996074,0.027794435483278843,0.04085319657322682,0.040769583142464524,0.013430232978844069,0.06603258834479886,0.008394130147839015,0.006840894932866789,0.02023381294964042,0.01847474404243065,5.0,0.0061,-0.0064
2023-05-08,0.0016563342955846592,-0.009772628403302208,0.012044290601404807,-0.0063829787234041795,0.0250880281690141,-0.003754566767026456,0.059935167250428946,0.0035152559064474042,-0.02607021498918059,-0.00793301013662405,0.0004521245089151026,-0.0038,-0.0027,-0.0039
2023-05-09,0.007464802041009225,-0.015048617510622217,-0.0006741715807852617,0.0030429392539163304,0.006440532417346593,-0.010087737635205077,0.0037684754717697056,0.004515555791316418,-0.0001621999722908202,0.007552199022656515,-0.004579422429039752,0.0011,-0.0005,-0.0039
2023-05-10,0.033483398987056774,0.0009923528130958276,-0.022131984237525038,0.015393258426966342,-0.02090443686006834,0.0032472155518819467,-0.01501730952448333,-0.0020180093186766635,0.015090424255533448,0.0017636684303350594,0.00448396168363916,2.0,-0.0131,-0.0078
2023-05-11,0.018059715037662304,-0.0011891155063561763,0.004365723890238049,0.013555383423702492,0.016993464052287608,0.004242236898921202,-0.02383665807946837,0.0034933020633820737,-0.01086905855873857,0.0052816901408451146,-0.0016966192878881679,-0.0051,-0.0007,0.0011
2023-05-12,-0.017115350329827077,-0.005060417477842454,-0.005528736362470347,0.2647524428189312,0.026563838903170565,0.0036673820976180463,-0.04003728048660839,-0.005130846471966297,-0.003556239239136495,0.0013134851138354264,-0.0015832973843321887,-0.0011,0.0035,0.0047
2023-05-15,0.008525303827317228,0.0021941839532719884,0.03219841485097803,-0.04359273166731406,0.020450751252086747,0.018715020465637937,0.0488303406268843,0.011142775746550855,0.017839588956412827,0.020113686051595858,0.002958162718517548,0.0078,0.0001,-0.0046
2023-05-16,0.01978417266187053,-0.024678840184521975,0.020534027182506676,-0.03966785504761042,-0.056441717791411,-0.03130706956879277,0.004842780165063738,0.018215311345162345,-0.012427482841477806,-0.017145306472353135,-0.006377687505569596,-0.0045,-0.0047,-1.0
2023-05-17,0.01851851851851847,0.022139705572995286,0.04112172419435872,-0.01428571428571438,0.05028175119202428,0.006508276830316856,0.06563942438229703,0.004382271610749057,0.012583868653245425,0.036197121674662096,0.011890824883593902,0.0085,0.0118,-0.0028
2023-05-18,0.022943722943722992,0.00972868042074842,0.047945491556423116,-0.01659038901601826,-0.004127115146512646,-0.0026948478306054397,0.021739328255666806,0.0016923571175561133,0.018409733561671127,0.003367003367003295,0.009445052263048771,-0.0023,-0.0038,-7.0
2023-05-19,-0.016081252644942916,-0.006121286956201457,-0.013101187822849187,-0.013331394221446578,-0.052631578947368404,0.018352315302269828,-0.030138401524732374,-0.020358952054444025,-0.009589219664010743,0.02516778523489939,-0.0014458618380373226,-0.0039,-0.0031,0.0018
2023-05-22,-0.010666666666666623,0.027062500165386364,0.015521811306637831,-0.00904043629931707,-0.004374453193350738,0.000221218000284031,0.025592756524454134,-0.019148850835768498,0.015871344548184108,0.012274959083469605,0.00015503413661332915,0.0111,-0.0022,-0.0091
2023-05-23,-0.00017389792191992203,-0.009930950970035962,0.02735000873852348,-0.003966483216817945,0.010984182776801405,0.01481123160423262,-0.016045126919460966,-0.020262515012880483,-0.011092000932835805,-0.005658852061438845,-0.011222025583512577,0.0061,0.0105,0.0018
2023-05-24,0.015305678754674364,-0.03684205732605893,-0.026230730599700745,-0.011648165662800414,0.31073446327683607,-0.014704614057783416,-0.03351441857079156,0.005193688372874018,-0.010900342764684556,-0.017073170731707384,-0.007318613865403286,-0.0039,-0.0019,-0.0005
2023-05-25,-0.014989293361884369,0.0006187215968961228,0.0043225238852920515,0.012037270209015292,-0.05305039787798413,0.03482203372789393,0.030929291027210246,0.003382449499826236,-0.007187478786092631,0.001240694789081933,0.008757593299171227,-0.0109,-0.0109,-0.0123
2023-05-26,0.04443478260869565,-0.0011340715599154735,0.02932332001812401,0.004130586244650207,0.04866946778711487,0.0073715325563637355,0.025453217041873952,-0.0008430023586743576,0.011582219583540372,0.02230483271375461,0.013049084284802958,-0.0029,-0.0087,-0.0053
2023-05-30,0.012904837232536817,-0.009077466635309102,0.018084267769809315,0.003122367051593376,0.048414023372287125,-0.0038182187470569185,0.008870522434584402,0.00637215668031434,-0.006838441006906028,0.02060606060606067,1.6597509584161503e-05,-0.0025,-0.0041,-0.0097
2023-05-31,-0.008877198750616459,-0.028627625358390876,-0.004774977685626791,0.0027667984189723434,-0.01178343949044578,-0.01383813854312843,-0.013179964335528541,-0.005121147535178579,0.0006407457882584564,-0.009105304829770405,-0.00610861439251277,-0.0025,-0.0113,0.0008
2023-06-01,0.018162215956211626,0.010395281892859518,0.019480182247816336,0.028478517934568393,-0.0232033515952305,-0.017486980053985517,0.0552041866082212,0.015350176810333958,-0.004800857319648521,-0.009588493807431162,0.009854443605255702,0.0005,-0.0007,-0.0038
2023-06-02,0.012055062311639685,0.08750571535383786,0.040003761832874705,-0.009581297307655456,0.049158693500494954,0.013842404663744125,0.02784936756078538,0.0326322680766924,0.025245243076102417,0.036708350141185966,0.014534425328475025,0.0174,0.0165,0.0075
2023-06-05,0.00845070422535209,-0.04437725394176236,-0.013486069324632177,-0.014849569507594184,-0.006289308176100607,-0.005850963913258201,0.009848153677386267,-0.005355379968658663,-0.038581601794946796,-0.024124513618677082,-0.002003586752111904,-0.0109,-0.0074,-4.0
2023-06-06,0.010454908220271368,0.0031639814279906136,0.027706562703798496,-0.03363283743310254,0.03575949367088593,0.007520621057739004,0.03821619634908321,0.034553244872451275,0.014191737270221334,0.023524720893142084,0.002353906017843575,0.0225,0.0132,-0.0041
2023-06-07,-0.04249269409999207,0.02757152493208108,0.013569460213283448,-0.025708769434000623,0.031164069660861694,0.019042073385319148,0.02035967714020492,-0.011451075917878245,0.006916537995938112,0.04051421893260612,-0.003812014804159282,0.0189,0.0225,0.0128
2023-06-08,0.024911325579476992,-0.002376625010864933,-0.016822513862165756,0.0029724655819775847,0.03555555555555564,-0.031957131480801884,-0.02148771799972249,-0.0059672899430058225,-0.004792422210078337,-0.014601272931486355,0.006188652894420963,-0.0077,-0.0115,-0.0049
2023-06-09,-0.006599597585513024,-0.008535660831017464,-0.0012540009155604128,-0.0017158009670878828,-0.020314735336194586,0.026760798082948616,0.026663514950951428,0.00653301212690375,-0.004011807459865335,-0.007598784194528849,0.0011480624440519769,-0.0079,-4.0,-0.0023
2023-06-12,0.025439520375921464,0.013614096754519954,0.0030497879991261212,0.022083333333333382,0.004380841121495285,0.0018161120800596663,0.12452129333302639,0.017980789600602103,0.020467284254842913,0.01914241960183767,0.009321145822872572,-0.0027,-0.0139,-0.0078
2023-06-13,0.000711068973690475,0.014616504383269129,0.016274712910043745,-0.0012739502649816551,0.017446932247746478,0.02537491372278358,0.04212279217056594,-0.0024131252761810254,0.014370939857502105,0.020285499624342566,0.00693249225350526,0.0052,0.0007,-0.0051
2023-06-14,-0.0018948365703457674,-0.007690139659567777,-0.0116147241331311,-0.015102811367926974,0.017147756501857712,-0.00883867744724231,0.016948708545082975,-0.018827961609067204,-0.00809562390855953,-0.0077319587628866294,0.0008194076378587953,-0.0106,-0.0092,-0.0024
2023-06-15,0.005457997152349294,0.01824465261775297,-0.0060539631036243624,-0.0007770812827022001,0.018263557178982818,-0.011749676987718092,0.03333247469153292,0.0159322395789039,0.01616719114579436,0.027829313543599257,0.012178137542195246,-0.0036,0.0006,-0.0009
2023-06-16,-0.0127448666509323,0.007031542862624166,-0.014151361116522815,-0.020167980091248375,-0.004415011037527695,0.02367310868434256,-0.019849183597158187,0.008578557968717196,0.005252084020534415,-0.009386281588447582,-0.003671619564720802,-0.0051,0.0022,0.0033
2023-06-20,0.002310941110845536,-0.021427371787962203,-0.008631041871143351,-0.015291814381713396,0.004434589800443561,-0.030280501593973372,0.006326498171991786,0.0164946505625805,-0.006761772173674834,-0.0032798833819241927,-0.004735088964510872,0.0021,-0.0066,-0.0051
2023-06-21,-0.007552870090634463,-0.008112587446622589,-0.007697076636940266,-0.008167651800107372,0.01821192052980123,-0.018073778089019908,-0.0006255133632400341,0.00540899733328696,-0.02258683760217722,-0.009140767824497258,-0.005245299871716229,0.0029,0.0055,0.0086
2023-06-22,0.042617960426179664,-0.010250145914145723,-0.012653069070916411,0.013544262650341315,0.00840108401084017,0.015792607819625052,-0.008181019276605724,0.005632174672579609,-0.009180182619182397,-0.01070110701107021,0.0037107995233466562,-0.0096,-0.0123,-0.0052
2023-06-23,-0.006300422589319963,0.0028884916959125715,-0.002899098144888662,-0.01368398546076546,-0.007524858908895489,0.008255370407548682,0.002537019448357606,0.0064365588293916875,-0.00894563399407155,-0.035807534502051375,-0.007658795459064456,-6.0,0.0007,0.0006
2023-06-26,-0.015464316090621,-0.00307790775122817,-0.003564601196206333,-0.03235421634511163,0.006769564040075819,-0.01233514361038203,-0.07594976951200126,-0.004235711090699889,0.0067706209855832,0.009284332688587946,-0.004486848871018305,-0.0001,13.0,0.0067
2023-06-27,0.014529176156443953,-0.02141222280508063,0.023347348143764355,0.02341080929711553,0.007799892415277008,-0.0050608849924542116,0.08835753113603527,0.02635734406852604,0.010726614884153165,0.0026830203142966763,0.011455870720236504,0.0032,-0.0052,-0.0072
2023-06-28,-0.001083759095835383,0.003154965336718485,0.005152166523843492,0.008154107152629613,-0.020549773151854713,-0.0064923110056655416,0.0881008528744207,-0.006907484806874394,0.0038014197440651718,-0.0038226299694190144,-0.0003540782907914565,0.0047,-0.0042,-0.0042
2023-06-29,-0.008834469931803987,0.006796535933377085,0.0,-0.0011399413744436432,0.031335149863760174,0.010892393039870439,-0.007518622244430781,-0.015221424714587857,0.018463989739864926,0.006523407521105208,0.004473526785721408,0.0075,0.0076,0.0046
2023-06-30,0.019233776387803034,0.008566056867632881,0.001006862285625005,0.03304168251725457,-0.004491413474240468,0.01659257346295032,0.09732337306512433,0.011218873944814415,0.011465101150846858,0.018680899733129943,0.012269017938809898,-0.0073,-0.0077,-0.0029
2023-07-03,-0.0010739490641302144,0.0104896478054604,0.015359902859867111,0.006838865800410242,-0.010350318471337595,0.029359196523348615,0.0069036897927826245,-0.012491343051637634,0.004289187468140857,0.014221556886227641,0.0011706641044284408,0.0027,0.0107,0.0012
2023-07-05,0.001228689909384093,-0.024816396751430516,-0.017379666614807564,-0.02319870421652123,-0.03137570394207567,0.013797077306820987,0.013182853812324443,-0.007322767975505257,-0.0004569719049245466,-0.022140221402214073,-0.001968314049017602,-0.0107,-0.0026,0.0
2023-07-06,-0.015493173799662386,-0.02352298828433769,-0.01704516190567023,-0.020379780690024083,-0.016611295681062968,-0.001726837930446171,-0.01822004204625096,-0.037136373191989425,-0.012514731821525467,-0.009433962264150943,-0.00792251577183327,-0.0059,-0.0068,0.0006
2023-07-07,0.01106263633530685,0.010176233868356602,0.00727261083332765,0.03276182155727859,0.000563063063062951,0.02747036218552357,0.00954542064836426,0.004614496695941581,0.009736889321781883,0.03695238095238091,-0.0028650895874316146,13.0,0.0122,0.0019
2023-07-10,-0.02041917090460784,-0.0010275734452396732,0.013050129374206406,0.008882309400444151,-0.0061902082160945095,-0.008020563155842667,0.01365511855893127,0.0329315716624418,0.019895224828732856,0.01322556943423951,0.002405028363358155,0.0124,0.0,0.0054
2023-07-11,0.012978840556910294,0.04866648781349294,0.025125972189600682,-0.006288648988575562,0.01359003397508485,0.019265071230670377,-0.02072727651290394,0.00184617507189392,0.008103079761434342,-0.00036258158085562044,0.0067422154625192835,0.0018,0.0049,3.0
2023-07-12,0.01568566547600567,-0.003433771028794301,0.004812419530186141,0.028161586330555866,-0.013966480446927375,-0.01420007104751074,-0.03597474113920014,0.03601024585225458,-0.00014813648925766394,0.009067827348567283,0.007411235539762833,0.0037,0.0044,-0.0044
2023-07-13,0.02675840978593272,0.012700095847346155,0.01277288706389768,0.010207221994255132,-0.03739376770538245,-0.0010927567659502306,-0.025798945766524597,0.022229440861894434,0.007741278329513566,0.017253774263120074,0.008470134857870185,-0.0007,-1.0,-0.0067
2023-07-14,0.0028294862248696606,-0.005444336310691558,-0.02303412368239709,-0.028687484133028573,0.027369040612124772,-0.008752681672682597,-0.029295073152786122,0.030444616561188798,0.013443169757921768,-0.020141342756183754,-0.0010244033312343335,-7.0,-0.0151,-0.0055
2023-07-17,-0.00831600831600835,-0.005864783378289351,0.016853922100992878,0.0805541035023523,0.0718991692924665,0.020468347921119644,0.027858596341882844,-0.017343762200378407,-0.0023316997834525195,0.008294266137756957,0.003855378718418697,0.0064,-0.0027,-0.0006
2023-07-18,-0.005465708295896899,0.012880982964068954,0.023274506313643445,-0.024865753954815998,-0.006948156066274856,0.012486415802169835,0.030490053151962508,-0.001327553312823453,0.010666367770059651,0.012160228898426318,0.0071172882225351165,0.0044,0.0109,-0.0044
2023-07-19,0.019046902055258608,0.004562562565109039,0.01628276908398999,-0.014833556580840308,-0.0034983853606026767,0.009224643659434205,-0.00547720491902539,-0.00023468009165385169,-0.0011569911037575956,-0.0038869257950529834,0.002357902778936502,0.0026,0.0132,0.0019
2023-07-20,-0.03989361702127663,0.007827615198387396,-0.025177631294518114,-0.0004028603081881987,-0.018903591682419736,0.015972408112838475,-0.02754791965328487,-0.019006314537101422,-0.03372364496245914,-0.007804185881518354,-0.006756896754207509,-0.0035,0.0064,0.0147
2023-07-21,0.00030778701138805815,0.0003844462591872209,0.0050441190712593635,-0.0029722921914357853,-0.0074318744838974965,-0.007102655616965204,0.013028629973248303,0.01722182523813586,0.0007484472049688547,-0.002145155523775428,0.00032408866573700707,-0.0038,-0.0036,0.0011
2023-07-24,-0.009230769230769143,-0.0005751918980830265,0.014276528605289544,-0.0012632004446465565,0.03189129229062669,0.011826843096330385,-0.0016743548396158004,0.01904734284572654,0.0095797865572662,-0.006449301325689707,0.004034155466043324,-0.0003,0.0077,-0.0022
2023-07-25,0.0025621118012421123,0.05332257683482484,-0.02311864665619565,0.011889102499241093,0.013168503090567106,0.018099784848188315,-0.022410949960884913,0.007614397789041974,0.005781857079624213,0.027407140281283736,0.0028146900124996523,-0.0023,-0.0079,-4.0
2023-07-26,-0.007589251142259659,0.0255848022981704,-0.004104562735914643,-0.012999350032498348,0.026790450928381906,0.006944162356081311,0.011462357296242225,-0.018015007013943256,-0.0011796741532171307,-0.003861003861003841,-0.0001554474478156429,0.0086,0.0103,0.0065
2023-07-27,0.0007803355442839977,-0.012872261474645161,-0.00017522676807913939,0.007041183324046476,0.006458279514337381,-0.008275724999163783,0.032295520519096094,-0.012360563164227475,-0.021693699647821595,-0.013037350246652483,-0.006424656484370667,-0.0081,0.0029,0.0011
2023-07-28,0.0308771929824562,0.0062054272152644785,0.007279574927592185,0.04828973843058347,0.026180698151950618,0.0047294716425167116,0.014815509141836452,0.00393553966239304,-0.007995733940506587,-0.011067475901463843,0.00987783736193816,0.0043,-0.0035,-4.0
2023-07-31,0.011118674835488986,-0.003396269724714679,0.01889432409067095,-0.0047984644913627635,-0.009254627313656765,0.002860663847805142,0.018929535835176012,-0.004155399198733924,0.004106546355105129,-0.0018050541516245744,0.0014687171966488966,0.0099,-0.0008,0.0007
2023-08-01,-0.014886295631358536,-0.008430300195774884,-0.004615086324971699,-0.022757955641272896,-0.002777076495834371,-0.002301105062135734,-0.04511691150985149,0.007085645115743489,-0.002727024387793177,0.0,-0.0026650918726684202,-0.0011,3.0,-0.0028
2023-08-02,-0.026425696711975016,-0.01492408189579566,-0.02773044594774516,-0.04144464179988162,-0.014683544303797424,0.04122921810943268,-0.015004970012397057,-0.017041930331438256,-0.00774376161997165,-0.02097649186256775,-0.01383955356772192,-0.0005,6.0,0.0069
2023-08-03,0.005459792527883851,-0.01579382371022515,-0.00291324949546556,0.01008853201564756,0.0020554984583761125,0.0132867252174804,-0.009031277815258594,-0.02059791160062935,0.07851157064391365,-0.29442186922792757,-0.0025479738611559415,0.0002,0.0008,-0.0035
2023-08-04,0.08269335195097352,-0.015673226310777794,0.009437196878784672,-0.009478189971463583,0.005897435897435817,0.0027977954382183506,-0.02278110232616676,0.02286381939952843,0.007521462573625768,0.011518324607329782,-0.005300062744756779,0.0008,0.0076,-0.0066
2023-08-07,0.018986888299777932,-0.002653797961157971,0.016669086313836404,0.006276365881263499,0.005607953097119704,0.011071342954180127,0.05128445308292165,0.0141601686002443,0.004647386994616854,0.0015527950310559595,0.00902408018812203,-0.0109,0.0059,-1.0
2023-08-08,-0.0160315004921952,-0.010547561771283109,-0.005898745977617365,0.002556237218813906,0.005323193916349651,-0.01629554319707432,-0.006654712315951185,0.0003137630975980347,-0.01500107545009044,0.03565891472868205,-0.004218270115753979,1.0,0.0014,0.0003
2023-08-09,-0.014934972130913273,-0.003937567718236753,-0.024260788570489012,0.0382457929627741,0.00680786686838132,-0.012183787525099538,-0.03627149240092624,-0.011526774899747936,-0.004553220747105893,0.0019960079840318935,-0.007038725491928315,-0.0001,-0.0006,0.0002
2023-08-10,0.005150525933986275,0.0018319090766672397,-0.011357965251126196,0.006925343811394875,0.009015777610818919,-0.004969323871933054,0.005212120507018376,-0.02070487879098549,0.016299675696185997,0.008964143426294984,0.0002507100953285001,-0.0046,-0.0066,-0.0005
2023-08-11,-0.0010825635103926508,0.0062561950328762165,-0.0014478800638339777,-0.0006828935173893291,-0.021097046413502147,0.000802459476273461,-0.03283507809470896,-0.0035635147272278507,-0.014069388761115104,0.007897334649555781,-0.0010696983087364078,0.0024,0.0046,0.0039
2023-08-14,0.015605808828841822,-0.010809151121331902,-0.011052107347250484,0.03202030555962319,0.04868154158215015,0.005791953046567319,0.0023873774150506124,0.0021946171843861798,0.014554173951889508,0.005386875612144928,0.005750473482621089,-0.0084,-8.0,-0.0065
2023-08-15,-0.02063029095824149,-0.0220458375036424,-0.020611927870581304,-0.054864494158823225,0.0016924564796905292,-0.011338990505657216,-0.01307244162169913,0.028877721664323217,-0.02418989159674273,-0.009254749147588956,-0.011550897982462107,0.0,-0.0104,0.0004
2023-08-16,-0.018885741265344626,-0.0034602524390828352,-0.01861423989836384,-0.03973377370765163,0.012792662321988925,-0.0030470324511831575,-0.025892414327015,-0.03271852173512234,-0.0021620442449579733,0.00442477876106194,-0.007555398492863699,-0.0048,-0.0013,0.0002
2023-08-17,-0.008069889686829076,0.010020305809125319,0.0014297258656056967,-0.044035645421856215,-0.02025738798856057,0.004249839392808682,-0.023482369595857346,-0.05045235742506547,-0.0021667288085087943,-0.004894762604013775,-0.007712909620466402,-0.0017,0.0049,0.0016
2023-08-18,-0.005672488431109054,-0.0028908057960269472,-0.00028573399150676757,-0.008340601831661585,0.05083921187059118,0.013144701850083663,-0.013295183595612742,0.006952637195068234,0.00014406194663693143,-0.003935071323167649,-0.00014870628846844932,0.0041,-0.0022,-0.0011
2023-08-21,0.010959315418105449,-0.00819930295598293,-0.0061884017976819045,-0.0011544170194052442,-0.033333333333333444,0.004088098764685297,0.007700536137746184,-0.011678506634024812,-0.0005806660704960347,0.005432098765432071,0.006879175048229836,-0.0087,-6.0,-0.0088
2023-08-22,-0.003192753192753243,-0.006854966759853676,-0.03917942086217136,-0.028618602091359323,-0.014128352490421369,-0.01416112980266862,-0.0031845708183323466,0.010263914052768684,0.012070459052769041,0.0004911591355599982,-0.0027774633674034458,-0.0002,-0.0104,-0.0021
2023-08-23,0.009459962756052218,0.011571510757049512,0.013159877546049161,0.02311614730878194,0.23536555744474125,0.006553472920492258,0.03767617605737704,0.006232212755151127,0.012502058211410741,0.026018654884634146,0.01104488888080542,-0.0022,-0.0011,-0.0025
2023-08-24,-0.02715466351829993,-0.01154019051419157,-0.0013773375006621564,-0.03411230479565857,-0.00786472670074712,-0.0002675283229009768,-0.033229471914141204,-0.009841726518531643,-0.006102054480431659,-0.012440191387559715,-0.013457972973819878,0.0001,0.0062,4.0
2023-08-25,0.01077063106796107,0.004568789375664377,-0.006207587436699872,0.017371861025111807,-0.005945303210463818,0.005531347147308961,0.012092416500936815,-0.015082028304291294,0.0004274814561491934,-0.006782945736434136,0.0067179654385095666,-0.0023,-0.0057,-0.0017
2023-08-28,-0.000900495272399854,0.05224862979116469,0.007337550953789204,-0.003888419273034645,-0.012958532695374773,0.007542177020330461,-0.011947937069564657,0.005916378284125337,0.00799343433301611,0.004390243902439018,0.006264620231472261,0.0009,0.0041,0.0003
2023-08-29,0.013294276701216842,0.013926205493362327,0.018997977204057822,0.027438334464811174,0.0365582710563523,0.0028174475685932834,0.02100665690406001,0.013925063517522297,0.011045055817291755,0.009227780475959266,0.014508301596136985,-0.0008,-0.0011,-0.0044
2023-08-30,0.0011859758357423214,-0.010609353008000987,-0.00927438952436008,0.0184461208083255,0.018901013250194835,0.005444401998429066,-0.010597254233891172,0.015098714286339267,0.0012607295749519018,-0.012512030798845117,0.0038331744459454494,0.0009,-0.0046,-0.0003
2023-08-31,0.021766491448878343,0.021254664173339814,-0.001657440717726277,0.02249134948096884,0.027921208644100227,-0.0015718041375979224,-0.0031524573975134453,0.0001680741801858093,0.0016778935360666548,0.010721247563352772,-0.0015969230211074809,-0.0019,0.0022,-0.0026
2023-09-01,0.0007970436924861507,0.002624986384925334,0.010840793414233118,-0.014541032148900169,0.013953488372093023,0.006123124961620024,-0.00568982816210935,0.009745802514139531,0.001676524476825035,0.017839922854387708,0.0017991152039366625,0.0084,0.0058,-2.0
2023-09-05,-0.006154068925571925,-0.0009354717614269453,-0.017004012947055534,0.0005902237484572905,0.00642201834862388,-0.016779811330002427,-0.02288316366283896,-0.0490925197959214,-0.01059493998791139,0.002842254855518819,-0.004194168436390761,-0.0158,-0.0086,-0.0047
2023-09-06,-0.013914183725504453,-0.004492052522460181,-0.002752441074357612,-0.02354139854139847,0.0023701002734730255,-0.02016151028861539,0.0039020883035392933,0.011813129608753983,0.0046487407963369835,-0.007085498346717152,-0.006971599838739863,0.0001,-0.0018,1.0
2023-09-07,0.018395390070921842,-0.003947978436003583,-0.015178678018364205,-0.00873194574111705,-0.006729719898144733,0.014890888461841176,-0.008424917964477342,0.01279908741415674,-0.0007007444686069502,-0.029495718363463416,-0.003211278518770646,-0.0069,0.0003,0.0002
2023-09-08,0.0027566195139644215,0.0027366448441782875,0.0,0.01501385041551251,-0.023622047244094474,-0.000711251680001149,0.0,0.001707867136695123,0.0012633836078873926,0.007352941176470693,0.0014266232599599745,-0.0051,4.0,0.0001
2023-09-11,0.03523113651161112,0.015530542833847067,0.0011013455479427685,-0.020959554609464567,0.0015003750937734113,0.022156304689178584,0.011759839262498526,0.004858685435747244,-0.000140359610002795,-0.006326034063260292,0.006723469633202974,-0.0047,-0.0054,-0.0033
2023-09-12,-0.013067784765898005,-0.006765261923564707,0.010197196159156107,0.008752857222500937,-0.021348314606741584,-0.004003896483904792,-0.0012914614281356754,-0.02748585638685721,-0.016823809489352075,-0.0004897159647405271,-0.005695894782348967,0.0021,0.0099,0.0023
2023-09-13,0.02563194788642643,-0.05701818847685666,-0.007026951159667099,-0.057698684646844245,-0.030998851894374235,-0.011013142138888713,-0.02845539021378901,-0.006803299295960556,0.008128238341968899,-0.02106810387065163,0.001241623551438248,-0.0087,-0.0022,-0.0036
2023-09-14,-0.0008974801518812251,0.012568412123318152,0.019135611406875426,0.03812316715542522,0.012243285939968354,0.01900114497573752,0.04061239641230403,0.011768425774870271,0.003819636083295913,0.035535535535535574,0.008429928738380867,0.0049,0.0086,0.0002
2023-09-15,-0.029919845218352767,-0.012313996825613103,0.021513747396959094,-0.016666666666666604,0.022239563012095214,-0.02506478374820454,-0.02815217600894692,-0.024565664695727026,-0.011272760066210979,0.0,-0.01215961882844722,0.0021,0.0025,5.0
2023-09-18,-0.002920435928484911,-0.00019799855397188874,-0.01799734004071207,-0.0362539500143637,-0.028816793893129734,0.013521684372282418,-0.009874142708808702,0.007297624415596696,0.0007120285752955638,-0.02029966167230554,0.0007212964785137545,-0.0082,-0.0019,-0.0005
2023-09-19,-0.016788112587512463,-0.008017335331598239,-0.00867614378359398,0.008584714439012743,-0.006091570053055655,-0.009303424201599998,0.0033197515196045444,0.0035331206272081754,-0.0018508391254748594,0.009866798223976285,-0.0021510128886978656,-0.0011,0.0,0.0031
2023-09-20,-0.017002107098743034,-0.01237113667626643,-0.011112909646017787,0.0003546518501004981,-0.006524317912218235,-0.0024812796731081394,-0.02915310205250082,-0.003433093504392067,-0.008275734086627809,0.003908158280410447,-0.009394794748149967,-0.0005,0.0026,0.0049
2023-09-21,-0.044053514672185524,-0.015152601920451158,-0.01620914898107303,-0.017726305837863388,-0.01850746268656716,0.005684389327292231,-0.013653070740872903,-0.03666094627482885,-0.004315709121799409,-0.007785888077858887,-0.01640093515056408,0.0034,0.0038,0.0013
2023-09-22,-0.001623753189515255,-0.004616118011599946,-0.006671061719093393,-0.022798363811357195,0.026561232765612373,-0.024993189482682518,-0.027684114657563718,0.0022930925993681988,0.005779717442665246,-0.004413928396272675,-0.0022955889145497245,-0.0009,-0.0051,-0.0019
2023-09-25,0.01665117719950438,-0.023186296551522184,-0.003968417005093518,0.011634349030471006,0.022318783330041385,0.002626396537704081,-0.010675342318830232,-0.01033847551356903,0.0017246927659296126,0.009852216748768438,0.004023045883088667,-0.0006,0.0033,-0.0046
2023-09-26,-0.04029862116248957,-0.009600076266743057,-0.0079695138332144,-0.01795059023974697,0.02086553323029377,-0.015628693604958478,-0.010075020598141122,-0.0065644871014418835,-0.01563170813310704,-0.010243902439024432,-0.014734521163048289,0.0036,-0.0051,-0.0007
2023-09-27,0.0,-0.004474599018723487,-0.016580964941366516,-0.017225354730776212,0.032551097653292935,0.0055984755746370015,0.015989136148589538,-0.004187303317485759,-0.006411230104958855,0.0029571217348448634,0.00022931863023385572,0.0078,1.0,-0.0028
2023-09-28,0.0,-0.002139615062669005,0.015918412040013548,0.018220793140407202,0.02730938416422278,0.009491118033706707,0.03290504318831822,0.017849064127042562,-0.00527802332199133,0.005896805896805771,0.005893166977883735,0.0019,0.0004,-0.0003
2023-09-29,0.009049055405619944,0.003860672496203796,0.0004119205100129573,0.0005572755417956867,0.005709188224799292,-0.021335746390511362,-0.04986190055448489,-0.013312603703082944,-0.0014744886080917453,0.017586712261846577,-0.0027095842635727124,-0.0002,0.0031,-0.0015
2023-10-02,0.018407803650094427,-0.036318156872154346,-0.019886715166513774,-0.03248963425954576,0.03441546922121705,-0.014411753434914264,-0.005828512850552773,-0.012003370907692292,0.00029563796844888073,0.01536245799327894,7.936008579001179e-05,-0.0128,-0.0105,-0.0052
2023-10-03,-0.036613625830372386,-0.015850008013003878,-0.021761678332029095,-0.032557247025713214,-0.04836220202366661,-0.008997611271290227,-0.06598465096410218,-0.03136169209785036,-0.00678852288688942,0.0004728132387707595,-0.013744062136511182,-0.0026,-0.0015,0.0014
2023-10-04,0.01828094932649135,-0.008671289221808536,-0.004728411187087067,0.003768595041322269,-0.006487655433411415,-0.011444449250969971,0.02747309072270629,0.014778418462900834,0.0035662462842014787,-0.00047258979206056534,0.008109753839872563,-0.0053,-0.0037,-0.0033
2023-10-05,-0.008188976377952805,-0.0021589180769788934,-0.005399230022848961,-0.042616256092741396,-0.010701977144930227,-0.006505923310907478,0.01604770566159381,-0.005557384540545322,0.002369048910925307,0.004255319148936164,-0.0013040398710054983,0.0028,0.0009,-0.0012
2023-10-06,0.015878056525881232,0.006489297436176399,0.01552472514504216,0.02208462332301347,0.008617528419508597,-0.006933674775928332,-0.0030138227962837943,0.004914468678044447,0.0020676373583645023,0.006120527306968106,0.01181490285344007,-0.0044,-0.0055,-0.0052
2023-10-09,0.002344482650828362,0.00735287674913749,0.008445529049144704,-0.03204092622509418,0.03399381930558089,0.022983431341099012,-0.042980203195672396,0.0173530288145244,0.0050108266114000264,0.03135236312587731,0.006303864453986366,-0.0016,0.0026,-0.0037
2023-10-10,0.009511928894433174,0.017855874375363383,0.028093056741433645,0.05396383866481217,0.05080872011251759,-0.009480087480577562,0.016545543786317042,0.010272307494521725,-0.004692113192120747,0.007259528130671513,0.005207972709669435,0.0033,0.0062,0.0019
2023-10-11,0.01814952116156953,-0.0027587955300959763,0.0014432355804539527,-0.00039588281868568404,0.028944286431320007,-0.023926031265491948,-0.019383527506074312,0.013712785459778247,0.0070721099653011784,0.010810810810810902,0.004293017167800901,-0.0065,0.0038,-0.0025
2023-10-12,0.003792763407418645,-0.015156081070466057,-0.002161733480007124,-0.013927392739274017,0.0039024390243902764,-0.0069614134328685505,-0.0039469817898809085,-0.05815733637379574,-0.03482523186610669,-0.010695187165775489,-0.006246427021262394,-15.0,0.0011,-0.0022
2023-10-13,-0.019194438147056753,-0.0038197772811713443,-0.01764539988975625,-0.009840016065332345,-0.02186588921282801,0.008788235862471785,-0.026988885522476105,0.012799249602403594,-0.0027294139741614277,-0.023423423423423406,-0.0050188638755857455,-0.0035,0.0005,0.0046
2023-10-16,0.02126512057939764,0.014209495803824268,0.02048304135538665,0.02278258518117905,0.03858254677926806,0.011352870751132076,0.008161459229577962,0.00829669824062499,0.015051293036481951,0.026291512915129166,0.010594369889151859,0.0058,-1.0,-0.0002
2023-10-17,-0.008147868728781685,0.0067820110923558705,0.009161084624679936,0.04474849626545053,0.004145408163265274,0.017323499287151784,0.011322165597847766,0.003922365234321292,0.005989375583631712,-0.06112359550561795,-9.824791073421284e-05,0.0105,0.0068,0.0032
2023-10-18,-0.025405035369285796,-0.023744655492207882,-0.021521124618937452,-0.031190687080855414,0.0041282946967292015,0.0018071728369578276,-0.06480156880394775,-0.023730602868942612,-0.01697131949972801,0.0009573958831976819,-0.013399821028088439,-0.0061,-0.0017,0.0046
2023-10-19,0.002107234839616095,-0.015158462890973133,-0.03367104016437841,-0.007575262848560025,-0.04079696394686915,-0.01576252184189005,-0.02566107783401944,-0.011713665509217526,-0.00893467137137435,-0.015781922525107694,-0.008482848734926711,-0.0054,-0.0022,0.0001
2023-10-20,-0.02515576323987542,-0.005857179716067594,-0.026644971583834186,-0.007896295321444948,0.003956478733926838,-0.01977805234467361,-0.031602529613590044,-0.005729198854362854,0.004584116808217933,-0.012147716229348883,-0.012585273492286055,0.0009,-0.0015,0.0036
2023-10-23,0.011104897339618124,-0.010976439212691456,0.0016624941772547725,0.0036479405717316634,-0.015270935960591129,-0.0015745541991077235,0.03173215294096215,0.014504877755519233,-0.010952618735808673,-0.04082636497786514,-0.001685589481194462,-0.0058,-0.0077,-0.0043
2023-10-24,0.01580278128950695,0.052803822180531076,-0.01305566469002812,0.03026698387523138,0.039686509921627526,-0.007098765108468572,0.006144176274298579,-0.0035254095652095217,0.0019988600623314337,0.020000000000000028,0.007265807296112871,0.0009,-0.0058,0.0015
2023-10-25,-0.0557716241443684,-0.008100674698104831,-0.0025788241629556997,-0.029121231558691417,-0.012349639133921462,0.014496518702272839,-0.015714110235667787,-0.010810195147961133,-0.016269540719802026,-0.02111613876319767,-0.01433963884569261,-0.0002,0.0085,0.0021
2023-10-26,-0.014992997775764128,-0.008278033317206668,0.0060692730253626296,-0.00138742071881612,-0.028093536862617684,0.04110367628382625,0.008869436545644243,0.009834989820602226,-0.010453410646694063,0.009758602978942028,-0.011832510503323772,0.0118,0.0168,0.0047
2023-10-27,0.06832817596387056,-0.012746412932519529,0.09194485020708347,-0.05219980152166731,-0.018880534670008397,-0.00902482677251964,-0.02110834261075467,0.000492409030458727,-0.0018930268897715103,-0.005595116988809737,-0.004800289082308567,-0.0058,-0.0058,-0.0096
2023-10-30,0.038907155158916656,0.022851242717014515,0.028647689659737883,-0.04844338964121177,0.015156675749318812,0.009865765853028563,0.024262336513552682,0.004227792491230652,0.0071086453456230825,0.006138107416879846,0.012010020668290208,-0.0033,0.0028,0.0017
2023-10-31,0.0028633863310978482,0.015973938699992127,0.007460058568410191,0.0449677230046948,0.020298607616171797,-0.0045090230416772745,0.005260977995541052,0.0222269981902652,0.011294522278141546,0.02541942043721403,0.006474962032195288,0.0005,-0.0007,0.0006
2023-11-01,0.029378615974152804,-0.0042880319764264105,-0.010070348327962508,0.002737802737802842,0.021538967444919472,0.0007547404626198676,-0.013964619457545102,0.04693483766890874,0.007600903718150077,0.005949429846306268,0.01050600937126293,-0.0068,-0.0002,-0.0071
2023-11-02,0.00781021897810214,0.01932436015498256,0.04368219343275205,0.033253990478857465,0.018992435216481567,-0.005562013035529366,0.05310230172206851,0.043274829654917996,-0.020165967982354354,0.09955643173977327,0.018858551694925042,0.0071,0.0164,0.0053
2023-11-03,0.0038386325776779977,0.016791738805740714,0.015957494165933832,0.02947354156785686,0.034591691675880554,0.005593122053299123,0.05462035895790773,0.042357696812041656,0.04116200769395442,-0.0004482294935005832,0.009393716650395068,0.0173,6.0,0.0018
2023-11-06,0.008225108225108331,-0.003622804689015148,-0.008182051871268263,-0.032710280373831765,0.011755725190839634,-0.006034372959751204,-0.023110050910953892,-0.00959151287023116,0.00015109787403748114,-0.008520179372197366,0.001753006959209519,-0.0122,-0.0066,-2.0
2023-11-07,0.02125375697724344,-0.003956230234378441,-0.0041733711237275485,-0.017962849561134833,0.02323826769277209,-0.007588507361487782,0.024476183452559485,0.02930674849832978,-0.00769548254460223,-0.014020805065581128,0.0028401183697589877,-0.0041,-12.0,-0.0005
2023-11-08,-0.004414546983392863,-0.008909849617703804,0.0006674224873071631,-0.04503568211736991,0.0016221796195251353,-0.01777785911305905,0.01830848477092394,0.005282056751636635,-0.0037998882478136225,0.0,0.0010049150828598367,-0.0101,-0.0046,0.0004
2023-11-09,-0.010416666666666794,-0.006716242595772525,-0.005615614165928664,-0.038453166944787134,-0.017226148409894018,0.01080119284088445,-0.037529553148539306,-0.009276708111667364,-0.013278651589798756,-0.011926605504587228,-0.008083842131425493,-0.0101,5.0,-3.0
2023-11-10,0.021052631578947427,0.012104250284023418,0.006642049603349566,0.010488191352901128,0.003295880149812717,0.006354118451827559,0.036552821642795844,0.01673832910781317,0.020107780128537835,0.01485608170844941,0.015616432640196274,-0.0061,-0.0045,-0.0037
2023-11-13,-0.0067567567567567485,-0.001292203519967955,-0.0020078127537446547,-0.0005973715651133818,-0.008660594295953387,-0.004305322787276811,0.0015667564205520499,-0.003097113957910955,-0.004093177307362367,-0.009149130832570873,-0.0008358322158781778,0.0006,-0.0026,-0.0017
2023-11-14,0.022512097622554232,0.02459756155309617,0.02529411010551367,0.11431560071727423,0.03449314655821669,0.02036982910682205,0.08685433092529857,0.05379390727588319,0.025882785621442913,0.043397968605724896,0.019075019849033654,0.0323,0.0119,-0.0024
2023-11-15,-0.017832647462277248,0.01948049300015355,-0.009437891421926277,0.021992758481963266,0.01630751310425146,0.005554676404543833,0.04895777581692727,-0.007758272905007774,0.01528524438466066,0.014601769911504348,0.0015970148543267373,0.0013,5.0,5.0
2023-11-16,-0.0025837988826813976,0.004090721209616258,-0.00933943273967372,0.013712111271486705,-0.011747851002865232,-0.001884492183142357,0.016472340396191228,-0.0021107112984803814,0.00102459944046903,-0.019188835586567872,0.0011904159380311875,-15.0,-3.0,-0.0037
2023-11-17,0.016453126093957812,-0.003865572107327724,0.025426162678431657,0.003300757232541708,0.0665410263844591,0.00821381669547318,-0.0013498846832181238,0.0033688514643494313,0.015332156526379408,0.011116051578479325,0.001282052362693596,0.0122,0.0062,0.0036
2023-11-20,0.006543601046976089,-0.0037765931210817505,-0.004922816921872511,0.02754483292478378,-0.017398396085360705,0.008427007996452601,-0.014875595193620436,0.005009078654709159,0.008088510395695768,0.011433597185576147,0.007390286263685023,-0.0011,-0.0028,-0.0031
2023-11-21,-0.015260384589064462,-0.010422660354282043,-0.012785795183280704,-0.004331722016447974,0.024069719186609415,0.0046425483173461405,-0.025394570815894506,-0.012849989679523362,0.006446282452326558,-0.0021739130434782917,-0.0020209439725938885,-0.0096,-0.0062,-0.0003
2023-11-22,0.019527449617790148,0.014682397484872128,0.009359835514440652,0.007061790668348074,-0.01647980548426312,0.01238414290417727,0.019016894473215085,0.002129715669233709,0.008968747667818251,0.004793028322440063,0.00406113459465409,0.0019,-0.0004,0.0001
2023-11-24,0.00020448503851135667,0.0060808946897784035,-0.0018731177239546823,-0.033433508640120235,0.006867188572998215,-0.013967766247878169,-0.0041447971340499035,0.0036220062660064223,0.0040913586907652165,0.0004336513443192352,0.0005968678407049224,0.0063,0.0018,0.0023
2023-11-27,0.006746626686656539,0.0116736826210086,-0.003659578989052185,0.0017489312087058573,0.04214977492838635,-0.0043512770499007924,0.014570653727368403,-0.009491915617070875,-0.005620209064266233,0.0004334633723449506,-0.0019541425712555917,-0.0014,-0.0008,-0.0025
2023-11-28,-0.004738374060786493,0.014834522408246523,0.022602309475986206,0.0023924991917232755,0.017408376963350763,0.008089859366199404,0.0006802767833215387,-0.002454674822443248,0.007488030771376156,-0.0017331022530328922,0.0009801051337958847,-3.0,0.0005,0.0003
2023-11-29,-0.004828946473508862,-0.00040640494188401704,0.014275395016741022,0.002644820023222788,-0.02058407307345952,-0.0028589453689862815,0.019144669981047628,0.010320542868353735,-0.01655019485659323,0.01258680555555552,-0.0009462357829444647,0.0058,0.0069,-0.0006
2023-11-30,-0.0015718972115909636,0.0060933898143200145,0.013893159593289848,0.015119346329537375,-0.003152502298699526,0.016373612511379986,0.01005956231134111,0.0032219753676083368,0.0037090900561201467,-0.008572653236176567,0.0037840670027980933,-4.0,0.0001,0.0018
2023-12-01,0.006434389759737133,0.007873046010558046,0.02032879308564765,0.015908226644695087,0.026222163657925877,-0.006007514203383742,0.04648153212949187,0.02498609390103349,0.006251478883731216,0.022049286640726397,0.00587374691859309,0.0223,0.0107,0.0057
2023-12-04,-0.014894919404203209,0.035954492688688944,0.008865547774849639,-0.004679019277559424,-0.008474576271186397,-0.013460185205798801,0.03743697291508628,-0.002827589011188447,0.004800281020382587,0.00930626057529606,-0.005408509616846323,0.0151,5.0,0.0077
2023-12-05,0.014084507042253466,-0.016917748215643926,0.0033062232578299497,-0.026012285320295887,0.006604506604506671,-0.015221518521607327,0.009173579109062994,0.0018389099224286728,-0.014473617682111915,-0.016764459346186027,-0.000568867672792563,-0.0105,-0.0085,-0.0041
2023-12-06,-0.016067538126361556,0.010816012798240345,-0.013441047364540867,-0.06499774760280581,-0.0077190274025473885,-0.017814070126461932,0.05939370323240566,0.022030328196706646,-0.00014365162428941515,-0.0008525149190110645,-0.0039062176701501828,0.0036,0.0032,0.0027
2023-12-07,0.01632991973429273,0.004767769089623136,0.014151621935828244,-0.0076398926285359305,0.010501750291715316,-0.0010549582530702756,0.02574167519166891,0.02043268678458027,0.004279380977792347,0.006825938566552906,0.007968189142521296,0.0009,0.0049,-0.0019
2023-12-08,0.00367647058823524,0.0008712559375846709,0.02348707399124144,0.008322929671244199,0.009109571465229767,0.003842478683077752,0.010040509421382116,0.015549606306304248,-0.001278781712253809,0.006779661016949158,0.004095503701617697,0.0016,0.0053,-0.0008
2023-12-11,-0.010378510378510387,-0.002031160860071372,0.006097002924295188,0.005021323428257107,0.03788938334392867,0.004784713195389266,-0.026504834441861993,0.0031778901617694403,0.019196054672141066,-0.0012626262626263104,0.003924489041400085,-0.0044,-0.0012,0.0064
2023-12-12,0.010898622249640165,-0.0058163602225518255,0.012457116124337241,-0.04250222435151603,0.02315325248070563,-0.005904590277812744,0.010775481363716649,0.006479303432520631,0.0051614550168942695,-0.012220817530552007,0.004599367533150602,-0.0064,-0.0089,-0.0022
2023-12-13,0.009221589368049999,0.015893079539751272,0.03990385561571006,0.04760543245175122,0.002753831417624569,0.0071853194656837,0.025250589124037427,0.031259103758324025,0.015683074065143486,0.02261092150170638,0.01365066590646819,0.0192,0.0135,0.0017
2023-12-14,-0.00954044611663542,0.027353680255678397,0.032856274165982975,0.07976255458515283,0.0008358208955223066,0.0017113697493777848,0.027916925564029662,0.062148484633401974,0.020497980684811175,0.04171881518564873,0.002647070807954426,0.0184,0.0203,0.0038
2023-12-15,0.017297517297517377,-0.0005604342890796492,0.0037148777547894194,0.06584518167456548,0.0041756144118349865,-0.005031985681978109,-0.00905112925140956,-0.0197218637839543,0.019951353605876267,-0.010012014417300761,-7.6257273522036e-05,-0.0059,-0.0057,-0.0035
2023-12-18,0.027338801093552006,-0.010376224261403744,0.002313701398380482,-0.016185450880417323,0.029701793988356897,-0.010021044900495662,-0.013436187556006554,-0.010058979595731996,-0.0035440461778690935,-0.005663430420711997,0.004528361954665013,-0.0051,-0.0036,-0.0024
2023-12-19,-0.0018173557473875586,0.0035894443924234195,0.01184747240459897,0.04049656502350246,0.0494980962270681,0.014845900409770506,0.019063565280673135,0.011036419426632282,-0.0061923110783045675,0.01830756712774625,0.005866395407580721,0.0151,0.0068,0.0005
2023-12-20,-0.010858963521685335,-0.024282645205433585,-0.02881679060732754,-0.0466813390478397,-0.011763412489006083,-0.035052502939702745,-0.034202995044055655,-0.005657875289721815,-0.018560488877198845,-0.12145425489412714,-0.014684262867934776,-0.0035,0.0015,0.0009
2023-12-21,0.011306863002892445,0.01823123547238648,0.014953974443587559,0.03304981773997569,0.03671153632217151,-0.0034455773605483616,0.061977750721350235,0.0062921600754017905,0.0017565931258193802,0.02773988176443852,0.010301467317218515,0.0074,-0.0002,-0.0017
2023-12-22,-0.002730109204368278,0.007295086802984562,0.0007709420737468224,0.002058339214302484,-0.006545766713166643,0.004049576507026178,-0.01354839047424606,-0.002594108766059198,0.01334887698933606,0.009734513274336233,0.0016600621477853071,0.0061,1.0,2.0
2023-12-26,-6.518055012378378e-05,0.01674001754683731,0.007630493094237232,0.009096777979928467,-0.011017498379779608,0.008362896239140823,-0.01690273893361497,0.005135512701607441,0.004258322743383086,0.007449605609114731,0.004231685835316035,0.0083,0.0043,-0.0016
2023-12-27,-0.0004562935923342232,0.005827493495943721,0.003213165712270028,0.0029079911597068744,-0.0018567059851463707,-0.004683616110566725,-0.0037625643738596775,0.006900405482845068,0.0017217143043947827,-0.0060896041757284485,0.0014304623278705963,0.0017,1.0,-0.0014
2023-12-28,0.0002608582235554457,0.00873559456742793,0.006633348192703046,0.004523312456506618,-0.015100120363278208,-0.0038227622747559497,0.0070116879527930475,0.0015158718117297167,0.0031750736997834188,0.008315098468271234,0.00037017052166490465,-0.0038,0.0002,0.0015
2023-12-29,-0.009388446994392997,-0.00337290598270792,-0.006817295847561977,-0.005426625101027582,-0.019886679257860307,-0.006593017933674613,-0.006962866505598834,0.0,-0.004086744714680022,-0.007378472222222142,-0.002826470928816088,-0.0114,-0.0036,-0.0006
2024-01-02,-0.013228906147163294,0.006221058591420262,0.007550185418360944,-0.0006965405154400078,0.031058716844252945,0.005448270229177157,-0.06742382781808622,-0.013818126974871803,-0.014961836632477509,-0.0017490161783997682,-0.005660578979532206,-0.0026,0.0079,0.0064
2024-01-03,-0.009737877676248969,-0.020091416000573094,-0.010521280192973301,-0.027532527881040946,-0.024186455584872348,-0.012118497997781702,-0.05436184676885181,-0.012876356933160344,-0.009811493859008117,-0.014892685063512916,-0.008016310767699741,-0.0193,-0.0014,-0.0018
2024-01-04,-0.026267932915740592,0.003525506865305503,-0.00726698635422325,-0.006630032254210879,0.0421360973411446,-0.013164317288827457,0.030580645161290436,-0.0017574558734022713,-0.0010856187608317169,-0.009782125389061756,-0.003428384920360528,0.0024,0.0009,0.0024
2024-01-05,0.004634433146572705,0.0038832327765995654,0.02042020652605847,0.003367205820455789,-0.02118918918918912,-0.009398950069546708,0.028486767187155225,0.006364585577901722,-0.010191880021903472,0.011674898967220546,0.0018256736725188467,-0.0059,0.0065,-0.0015
2024-01-08,0.026576700633434213,0.002485955056179803,0.00974189004948283,-0.004434589800443514,0.06273470289374854,0.01163099182109955,0.0011535897510216984,0.02455722434310856,0.011668604848087854,0.03106968486462491,0.014114628415212783,0.0055,-0.0131,-0.0049
2024-01-09,0.01522468142186459,0.002204258141044507,-0.005833543103786747,0.004695118280864391,-0.02296819787985859,-0.025111694591647235,0.0017254956457292017,-0.0034142971762331927,-0.0071913240964460905,-0.0051657339647008605,-0.0014778924917183364,-0.0075,-9.0,-0.0018
2024-01-10,0.015590936116799797,-0.0073321435394659434,-0.030015617970654863,-0.027439937690971087,0.02872034889905317,-0.01820571617278633,0.023017074947110392,0.018186562630430256,0.0025966690132237596,0.007356122890523657,0.005665972879217959,-0.0029,-0.0044,-0.0018
2024-01-11,0.009432121251545028,0.005724559274654533,-0.0046531603412476846,-0.012566993162077374,0.01778513080343308,0.004319235858345086,-0.014063418162093694,0.002976732481482343,0.02085829728013851,0.019329896907216464,-0.0006710637439060276,-0.0066,-0.0051,-0.0013
2024-01-12,-0.0036087124629462703,-0.007344258316258232,-0.004986895164524292,0.0009358038555119202,-0.016661586914558574,-0.004510259259505709,-0.032510960199432615,-0.006839700503123047,0.041266481057423504,0.0193847450484619,0.0007509873667017701,-0.0021,-5.0,-0.0028
2024-01-16,-0.009442504203854663,-0.004439862607587667,-0.001409744891790544,-0.07068062827225133,0.021696456245479844,-0.0009491397028925409,0.004122685431993322,-0.006041826083430209,-0.02270093385244791,-0.0248036378668872,-0.003731340709612694,-0.0087,-0.0064,-0.0027
2024-01-17,-0.00946722381822923,-0.014492428491306653,-0.01129226629084972,-0.012340710932260251,0.00586510263929617,-0.003164574605571116,-0.00998124093016671,-0.006732691544940627,-0.0065618621442340075,-0.05002119542178888,-0.0056168930629166575,-0.0016,-0.0024,-0.0023
2024-01-18,0.011798826708852362,0.0033930349331636055,-0.009200668456728772,0.0012902349585766518,-0.024530009047954136,-0.00423282790713282,0.02491270720865674,0.003751446943388849,-0.0005282534095432219,0.017849174475680435,0.008805243911960067,-0.0027,-0.0034,-0.0024
2024-01-19,0.01198697068403911,0.012401445760690097,0.024495711664322562,-0.01037639877924721,0.042048850870864664,-0.015090189523254251,0.002895231008040232,0.018159825788039367,0.016125000000000073,0.00832967996492772,0.012313520192964438,-0.0037,0.0065,-0.0027
2024-01-22,-0.003604995493755647,0.002413108628809394,0.013283254381238101,0.027343750000000066,0.03520917812283654,-0.042296075953409736,-0.03981913567722663,0.015453982988363141,0.005073087764150946,0.012608695652173875,0.002194321632578124,0.0183,0.0058,0.0009
2024-01-23,0.008011370978162612,-0.11034985851526327,0.0006167224653658585,0.01033953705556675,-0.019680901882105688,0.015998046840108845,-0.023436933999855174,-0.09239053909459405,-0.002071409755980882,-0.008158007728638804,0.0029213697374719195,-0.0069,-0.0058,0.0021
2024-01-24,0.005448019484681414,-0.029760873504054344,0.01025016201792238,-0.017100224481711366,-0.004093168307182552,-0.011864990892019357,-0.010460328647205017,-0.027387584218894846,-0.00207437625399101,-0.01471861471861471,0.0008119269660007862,-0.0076,0.0002,-4.0
2024-01-25,0.005609740549499556,0.029386988430040496,0.011137065841698868,0.002418217236514981,0.0026421371954202565,-0.007405904794442608,0.02425310192300491,0.016952753104170108,0.01754327372022399,0.018892794376098403,0.005260375481832492,2.0,0.0056,0.0052
2024-01-26,0.008684627575277366,0.00010328622333928515,0.04654872108274065,-0.009381491657173339,0.013078274448565328,-0.001695881481906326,-0.038860830527497205,-0.007557692821998691,-0.013026450705741602,0.001724881414402723,-0.0006517972174267015,0.0032,-0.0022,0.0002
2024-01-29,0.013448969331322187,0.004063495930545849,-0.00173033872938831,0.009943854427382796,0.012138728323699471,0.008040090313343221,0.045483680579794725,-0.002135415339011846,0.007634095501350762,-0.003013344812742156,0.007556782905771955,0.0088,-0.0057,-3.0
2024-01-30,-0.014014634751333195,-0.00653673202959133,0.0009387675312793532,-0.001808439383791093,0.005996573386636165,0.014492357754474241,-0.004831856258346439,0.021826096286191577,-0.0034666758196060183,-0.01813471502590681,-0.0006006578583438614,-0.0096,0.0085,0.0013
2024-01-31,-0.02389937106918246,-0.01462223891750839,-0.02373530049515691,-0.018318459370596455,-0.035859589365124345,-0.024473416503459768,0.006679109939979541,-0.002443559210775288,-0.006185154569251415,-0.04133685136323649,-0.016105742122053734,-0.0089,-0.0031,0.0035
2024-02-01,0.026288659793814517,0.016535171083454543,-0.005616571624599309,0.010868079289131749,0.04592737978410199,0.026222599291754554,0.013269590823986913,0.03092899398962903,0.00985466600373499,-0.006880733944954226,0.012493680156298531,0.0033,-0.0135,-0.0029
2024-02-02,0.07866649924660975,-0.010843696000169534,0.014269137005592408,-0.04104401920346199,0.027115781572527684,0.0007752762871866387,-0.021431689479695485,-0.0029865653179199252,0.00012803657886254884,0.0009237875288685048,0.010684462091449022,-0.0157,-0.0051,-14.0
2024-02-05,-0.008730574471800244,-0.022557468762099016,-0.00908555444356543,-0.014243407135805823,-0.027587466885904778,-0.01624832620974423,-0.037104708362614126,-0.009277726420621487,-0.0038511639938602436,-0.019843101061375323,-0.003186336557751939,-0.0094,-0.0066,-0.0015
2024-02-06,-0.006811109153895817,0.011107288678487596,-0.006581150525456952,0.009370529327610889,-0.022263973696571203,0.011572138499838461,0.008846693278670737,-0.015148755803659505,0.014691795568215578,0.005178907721280743,0.0023104063819890373,0.0077,-0.0049,0.0059
2024-02-07,0.008158439255098997,0.0008539883288262051,-0.0028285617315211213,0.030827014385940002,-0.001152959262106116,-0.023102600862531592,-0.015657337686438004,0.011256451611751553,-0.009271881169502642,0.0009367681498828839,0.008241462346318224,-0.0102,-0.0062,-0.0081
2024-02-08,-0.004046208878203236,-0.006820659718695268,0.010525021800678424,-0.01574315963151396,0.032320123124278566,-0.01648671939884837,-0.0019044210687764304,-0.00041443534067352834,0.0038457331208822114,0.03182030884417406,0.0005705837253090441,14.0,0.0003,-2.0
2024-02-09,0.02714319359397071,-0.0032182886068492845,0.0028937156342758214,0.058182580149472744,0.025997018263138338,0.023583441486228537,-0.024222051479062697,0.0022821052155744138,-0.015325313352965315,0.0027210884353740914,0.005742340068455035,0.0084,-0.0043,-0.0043
2024-02-12,-0.01209515620521631,0.018622366266319686,0.01708931292501533,0.03775577557755775,0.043865225683407484,0.02416951613211332,0.011758761655413268,0.023256043393052678,-0.007393254471952358,0.017186793306196248,-0.0009489696027536647,0.0165,11.0,0.0044
2024-02-13,-0.02146918881281198,-0.020818979237429844,-0.028731853919016885,-0.031039307976084438,0.016617365582042777,-0.02260709606121494,-0.02388626944853403,-0.03985730322376253,-0.013458022762716107,-0.03245887060915949,-0.01367425141678153,-0.0252,-0.0066,-0.0005
2024-02-14,0.013875711574952583,-0.0025896359696047032,0.011832870961924372,0.03872915846133652,0.020539152759948703,0.01004251969443068,0.009919870304173935,0.021985344538200894,0.01642330797174455,-0.01286764705882358,0.009579764263689042,0.0137,-2.0,-0.0018
2024-02-15,-0.006901391975669543,0.016169489474292125,0.009251534337921372,0.009732052578361931,0.004612159329140437,0.02025612412986861,-0.0032763373443245943,-0.0008246730960755163,0.016680374973543376,0.03212290502793302,0.005821258047576833,0.0123,0.0103,0.0026
2024-02-16,-0.0017078916372203796,-0.012231199166362226,0.00638018700185332,-0.017555388659406725,0.009181969949916598,0.011251040209072033,-0.027590576959888004,-0.028270648594580592,-0.009264017244695914,-0.020297699594046134,-0.004803478516739338,-0.0064,-0.0021,0.0017
2024-02-20,-0.014335437437319206,0.006246129564373904,0.001166392367821192,-0.02372989329511065,-0.03730355665839541,-0.00010872924129883062,-0.0027015836167281915,0.015572671382153036,-0.0033766575744720107,-0.04051565377532224,-0.006005310324510987,-0.0074,0.0041,0.0059
2024-02-21,0.009037586784773706,-0.0011981738740909041,-0.017323346763787554,-0.021011419249592163,0.00738895094080247,0.015163082980878661,-0.003389530570434813,0.00362438502186604,0.00951176159746355,-0.02303262955854129,0.0012641920632936877,-0.0064,0.0012,0.0019
2024-02-22,0.035529983984815286,0.005669526194465068,-0.003332807087319366,-0.03532626807971746,0.033859275053304896,0.012572134737203023,0.03399009731944682,0.007917618189812901,0.02568749372121665,0.043222003929273035,0.02112288815781005,-0.0155,-0.0132,-0.0119
2024-02-23,0.0023484935273226978,0.0037954265110541952,0.007134170070146112,-0.012713328266427164,0.013199142055766328,-0.006155682648279847,0.0013143815801640538,0.006683159956768314,0.0045312256346745055,0.0037664783427496166,0.0003479437057749351,0.0033,-0.0004,-0.0011
2024-02-26,-0.0014857991885251689,-0.008208985456362346,-0.007600086201355771,0.01182727972566328,0.02760136785539815,-0.004804460260122032,-0.029544659995646507,-0.0016425732622622304,-0.003884715798656833,0.012664165103189474,-0.0037867475155928766,0.0097,-1.0,0.0
2024-02-27,-0.006810507640359399,0.005227033525721894,0.017324299736215236,0.002835800248997071,-0.003407020045955096,-0.0008590252821386167,0.07645355555253466,-0.002879582618046864,-0.004653307351401337,0.01157943492357573,0.0017063515436874512,0.0124,-0.0044,0.0068
2024-02-28,-0.0021896968998501524,-0.009100759864009994,0.005847191108854191,0.029381336643906412,0.0017490857051995457,0.006658380781855545,-0.027656753172949463,0.0037129121293847235,-0.008339544320569672,-0.012362637362637343,-0.00165815305254429,-0.0089,-0.0001,0.0052
2024-02-29,0.020790020790020756,0.007217344591297438,-7.297215591010624e-05,0.031088777219430395,0.013968253968254008,0.006720679858780576,0.025209429183713307,0.023701877640333227,0.006880407735598141,0.013444598980064865,0.005229084028793756,-0.0016,0.0099,-0.0072
2024-03-01,0.008259787282190586,-0.0028228230673502867,-0.006104045037531362,0.02703229579569839,0.028256105197244828,-0.013351627702181325,0.008829938177764276,0.023621880443272538,-0.005187571599633014,-0.007776761207685186,0.008007837104391975,0.0001,-0.0056,-0.0016
2024-03-04,-0.003591067220289453,-0.004572853310759387,-0.005702477666981591,-0.008541600759253544,0.045139681814721826,-0.032434485292294694,0.004370047593334386,-0.0032684516311217494,0.005977992546072487,-0.044260027662517326,-0.001193265411609974,-0.0061,0.0035,0.0024
2024-03-05,-0.019484176145962425,0.013670836232979966,0.011544965156374225,0.015060625398851396,0.019300801165331224,0.014985260494981896,-0.011196409147172456,-0.008854293294111724,-0.0164392324646028,-0.025566811384467012,-0.010193102244492623,0.0005,0.0113,0.0056
2024-03-06,-0.0035033310360671585,-0.0018343426713965266,-0.013230849684108793,-0.004023638878410755,-0.0354412290103607,0.004811559677454437,0.007548792130036518,0.005028918647341018,-0.014013689810846866,0.008910891089108898,0.005141110435669029,-0.0027,-0.0002,-0.0003
2024-03-07,0.019076710276064793,0.0010810080399972744,0.014071077854075706,0.012182805201363509,-0.05341136380472633,0.0066386032552340594,-0.021861763875380403,0.02251757063047193,0.010041407452807516,0.002453385672227709,0.010304128315694808,-0.0048,0.0005,-0.0073
2024-03-08,-0.008313539192399045,0.013819261658905428,-0.003051506360220635,0.006236357966947303,-0.0715291907966818,-0.003134611304794789,0.04534228032922535,-0.011075288685425158,-0.008907761439096584,0.02104747919725892,-0.00652853410521148,6.0,6.0,0.0057
2024-03-11,-0.01933276304533782,0.0015976822955499827,0.008963001018539803,0.005020142547257529,-0.017700606877950054,0.017461300168660952,-0.008554823901956958,-0.005664492363341382,0.002474385772081598,0.006711409395973182,-0.001122238096415632,-0.0063,4.0,0.0064
2024-03-12,0.019946499185857048,0.04965518524820264,0.013072325938534987,-0.01714356191415886,0.034494594130770516,-0.001492121620215998,0.0006189842468510144,0.012506929533084792,0.0016885418662579868,0.00476190476190483,0.011201792346174312,-0.0116,-0.0068,-0.0077
2024-03-13,0.006642339928160218,0.05419284410803371,0.002423953747631107,-0.008407579370059001,0.04487392169873919,0.011743092545606414,0.025245120781911937,0.003751368787290865,-0.0009072734639117407,-0.017061611374407724,-0.0019245179478560041,0.0035,-0.0004,0.0017
2024-03-14,0.012432386508453417,-0.009128629708470101,-0.008391902961470844,-0.05473297899266012,-0.004842422799079141,-0.00590913419060263,-0.02703094077327801,-0.03144307715387734,-0.008699386535694903,-0.011089681774348934,-0.0028710957740949823,-0.0146,-0.0107,-1.0
2024-03-15,-0.024223776223776295,0.018231480886526652,-0.027827325503200204,-0.013186960305241309,0.004227823867262294,0.014329931468935003,0.0037083891452102708,0.0091134077487403,-0.013358745350928732,0.0063383715260847875,-0.006482929746353704,0.0095,8.0,0.0042
2024-03-18,0.0003439972480220289,-0.0019050453936597302,0.005311548876682177,0.013973680640347324,0.0391611724521407,0.011824878912756735,-0.004306350167434909,-0.001186194899496536,-0.0031864321068378297,0.0029069767441859845,0.0063180638338612176,-0.0104,-0.0022,-0.0011
2024-03-19,0.008138468592388905,0.0049625719483462685,0.004256266336994042,-0.013379716350013381,0.0019874636905673395,0.011067027247589775,-0.006794616429941026,0.0302286238086892,-0.005860011591831126,0.007729468599033823,0.00564916059768207,0.0045,-0.0024,0.0008
2024-03-20,0.012791358726549176,0.026491064592520534,0.035951549424020374,0.02400325467860063,0.0302105584375952,-0.0035806516013112324,0.04788769351876152,0.015952801062996694,0.006698418882325602,0.017257909875359512,0.00890416389672571,0.0104,0.0101,-0.0006
2024-03-21,0.0,-0.0022202897478121736,0.00994596219956114,0.010991921599788084,0.017624407582938355,0.027718352582787736,0.010087821281010214,0.017782294079501992,-0.0341985743894279,-0.009425070688030127,0.0032365415429918354,0.0034,0.0097,0.0005
2024-03-22,0.004041538029750204,-0.01010509577762527,-0.01410785293250396,0.004126277181032195,-0.01782855479551731,-0.00889033299443428,0.003523807837373578,0.002602329505658519,-0.009368421646697652,-0.02711703139866795,-0.0014021860564449073,-0.0099,-0.0052,-0.0036
2024-03-25,0.004696148040476343,-0.01816855615123526,-0.004321521802886777,0.00952318831126481,-0.10224494332073793,0.007255802738613393,0.0017586580086580892,-0.012606176875212842,0.001529644336328033,0.008312958435207908,-0.0030549769761460408,-0.0011,0.0087,-0.0017
2024-03-26,-0.007845974069333907,-0.021079305266546913,0.00199187646866239,-0.01040253279059258,0.006602294297268278,-0.0008000428369393011,-0.004679564336670437,-0.0031924194896731256,0.005415259997895238,0.0009699321047526466,-0.0027997831201965603,0.0011,-0.0016,0.0021
2024-03-27,0.008581043185642182,0.019098131603887247,0.02613106425584471,0.09330112300861838,-0.005001229810609162,0.025635529328445192,0.00939723215233791,0.017455209473413526,0.016851342138539158,0.020348837209302237,0.008630615679385825,0.0129,0.0092,0.0058
2024-03-28,0.003058444086081204,0.014150199140325857,0.030308853614519824,0.008062108091967888,0.0327125906394199,0.000976350396072414,-0.04944743470612642,0.015427195497056229,-0.00448311355922771,0.007122507122507224,0.0011164925105508381,0.0047,0.0046,0.0007
2024-04-01,0.003270872602284086,0.0636749588064599,-0.024111518785483836,0.018187203791469153,0.051942870821032515,-0.0022435179015738477,-0.004893944051644588,-0.016226105498853734,-0.02101168511255459,-0.008486562942008473,-0.002013588702435192,-0.0091,-0.0027,-0.0031
2024-04-02,-0.0015472177709012606,-0.012550168539699315,-0.006125151982757773,-0.027346250072729488,-0.0033373786407766815,0.01573993814401269,-0.04797533579645867,-0.038485170400351355,-0.0009762238121539423,0.0014265335235376883,-0.007239047479199267,-0.0103,0.0004,0.0002
2024-04-03,0.00951906580330953,0.0037693630124380584,-0.007894331621534825,-0.0026320512053597997,-0.005098934550989466,-0.001443158831293797,-0.009040229996949728,0.013941074700777632,0.0022329368906032596,0.0033238366571700043,0.0010911077989572639,0.0033,-0.0004,-0.0019
2024-04-04,-0.013211994956416845,-0.028436283875410685,-0.007957147986501694,0.028369219696515437,-0.05943547770213414,0.016674420486265534,-0.018251951590087533,-0.010708207965317532,-0.0032015371939939025,-0.010884997633696188,-0.012334322340278054,2.0,0.0018,1.0
2024-04-05,0.028166666666666628,0.005411625271127772,0.009780178501776024,0.018313309226641702,-0.017648015614833992,0.013083351653872177,0.003982415999039379,0.015307727576867415,-0.006703923396806877,-0.02105263157894726,0.011099178001286077,-5.0,-0.0069,-0.0059
2024-04-08,0.0006484033068568896,0.009887176998665545,0.002786754384336458,0.026460481099656385,-0.011341998509810452,-0.003182446172865462,0.03571286194570326,-0.011229107681802212,-0.0009832940783526698,0.02003910068426198,-0.00037462965043138054,0.0054,0.0014,1.0
2024-04-09,0.002591932609752091,0.007396897314927361,-0.0027790099661292324,0.030576944537439962,-0.027633562217384,0.005070146716077742,-0.010212918829106833,0.010399550712305907,0.007035382990282845,0.05845711547676084,0.001445508671101123,0.0031,-0.0033,0.0005
2024-04-10,0.0015080519200732544,0.00021599146833713677,-0.02494441485297951,0.003194369247428281,-0.0154150878401654,0.005417007659474388,-0.035485355404468316,-0.0639010185474157,-0.022217992767632828,-0.04210049796287912,-0.009456996015017809,-0.0156,-0.0104,-0.0045
2024-04-11,0.016671148158107142,0.005937358005029583,0.002858046686555071,-0.004587403529602215,0.018717746873086683,-0.015979224668366772,0.0013372397758276496,0.016458915395085573,0.008574853243999278,0.002362948960302491,0.007444812902182439,0.0005,-0.0062,-0.0054
2024-04-12,-0.015445649299127298,-0.02006831433538871,-0.0051302608722318946,-0.01062676209065283,-0.03983858504335881,-0.02029838326200672,-0.04074812264701742,0.006768634413775927,-0.018563824847345173,-0.04290429042904291,-0.014550687729114622,-0.0038,0.0013,-0.0022
2024-04-15,-0.013485198517165373,-0.00010953327415484625,-0.0031515711984265284,-0.035729943007452775,0.009031565769471565,0.0015420395368825868,-0.020889737723956067,-0.0174015123672439,-0.012128461446337186,-0.009359605911330112,-0.012021368111419234,-0.0024,0.0075,0.0042
2024-04-16,-0.0016338089532731258,-0.0027386318251841056,-0.019902061624163185,-0.01636735621732209,0.02702942219071249,0.00019283677023644783,-0.011382230002500804,-0.020258726398614597,-0.0071616727033256035,-0.006464445549477823,-0.0020564935954456446,-0.0028,-0.0082,-0.0026
2024-04-17,-0.011128082042330309,-0.0009886149093197277,0.0026390318291428525,0.02848393806332319,-0.020795582017430293,0.01414099201951018,0.015828045272545888,-0.002122790420593506,-0.005740516013295952,-0.009509509509509573,-0.005780603602534639,-0.0037,0.0055,0.0054
2024-04-18,-0.011363636363636376,0.005717649807693651,0.03553428042464026,-0.02089770237627099,-0.036658442016214404,0.01033966207977699,0.0042475382776482155,0.000960651140694428,-0.0060708334660002205,-0.010611419909045015,-0.002208171303071744,-1.0,0.0086,0.0029
2024-04-19,-0.025610980917308356,0.008634768209657938,0.009037630868744154,0.00430317287279821,0.009513355287230208,0.028260314877007642,-0.00422957300441386,-0.025294568954896318,0.004617546064865334,0.02860061287027591,-0.008758540830023318,0.0125,19.0,13.0
2024-04-22,0.014888621657218087,0.0037937809091524795,0.03036854268711977,0.007084095063985427,0.040594418267488254,0.002100121772571765,0.011333883544880187,0.006188621898686818,0.011269872602760479,0.013902681231380394,0.008731244576957398,-0.0012,0.0055,0.0
2024-04-23,0.013033910737459811,0.0041022699151875,0.004414201438738748,0.021670070342636676,0.04240682688958543,-0.0011845792449095304,0.035710014421893144,0.03466853579308087,-0.006304880539105551,0.03623898139079326,0.011964574862001085,0.0058,-0.0001,-0.0063
2024-04-24,-0.016430878912777034,-0.010536963951843222,0.006558599206261151,-0.01454747362576349,-0.03859326706206658,-0.034939150111706584,0.014875595193620557,-0.012903029976917606,-0.003688464519872575,-0.006143667296786342,0.00021301437567975952,-3.0,0.0028,-0.0002
2024-04-25,-0.016535477660116746,-0.006628844701622693,-0.019480135080625623,-0.013860716700473178,0.003127986792944647,-0.016352889949523865,0.011324467408691462,-0.013139484987539111,-0.011256506388090079,-0.031383737517831675,-0.004576438040165359,-0.0039,-2.0,-0.0009
2024-04-26,0.03426037887948418,0.004594224338561566,0.0016441295029280324,0.02119757741972334,0.05742745777392807,-0.01278090255860069,-0.006584912278379701,0.0078359749503746,0.002696608531590743,-0.014236622484045296,0.010209154749588117,0.0022,-0.0109,-0.0045
2024-04-29,0.007460193742344969,0.003594130947532276,-0.0048556073574226415,0.011749566385050203,0.027113368283093072,0.007300015627569563,0.0033176113198497867,0.004403636460732658,-0.006125246294868356,0.009960159362549943,0.003178436693621094,0.0034,-0.0049,-0.0012
2024-04-30,-0.032935455349248494,0.04719959756049318,-0.014226594435006875,-0.025051153016645473,-0.03086370523965232,-0.016621610933434488,-0.020490551505252128,-0.023839922653348382,-0.012775441599300556,-0.03895463510848139,-0.0157305174716734,-0.0027,-0.0026,0.0063
2024-05-01,0.022857142857142857,0.019998747784333866,-0.012480031092910127,0.007260351673284181,-0.009134298880842655,-0.007959422310305098,-0.023617136659435996,0.002038941269891384,-0.004721040749379542,-0.025141097998973756,-0.00343543791288671,0.01,-0.0003,-0.0002
2024-05-02,0.03195530726256983,-0.016558646352356467,0.0012002535074315407,0.01649960581146513,0.037289261689228546,0.004061013954213649,-0.0006942708767253716,0.020915806796993452,0.013768179511119211,-0.005263157894736917,0.00912844539526742,7.0,0.0002,-0.0077
2024-05-03,0.008066262451277659,0.0035125554486580045,0.004230897911432213,0.06116004653481813,0.030904723779023098,-0.0020714671701957815,-0.0013825589150733527,0.02076121900966856,-0.0003013235055514273,0.01375661375661384,0.012556731070781866,-0.0004,-0.0022,-0.0055
2024-05-06,0.013371999355566192,-0.005765135088182243,0.006460284862728071,0.011798486034977764,0.004815159987573816,0.010974282688144306,0.011082741395743615,0.018723370961719957,0.0025658860808410395,0.02870563674321507,0.010326124899810683,-0.0002,-0.0005,-0.0069
2024-05-07,0.0003179650238473889,-0.010870151414155023,-0.005372131264745964,0.00443733553480205,-0.007420003091668017,0.020437941224757818,-0.032876900846349706,0.0009256658023077895,0.018669154037094637,-0.0005073566717403127,0.0013434373721345912,0.0004,-0.0065,2.0
2024-05-08,-0.0040262767535494326,0.008478291212673591,0.0018933485529614195,-0.020290748446088195,0.0014016508332036041,0.009678444369810149,0.012749729637429676,-0.024174957310001764,0.0008869125906777076,0.010152284263959355,-5.840738445207793e-06,-0.0041,0.0059,0.0016
2024-05-09,0.007978723404255319,0.010170594805708805,-0.002380508243532274,0.015153104026845715,0.029004665629860173,0.0002848313370241628,0.01818130725566227,0.01191341666471244,-0.013585259449119471,-0.014070351758793849,0.005090956153551763,0.0051,0.0039,0.0008
2024-05-10,-0.010659630606860213,0.016439224215904182,0.004722035638927506,-0.013222457517690214,-0.019798987380034792,0.00607234846259762,-0.008928325007589794,0.0031436895136278185,0.0026934592018345565,-0.010703363914373131,0.0016493992871340155,-0.0091,0.0001,-0.0006
2024-05-13,-0.004853851077448243,0.007075707649746763,-0.0025252886759984023,-0.007903690133473014,0.020892760774034225,0.01490171085653658,0.009008758128071987,-0.020737552643988626,0.01328893495882764,0.006182380216383359,-0.00024131287992703739,0.0025,-0.0026,0.0024
2024-05-14,0.0026799592646191777,0.004516336821059356,0.006188555764455843,-0.013559143188772783,0.02937622715601884,-0.0387510652861987,-0.0027461154196450482,0.007762502263802882,-0.0013262519426045952,0.013824884792626705,0.004837821987846623,0.0051,0.0004,-0.0002
2024-05-15,-0.005773239963649886,0.011591411841249207,0.008876279807497695,0.02652832005134518,0.010050619910498163,-0.01643428467090341,0.02341317613848645,0.06472975447999313,0.015933137027093702,-0.0035353535353535494,0.011715922765790178,-0.0047,-0.0021,-0.0038
2024-05-16,-0.012688854239475314,0.03575677121923107,-0.022860717795010674,0.01401552649403427,-0.014453805926786818,0.02447390893601914,0.0026906799713354436,-0.041947003148046155,0.02134772476826811,0.007602635580334444,-0.0020816669099719067,-0.0022,-0.0001,0.0039
2024-05-17,0.005826934596743415,0.003814181123429812,0.005387510842663953,0.015260507655944913,0.028889380204878884,-0.004442614468043964,0.006715391461474189,0.0035106524440579466,-0.01813503942969622,-0.16901408450704222,0.0011647693801370264,-0.0023,0.0041,-1.0
2024-05-20,-0.006280454791553853,-0.00047508477293918934,-0.00839091096179225,-0.006326231084569057,0.037461499892557766,-0.007857048237422413,0.07265993356193749,-0.011287475818797712,0.011925787847915722,-0.018765133171912755,0.000916396864575907,0.0016,-0.0088,-0.0066
2024-05-21,-0.0021248774109185265,-0.019674887559339473,-0.0014222924015479617,0.08031985331567694,-0.0027616680475007296,0.010070824980048972,0.0068368703991606595,-0.0027369003973709755,-0.011354393965816638,-0.01850709438618141,0.0025018792399937977,-0.0043,0.0019,-0.0031
2024-05-22,-0.00010920010920016506,-0.01599802827685347,-0.007050375082570527,0.18688416387723344,-0.017723622265300488,-0.0017426278868896874,-0.033946023713846175,-0.03206588770765574,0.003779844092548514,0.03142677561282212,-0.00270612477872885,-4.0,-0.0038,-0.0005
2024-05-23,-0.011358051657292548,-0.01269915896686268,-0.01391398534098843,-0.007706057596822235,0.028192839018889203,-0.007368809416711725,-0.05559050467961647,-0.01224131940406638,-0.008399526862094626,-0.028641072516758112,-0.007380804158303999,-0.0067,-0.0064,-0.0064
2024-05-24,-0.001657000828500477,0.0016074228416241632,0.0009455366439979902,0.10780192946639448,0.029407732382780313,0.013675962179803807,0.02368102663095945,0.012602799543921796,-0.0021906408555263375,-0.01944792973651184,0.007001048133620163,0.0013,0.0023,-0.0034
2024-05-28,0.007745504840940557,-0.009932173057319697,-0.0072664880692421404,0.012358170123581758,0.014783245654924412,0.025536317928162796,0.03436782067115519,-0.012238783463937138,-0.02136944757037822,-0.030070377479206694,0.0002487972881209105,1.0,-0.0083,-0.0107
2024-05-29,-0.0007136975020587178,-0.011349744067203025,-0.00710008611823375,-0.007031696173615174,0.2431918104862524,-0.0023489883579121866,-0.02748071022326075,-0.01029028226404754,-0.011069018947574005,-0.004617414248021127,-0.007367038318595363,-0.0038,-0.0066,-0.0004
2024-05-30,-0.01483353477639829,0.006559265107785083,0.003907169739218538,-0.005068478378087009,-0.0579572446555819,-0.009700854323213217,-0.0013135226830185813,0.029070559463392542,-0.020265372906918946,0.003313452617627615,-0.0059750327618439715,0.0164,0.0042,7.0
2024-05-31,-0.01606067365603388,0.019756070321537957,0.010647823790130661,-0.0181371486379073,-0.031377822603238605,0.023301906528638592,-0.007891501764682595,0.015877118332440224,0.021148896986486726,0.027080581241743732,0.008027879010138565,-1.0,0.0095,0.0091
