Date,SSD ALL,SP500,Risk free rate,HML,CMA,SMB
2024-01-02,1.0,1.0,1.0,1.0,1.0,1.0
2024-01-03,0.9977699208333197,0.9919836892323003,1.0001520991941684,0.9986,0.9982,0.9807
2024-01-04,0.9965287007536403,0.9885827873108927,1.0003074292040883,0.9994987399999999,1.00059568,0.9830536799999999
2024-01-05,0.9989637741653113,0.9903876168787915,1.000464729902113,1.0059954818099999,0.99909478648,0.9772536632879999
2024-01-08,1.00765777509228,1.0043665700780637,1.0006205284592433,0.9928169409982889,0.994199222026248,0.982628558436084
2024-01-09,1.0081276144469336,1.0028822242652125,1.0007770003734513,0.9838815885293043,0.9924096634266008,0.9752588442478134
2024-01-10,1.0106442870571775,1.0085645277489488,1.0009339167680553,0.9795525095397754,0.9906233260324329,0.9724305935994947
2024-01-11,1.0161817588019177,1.0078877166609868,1.0010888333471344,0.9745567917411225,0.9893355157085907,0.9660125516817379
2024-01-12,1.024321008051216,1.008644627603253,1.0012427420402086,0.9696840077824169,0.9865653762646066,0.9639839253232063
2024-01-16,1.0251434238774395,1.004881030842745,1.0014011063760382,0.9634780301326095,0.9839016497486921,0.9555972651728943
2024-01-17,1.0241034758720091,0.9992367215515477,1.0015610231298784,0.9611656828602912,0.9816386759542701,0.9540683095486177
2024-01-18,1.0295195457411757,1.0080352446105965,1.0017224161129985,0.9578977195385663,0.9792827431319799,0.9514923251128363
2024-01-19,1.033191252096712,1.020447706950329,1.0018839114531062,0.964124054715567,0.9766386797255235,0.9479718035099188
2024-01-22,1.0349771554590916,1.022686897428605,1.0020434469370743,0.9697159742329172,0.9775176545372765,0.9653196875141503
2024-01-23,1.0415538565172655,1.025674543981662,1.0022048412828408,0.9640916215823663,0.9795704416118047,0.9586589816703026
2024-01-24,1.0422172118517654,1.0265073168022611,1.0023676363862941,0.9642844399066828,0.9756521598453575,0.9513731734096083
2024-01-25,1.0522419453783272,1.0319071307234895,1.0025287009231354,0.9696844327701603,0.9807255510765535,0.9532759197564274
2024-01-26,1.050515393723328,1.0312345365270412,1.0026908610890786,0.9675511270180659,0.9809216961867687,0.9563264026996481
2024-01-29,1.0535055324550506,1.0390273520445104,1.0028504103749303,0.9620360855940628,0.9779789310982084,0.9647420750434049
2024-01-30,1.0601471431250613,1.0384032521004707,1.0030087612553062,0.9702133923216123,0.9792503037086362,0.9554805511229881
2024-01-31,1.0679974270849666,1.0216789971034386,1.003163616089134,0.9672057308054153,0.9826776797716165,0.9469767742179935
2024-02-01,1.0844671255036706,1.0344435277156567,1.00331451015932,0.9541484534395422,0.9798279145002787,0.950101797572913
2024-02-02,1.0831365261388064,1.0454960003732794,1.0034719392531737,0.9492822963270006,0.9661103236972748,0.9351851993510183
2024-02-05,1.083466628789393,1.0421646982463066,1.003634404930604,0.9430170331712423,0.9646611582117289,0.9263944584771188
2024-02-06,1.0800589591790857,1.0445725222162185,1.0037940660864462,0.9383962497087032,0.9703526590451782,0.9335276958073926
2024-02-07,1.0839842340601606,1.0531813273260622,1.0039545180489609,0.9325781929605093,0.9624928025069123,0.9240057133101572
2024-02-08,1.0796516810606773,1.0537822554512337,1.0041172913693783,0.9328579664183974,0.9605678169018984,0.9369417932964994
2024-02-09,1.0797609573883657,1.0598334315201383,1.004280741397839,0.9288466771627982,0.9564373752892202,0.9448121043601899
2024-02-12,1.0774829443149978,1.0588276818096436,1.0044436441354077,0.939063990611589,0.9606456997404927,0.960401504082133
2024-02-13,1.075239298062058,1.0443490058815306,1.0046120802094434,0.9328661682735524,0.9601653768906225,0.9361993861792632
2024-02-14,1.0851085921279668,1.0543536231668935,1.0047786711850577,0.9310004359370053,0.9584370792122194,0.9490253177699192
2024-02-15,1.0926227963190005,1.0604912876807457,1.004944256989268,0.9405897404271565,0.9609290156181711,0.9606983291784892
2024-02-16,1.088590381333876,1.055397240563182,1.0051119739918928,0.9386145019722595,0.9625625949447221,0.9545498598717469
2024-02-20,1.0830975737368502,1.0490592526179674,1.0052789539271079,0.9424628214303458,0.9682417142548959,0.947486190908696
2024-02-21,1.0821831173109877,1.0503854649990518,1.0054478742915947,0.9435937768160623,0.9700813735119802,0.9414222792868804
2024-02-22,1.104987325368489,1.072572639698816,1.005616899541743,0.9311383389620903,0.9585374051671877,0.9268302339579337
2024-02-23,1.1123347669416799,1.0729458345977856,1.0057833891828565,0.9307658836265055,0.9574830140215038,0.929888773729995
2024-02-26,1.1137220110866757,1.0688828596242568,1.0059513993260691,0.929835117742879,0.9574830140215038,0.938908694835176
2024-02-27,1.110668429087338,1.0707067495417977,1.0061200499632545,0.9257438432248103,0.9639938985168499,0.9505511626511322
2024-02-28,1.1081317990512567,1.0689313538766652,1.0062871590757092,0.9256512688404879,0.9690066667891376,0.942091257303537
2024-02-29,1.1075882832091923,1.0745208857470987,1.006453453218903,0.9348152164020087,0.9620298187882558,0.9405839112918514
2024-03-01,1.1180627748034908,1.0831254739654284,1.0066170151394924,0.9295802511901574,0.9604905710781946,0.9406779696829806
2024-03-04,1.1264374222067164,1.0818330178009117,1.006782098959174,0.932833782069323,0.9627957484487822,0.9349398340679144
2024-03-05,1.1238227894323793,1.070805783238999,1.0069440646880372,0.9433748038067065,0.9681874046400955,0.9354073039849483
2024-03-06,1.1302485899396582,1.0763109140257838,1.007104789836309,0.9431861288459451,0.9678969484187034,0.9328817042641889
2024-03-07,1.1382151257379958,1.0874013597914882,1.0072650798711276,0.943657721910368,0.9608313006952469,0.9284038720837208
2024-03-08,1.1320516683149686,1.0803022229280361,1.0074252801990145,0.9493196682418302,0.9663080391092098,0.9339742953162231
2024-03-11,1.1215180525252655,1.0790898666178237,1.0075860821573466,0.9531169469147975,0.9724924105595087,0.9280902572557309
2024-03-12,1.1326012225182052,1.0911776072265373,1.0077488683914215,0.9466357516757768,0.9650042189982004,0.9173244102715644
2024-03-13,1.1327528782902594,1.0890776163371314,1.0079131015086795,0.9462570973751065,0.9666447261704975,0.920535045707515
2024-03-14,1.1306683892627583,1.0859507701952045,1.0080814290531295,0.9361321464331929,0.965678081444327,0.9070952340401853
2024-03-15,1.1251855387139051,1.0789106276440303,1.008250014869596,0.9436212036046584,0.9697339293863931,0.9157126387635671
2024-03-18,1.1306949779945463,1.0857272538605165,1.0084200097952563,0.9415452369567282,0.9686672220640681,0.9061892273204261
2024-03-19,1.1399580283861217,1.091860701482855,1.0085883836222187,0.9392855283880321,0.9694421558417192,0.9102670788433679
2024-03-20,1.1458705336602208,1.1015828081212522,1.0087558643172478,0.9487723122247512,0.9688604905482141,0.9197338564633388
2024-03-21,1.14850315786092,1.1051481266427823,1.0089232960305126,0.9579754036533313,0.9693449207934881,0.9228609515753142
2024-03-22,1.1489924282356765,1.1035985033492974,1.0090887196547629,0.952993931554334,0.9658552790786316,0.9137246281547186
2024-03-25,1.1484691479069917,1.100227035330656,1.0092555151864653,0.9612849787588567,0.9642133251041979,0.9127195310637484
2024-03-26,1.145772337510776,1.0971466382487534,1.0094216081976148,0.9597469227928425,0.9662381730869167,0.9137235225479186
2024-03-27,1.1517352667011906,1.1066156892274086,1.0095862677230987,0.9685765944825367,0.9718423544908209,0.9255105559887866
2024-03-28,1.1520513187838821,1.1078512173564892,1.0097513386486394,0.9730320468171564,0.9725226441389644,0.9298604556019339
2024-04-01,1.151420526128158,1.105620460661241,1.009921164179028,0.97040486029075,0.9695078239421336,0.9213987254559562
2024-04-02,1.151851106183282,1.0976168216525402,1.0100924011462193,0.9707930222348663,0.969701725506922,0.9119083185837599
2024-04-03,1.1596044595319996,1.098814439926912,1.0102632829981628,0.9704047050259724,0.9678592922284589,0.9149176160350864
2024-04-04,1.1501832275691128,1.0852613084327012,1.0104324259007837,0.9721514334950192,0.9688271515206872,0.9167474512671565
2024-04-05,1.1600180206086215,1.0973068168729043,1.010604249062216,0.9654435886039036,0.9631110713267151,0.9121637140108207
2024-04-08,1.1571822464680168,1.0968957332036833,1.010777868732696,0.9667952096279491,0.9640741823980418,0.9170893980664793
2024-04-09,1.148305303129273,1.098481305497323,1.0109492893972258,0.9636047854361769,0.9645562194892408,0.9199323752004854
2024-04-10,1.1441813021429499,1.0880929721686632,1.0111281906288856,0.9535832956676407,0.9602157165015393,0.9055814301473579
2024-04-11,1.1408120745831924,1.0961936207666385,1.0113077375696988,0.9476710792345013,0.955030551632431,0.9060342208624316
2024-04-12,1.1278288937536174,1.0802432497002157,1.0114843598927046,0.9489030516375062,0.9529294844188396,0.9025912908231543
2024-04-15,1.1211109662965273,1.0672572479456937,1.0116659657984706,0.9560198245247876,0.9569317882533988,0.9004250717251787
2024-04-16,1.1251983944873991,1.0650624402506004,1.0118487938099754,0.9481804619636843,0.9544437656039398,0.8979038815243482
2024-04-17,1.1201234583010138,1.0589057364715635,1.012028814317159,0.9533954545044846,0.9595977619382012,0.8945816371627081
2024-04-18,1.1114367586644143,1.056567491211629,1.012211247327639,0.9615946554132231,0.962380595447822,0.8936870555255454
2024-04-19,1.1092985397759856,1.0473135017001765,1.0123924845458907,0.9798649538660742,0.9748915431886436,0.9048581437196147
2024-04-22,1.1130070308177908,1.0564578520322703,1.012574061474517,0.9852542111123377,0.9748915431886436,0.9037723139471512
2024-04-23,1.1227209245140746,1.069097921091459,1.0127547105332135,0.9851556856912265,0.9687497264665551,0.9090141933680447
2024-04-24,1.1222831382261091,1.069325654317661,1.0129374664473743,0.9879141216111618,0.9685559765212618,0.9062871507879405
2024-04-25,1.121371792203984,1.0644319517159169,1.0131223292754552,0.9859382933679395,0.9676842761423926,0.9027526308998676
2024-04-26,1.119299833225435,1.0752989022313908,1.0133058046675147,0.9751915659702289,0.9633296968997519,0.9047386866878473
2024-04-29,1.122174094546055,1.0787166717188537,1.0134871994233579,0.9704131272969748,0.9621737012634722,0.907814798222586
2024-04-30,1.1084632353040964,1.0617479002673949,1.0136713941620799,0.9678900531660026,0.9682353955814321,0.905363698267385
2024-05-01,1.1022606300372129,1.0581003312768884,1.0138521235985989,0.9675996861500529,0.9680417485023158,0.9144173352500589
2024-05-02,1.104227300145801,1.0677591423736639,1.0140319618331,0.9677932060872828,0.9605878270388479,0.9208182565968092
2024-05-03,1.1117210026218545,1.0811667067728188,1.0142090984484196,0.9656640610338908,0.9553045939901343,0.9204499292941705
2024-05-06,1.1194064153809602,1.092330969224472,1.014385842264467,0.9651812290033739,0.9487129922916024,0.9202658393083116
2024-05-07,1.1207356729182163,1.0937984474712683,1.01456161495693,0.958907551014852,0.9506104182761856,0.9206339456440349
2024-05-08,1.1233465535153606,1.093792058880625,1.0147385358158953,0.9645651055658396,0.9521313949454275,0.9168593464668944
2024-05-09,1.1269801895740792,1.0993605062934892,1.0149138298348621,0.9683269094775464,0.9528931000613838,0.9215353291338756
2024-05-10,1.1296378748447604,1.101173790728873,1.0150912746838916,0.9684237421684941,0.9523213642013469,0.9131493576387574
2024-05-13,1.1256111554826003,1.100908063310132,1.0152678637623773,0.965905840438856,0.9546069354754302,0.9154322310328542
2024-05-14,1.1277881947771646,1.1062340605454115,1.015443094902776,0.9662922027750315,0.9544160140883351,0.9201009354111218
2024-05-15,1.1304728584162254,1.119194613359648,1.015614920575609,0.9642629891492039,0.9507892332347994,0.9157764610146895
2024-05-16,1.1286035306985103,1.1168648229671985,1.0157875863972787,0.964166562850289,0.9544973112444151,0.9137617528004571
2024-05-17,1.13052532006706,1.1181657129147429,1.0159619421194297,0.9681196457579752,0.9535428139331706,0.9116601007690162
2024-05-20,1.1313853461261538,1.1191903964681342,1.0161369841884953,0.959600192875305,0.9472494313612116,0.9131187569302466
2024-05-21,1.1335549725258929,1.1219904756866583,1.0163111681405288,0.961423433241768,0.9443129581239919,0.9091923462754465
2024-05-22,1.1300271917417843,1.1189542294589048,1.0164861545076147,0.9577700241954493,0.9438408016449299,0.9055555768903447
2024-05-23,1.126313333086647,1.1106954474291626,1.016662754557,0.9516402960405985,0.9378002205144024,0.8994883545251794
2024-05-24,1.1344934118967889,1.118471479718407,1.016839076297026,0.9538290687214919,0.9346116997646534,0.9006576893860622
2024-05-28,1.1271042081810032,1.1187497523894014,1.0170183249859897,0.9459122874511036,0.9246113545771716,0.9015583470754481
2024-05-29,1.1203513206608984,1.1105078800946298,1.0172007701602162,0.9396692663539262,0.9242415100353407,0.8981324253565615
2024-05-30,1.1256936061685063,1.1038725591287784,1.017380546000439,0.9436158772726126,0.930711200605588,0.912861797132409
2024-05-31,1.1374538934517746,1.1127343144760762,1.017558808495203,0.9525802281067025,0.9391806725310989,0.9119489353352765
