,0157B1,03B8CF,055018,061366,0624BE,063384,067779,06EF42,07EC43,095294
1,-0.021096616388096283,-0.022469349334848662,0.007583522682474041,-0.01437371663244355,-0.031093638313080808,0.007767164320931974,0.03520426695214969,0.0042120946824071494,-0.017172238350733567,0.010065949323151777
2,-0.006142634044768385,-0.030410361560195772,-0.016694156587875684,-0.00016891891891892533,0.0007377351530800286,-0.032707541539381324,-0.041366192371261615,-0.006816350577451133,-0.03128961249325085,-0.0048109965635739025
3,-0.018646553530274324,-0.035193954892270396,-0.0391558233512821,-0.07073266880666781,-0.0025801695539992733,0.005107749023534722,-0.029724236907754716,-0.02840228814686719,0.006230588364423433,-0.027279005524861847
4,0.038108454312553296,0.018745874587458723,0.06403788814263761,0.017332282891946025,0.026977087952697727,-0.009756909353209386,0.03458579441107874,0.026733196637139,0.022323954704426538,0.008164714235001664
5,0.002776349614395846,0.0163275884411041,0.028220242433677503,0.04968130100673142,0.038503058654192165,-0.018269256452948385,0.0238824014814956,0.012700484343283662,0.02390709243742318,0.026056338028169087
6,-0.012305168170631695,-0.062143048710248984,-0.005694426010313284,-0.026814596220418783,-0.026680526680526666,0.009618077087459407,-0.0037298047006784508,0.013796512770031476,-0.00498077054588205,-0.03877831159917636
7,0.00892857142857157,-0.018000564898253996,0.08994475662559592,-0.018806309589760168,-0.0035599857600570103,0.0032102926991947663,0.01872824757783836,-0.015669982794746455,0.0034413184029532923,-0.004641199571581669
8,0.020991973657131013,0.005491161152034049,-0.00017236561832088178,0.042612623321050855,-0.005359056806002093,0.029623966905147903,-0.022982243931265547,0.013929239721804485,0.008108205073009713,0.024390243902439015
9,0.03043741181213461,0.01497104426980392,0.013009496260836001,0.0223450949096505,-0.01903735632183912,-0.021553453150835126,0.03668771027860729,-0.002995493957807052,0.016238041470256113,-0.01015406162464983
10,-0.016529733959311402,-0.023166718512090834,-0.02194264709043613,-0.04778366322832447,0.01025265470523622,-0.005430676656978527,-0.034477728955093226,-0.017509094799914346,-0.006695149439046335,-0.005659709939865587
11,0.02565887618100446,0.022205302072558677,0.034782473318570775,0.03993441855018148,0.04965567234505259,0.02091301899944596,0.016910265125764788,0.040704132706624443,0.02267431611672883,0.02205620775524728
12,0.01958692911858829,0.006778755838303029,-0.02243660940988853,0.014358108108108173,0.009323204419889488,0.010292098194013638,0.04805808566149502,0.012261252474853825,0.03131037876140576,0.003828750435085257
13,0.07379933428435559,0.03823496565972415,0.04719320433791096,-0.06372467388287548,0.02189531303455356,-0.014083012116177615,0.061729816883565554,0.03043018455975168,0.026438143859969145,0.026005547850208043
14,-0.08431494110353376,-0.023276190476190447,0.0018146200104433988,-0.0028457935613920068,0.0066956812855707825,-0.00638245516901975,-0.019933748863133913,-0.033709048772779936,-0.03453089380347578,-0.02365664075701248
15,-0.011703259502853213,-0.008426959847475013,-0.031290585641366435,-0.004280872822403228,0.014632524110409087,0.015293566154927989,0.005934035995845408,-0.010482108465320127,-0.02037524551028571,-0.050536517826237484
16,-0.0006850655705618261,0.0034336750040491982,0.02091122483976293,-0.009434525586672314,0.024254342838413583,-0.006226513098218356,0.026956116965003617,0.012936104311440209,0.010325171694911973,0.026248632883703934
17,-0.02017432180981297,-0.014114288613105815,-0.023980195963627545,-0.0018687081801191988,-0.03679999999999996,-0.007779858494235869,-0.02624855777155103,-0.020512783328741097,-0.018069125559044493,0.002841918294849089
18,-0.018090954522738654,-0.020130837580370185,-0.013819714325817332,-0.00990457784756622,0.010299003322259094,-0.02128627639801963,-0.028640345309127842,0.003079542510271347,0.004977463371075812,0.032589443854055905
19,-0.006412866449511355,0.008412778735207035,-0.0018167165115415683,-0.0034158838599487756,0.0026307135810588063,0.029032833166711347,-0.03208998788892661,0.00900573216644676,0.0013500530602249018,-0.008576329331046312
20,0.01977256428644613,0.01229316603171099,0.01715852999541354,0.023748316807442743,0.01836667759921293,-0.006572599038562788,0.0430109462768256,0.019575800194138515,0.01663656658389143,0.02560553633218
21,0.0016073940124572692,-0.009281819372217368,-0.01721015948527556,-0.013272749013511892,-0.0012882447665056086,0.01750822871296533,0.02061864567690256,-0.013429201544604146,-0.006191363241035995,-0.017543859649122792
22,0.014643931795386096,0.005079131308053396,-0.006241465681478088,0.04435288414929727,-0.006772009029345399,0.000654129367913577,0.026087691852353004,0.0007053226409605946,-0.00415380724286203,0.008241758241758188
23,-0.029754843811783224,-0.01138673207364633,-0.026869732399735703,-0.04264330471106998,-0.02305194805194808,-0.01861152878401707,-0.048392945442558184,-0.021059646507688098,-0.0071814544276026385,-0.017711171662125328
24,-0.009679062659195138,0.008838532295322495,-0.003406479639097297,-0.004423974304587539,0.03655699567962783,0.0002043586947995557,-0.026726019330030697,-0.02851322965078989,-0.013261496304829206,-0.0027739251040221325
25,-0.026954732510288112,-0.03309957065679989,-0.027165879850982625,-0.020026783540297004,-0.07342096825905747,-0.014348571327596251,-0.014174867861401291,-0.043652946306461216,-0.012522008547348428,-0.019123783031988896
26,0.012793402410657729,-0.00283811079955332,0.004068806334895982,0.016274302751723736,0.01418685121107267,0.01746961221965257,-0.008087445504517668,0.009749060417467864,-0.003403343748993354,-0.005317263381779586
27,0.00031318509238946577,-0.00027472862916528846,0.008472327173307885,0.01204082880019558,-0.011941316956670006,0.0058245370599799276,-0.01358594268970728,0.012289638974194347,-0.0023272840110739666,0.009978617248752713
28,-0.024212064287205105,-0.01019217968525757,0.0011866301235626006,-0.02065466843821727,0.0010359116022098612,-0.0036579864760704238,-0.02754612546125465,-0.011922706738037558,-0.007155272822112779,-0.021524347212420587
29,0.002780748663101659,0.004359467930209081,-0.005562904792127131,0.024358658115441644,-0.008968609865470784,-0.008871399325057148,0.022663023886770356,0.0036195198683729125,-0.005168953645841841,0.010457987738910896
30,0.0050127986348122745,-0.0048946315082075914,0.0004584792713544273,0.018240924688459288,0.023668639053254427,-0.017389376115663043,-0.01938721556913997,0.010820524542098128,-0.01370132617815988,-0.009992862241256286
31,-0.02186140295022819,0.022925568756335245,-0.004583652376418573,0.15691143431476898,-0.0061203672220333126,-0.0034550226460825103,-0.0028284127779933752,-0.017192117513258397,-0.004150536776150393,0.002523431867339592
32,-0.0004339806878594581,-0.0028133893677780306,-0.0035923104095929408,0.012980376124284505,-0.030448169688676037,0.02511254732875596,0.01605099891854972,-0.0011005289566055824,0.0025648218651063547,0.016540812657317543
33,0.030066210789102467,0.012375833174979076,0.014696139018578455,0.059983856321259285,0.006351446718419185,0.0124027599979235,0.0325285231452953,0.021917960541543848,0.0001598912739338258,0.021931376016979167
34,-0.012118018967334094,-0.011954348948868489,-0.01165956439393942,0.01042311170339345,-0.027699859747545554,-0.007188585542967893,-0.0035988787412966467,-0.014226407845897652,0.0011190599896087237,-0.014191761855313262
35,-0.002133333333333364,-0.02583512517046142,-0.027557184223895942,0.009373528026377675,0.022719076812116806,-0.008973596790340186,-0.0180684623203136,-0.0031706306119599595,-0.019006081413762387,-0.07057584269662927
36,0.003955104222341043,0.0006545917061864695,-0.005402227040535155,0.00018666293340809402,-0.023977433004231302,-0.003704660598312184,-0.031275126847256494,0.028737171208366833,0.0017905892327256545,0.03551190026445037
37,-0.017781090289608194,-0.015305191476262107,-0.038116856140799286,-0.014370363458218693,-0.023482658959537522,-0.019727411140394547,-0.051289390079853406,0.012260915982575676,-0.010076065578210015,-0.037212696096315195
38,-0.016476964769647655,-0.013836241725798866,-0.027244629614441063,-0.016662721893491172,-0.0022197558268591297,-0.024865714243543453,-0.03002785571343816,-0.008847493047545747,-0.008701331787645854,-0.0333459643804471
39,0.01873691171608071,-0.005381546536316574,-0.04959779370878289,-0.019977855870601153,-0.05005561735261394,-0.01253391083633141,-0.046436161940801475,0.015834248349413136,-0.03974893232418704,-0.04547236377891024
40,0.026506545493887142,-0.006955466762970356,0.02946930103336832,0.01822379408586295,0.045667447306791495,0.14476509394473552,-0.01839610333130382,0.020190165821233858,0.00793398464934729,0.009445585215605621
41,0.013912310286677988,0.0,-0.03268472218586092,-0.01963432871822082,-0.007092198581560199,-0.07484233392145898,-0.03749280049621193,-0.01271520352565116,-0.023443514584699614,-0.050854353132628156
42,0.039916839916839954,0.013912597824975673,0.0067785715493958645,0.016435390217498295,0.00037593984962398536,-0.0007236550592394912,0.0343732378968688,0.018696268556907838,0.023305552564778786,0.0060008572653236425
43,-0.010895641743302712,-0.011419001801052181,-0.04114917963744557,-0.033597986057319895,-0.02442690717775267,-0.04766324111376514,-0.053156220101016866,-0.00652558189852111,-0.010444902559420256,-0.02343417128248816
44,-0.012531581606872249,0.012521869371259695,0.00590744113293909,0.02534816150686305,0.0038520801232664816,0.03181026384350718,0.007014616722282208,-0.00831284108232913,0.015745321186891204,0.010471204188481607
45,0.029679664312762314,-0.0001912818819076742,0.04787271105660688,0.02232753566542893,-0.008825786646201091,0.022727324264323976,0.05922641619508781,0.002172654615078746,0.008177321372810669,0.03756476683937828
46,-0.018984196401948084,-0.026368788048462325,-0.037542155268812945,-0.020262843488649984,-0.020131629887727435,-0.01604947989131095,-0.014254084004361997,-0.011668391732025954,-0.029401257565012093,-0.016645859342488644
47,0.00010131712259362619,-0.005318598457606339,-0.012087135152064925,0.025267060143407672,-0.027261951797708326,-0.021957171797292663,0.02559030920692382,0.0059552767648414495,0.012534132075266536,-0.01608125264494283
48,-0.005875797791510469,0.0013854884571163192,0.006006198518090235,0.004329416242447293,0.0,0.004169076259881154,0.0010787016354860172,0.0067513708706700565,0.008425150461905858,0.0047311827956989004
49,-0.0009171507184346195,0.0034615592009479526,0.014372610358011786,-0.004547607768829977,0.02355808285946378,0.020227676077262537,-0.047662066263224244,-0.016919340868391683,0.006138662385998821,0.03082191780821913
50,-0.00815993472052235,0.0024627023144683314,-0.006866893964055097,-0.0006186351955838748,0.02103174603174608,0.008035452244383047,0.06143067762323275,0.004302632930276919,-0.0010165740395934545,0.011627906976744234
51,0.030954339777869246,0.014252244195685063,0.03292378432028784,0.025427360601876118,0.0167120093276331,0.004140754416005285,0.06001808941338611,0.0006264834579303373,0.009499446145366101,0.01929392446633821
52,0.017456359102244388,-0.00397286284599806,0.0006379993764752807,-0.009426514975621088,0.02255351681957186,-0.017113491163306304,0.02730430896125801,-0.005533699736546935,0.005041913862200522,0.009262988320579962
53,0.012647058823529473,0.02266912218625793,0.02102275192974693,0.019594974685917903,0.037383177570093455,0.0018875132521512833,-0.0009887871536772782,0.02583205056504912,0.01872569829581174,0.019952114924181964
54,-0.008519701810436727,-0.0051366937611760435,0.0016641491914653867,-0.0414252873563218,0.0054054054054053545,0.011934361575394431,-0.01773660351960724,0.00440150034851363,0.007221666709398412,-0.0089984350547731
55,0.015037593984962468,-0.022186944276958907,0.0032183202718272927,-0.0016787375893329308,-0.012544802867383437,-0.022242759564821357,-0.012031196469236876,-0.007235794294305325,-0.011407334498616875,-0.01776549545992891
56,-0.0274170274170275,0.0003915722210079179,-0.018523519338532482,-0.03137311425002389,-0.03448275862068963,-0.024018908648106914,-0.019286471932114864,-0.00020621936452702936,-0.00016479328742019622,0.0012057877813505282
57,0.009495548961424412,-0.00713656880325931,0.0009480757267200016,0.014384207132582595,-0.009774436090225621,0.002385533526559214,0.007238162588267046,-0.017968055849375948,-0.00395569076936805,-0.006824568446407134
58,0.0010777973740936648,0.011815184889765601,0.003055696920789164,0.036770818052907,0.035687167805618876,0.018494583554283916,0.01439294601096509,0.006064111553802051,0.011419499851761989,0.013338722716249064
59,-0.022022119996084957,0.017516471852225816,0.03371057332187272,-0.009432627458378532,0.005498533724340123,0.01114996612900276,0.017221899905340624,0.03689444704365845,0.009490893411932703,0.0015955325089748364
60,-0.0209167333867094,-0.0018166505949913398,-0.027836128302778786,-0.010189020616102532,-0.06671527524608087,-0.007246097993771234,-0.041835519666996945,-0.009121283959591232,-0.022855039824965978,-0.003185981680605269
61,0.04671368700807531,0.017055085555813292,0.0019855394030459613,0.016210495935350448,-0.004296875000000117,-0.01301232836892781,0.015601829612147287,-0.008900976377296423,0.0054733554018286095,0.01917698761486218
62,0.0010742187499999944,-0.003580128719223567,0.007300131706224108,-0.013537820694878279,0.002746174970576708,0.011789843271774002,-0.017408382346892588,0.0027556753665122233,-0.009404232506031215,0.0011760094080751698
63,0.0022436835430688687,0.009549033589508465,0.012942792596305869,0.0503358925143953,-0.02621283255086065,0.014301891013860092,0.015623855419165146,0.01251901705794714,0.011824825368300713,0.004698512137823062
64,-0.004282655246252654,-0.00477607031810565,-0.002862278553692388,0.002695417789757428,0.010445962233828767,0.02140975300680759,0.009232164200634793,0.027141243195272963,0.00609103813370454,-0.012470771628994555
65,0.019550342130987292,-0.0017886691750592346,0.01793951764516316,-0.005877528704209915,-0.019085487077534668,-0.010736113513686262,-0.00406338056928162,-0.0031323753728958,-0.014234863317026456,-0.016574585635359042
66,-0.004697986577181159,-0.012726194342492642,-0.02044326995226633,-0.01219120949631054,-0.012971220105391174,-0.0037211239776933766,-0.04795489492567918,0.056352599940129026,-0.004646379091294069,-0.014044943820224776
67,0.030343897505057234,-0.0023865166256001103,-0.006990038548640546,0.0063100264464343025,-0.004517453798768089,-0.0133839236405345,0.005351451460074041,-0.009480016045755308,-0.008004140132366184,-0.01790801790801796
68,-0.007011967090501122,0.00555088031105309,-0.002588722889474672,-0.0322283185024666,-0.001650165016501615,0.00147303106735826,-0.010656641926121176,0.018108255179966122,0.00016806193082148923,0.001243265644426073
69,-0.034271725826193394,-0.006567310821059578,-0.014428306631973826,0.003001429252024752,-0.05123966942148754,-0.04052910388149808,-0.03447939896507659,-0.002764523717752659,-0.017479004540410285,-0.036009933774834475
70,0.02349614897143425,-0.013893101751899518,-0.005581431283387096,-0.05234408397853042,0.0017421602787456073,0.007113098502027694,-0.022323380685959186,-0.01977658758189483,-0.0010261380155631068,-0.01846285959639329
71,0.04610401981329767,0.02341634646577056,0.01662739474551693,0.0066162097137989154,0.01695652173913046,0.007170582346363577,0.015975137044427674,0.021401239244022385,0.013868876080691568,0.02143482064741916
72,-0.03979238754325251,0.008449821999340787,0.013647916293653499,-0.09087287755813374,0.006412997007268002,0.009817838122508441,0.034834238240904855,0.013660791711673352,0.00844460001160891,0.021413276231263382
73,-0.032242769084874404,-0.0034838493153774306,-0.04244640347239802,-0.009475298499288083,-0.010195412064570877,-0.011324938350061119,0.030400209430936943,-0.012747839480406024,0.0021785010377967976,0.0008385744234800659
74,0.015482606565409097,-0.02711370262390656,-0.03885361423084065,-0.024606027094276964,-0.010300429184549442,-0.015020197327129194,-0.0042132452574527215,0.0037901209817258743,-0.00768736762046654,-0.01340594888981987
75,0.00019299430666805203,-0.0014557262872909255,-0.016973430449192077,-0.01173469387755098,-0.012575888985255818,-0.003949742161399239,-0.002115535900325283,0.009670011794082575,-0.008420413847292528,0.0012738853503183687
76,0.003376748673420109,-0.009628009318847065,-0.02726402605689468,-0.0157173177307406,-0.04128238910847612,-0.015860431055253293,-0.004240041761215296,-0.02198320392845822,0.0675939797757539,-0.056827820186598814
77,0.01591346153846155,0.014827315069996074,0.027794435483278843,0.04085319657322682,0.040769583142464524,0.013430232978844069,0.06603258834479886,0.008394130147839015,0.006840894932866789,0.02023381294964042
78,0.0016563342955846592,-0.009772628403302208,0.012044290601404807,-0.0063829787234041795,0.0250880281690141,-0.003754566767026456,0.059935167250428946,0.0035152559064474042,-0.02607021498918059,-0.00793301013662405
79,0.007464802041009225,-0.015048617510622217,-0.0006741715807852617,0.0030429392539163304,0.006440532417346593,-0.010087737635205077,0.0037684754717697056,0.004515555791316418,-0.0001621999722908202,0.007552199022656515
80,0.033483398987056774,0.0009923528130958276,-0.022131984237525038,0.015393258426966342,-0.02090443686006834,0.0032472155518819467,-0.01501730952448333,-0.0020180093186766635,0.015090424255533448,0.0017636684303350594
81,0.018059715037662304,-0.0011891155063561763,0.004365723890238049,0.013555383423702492,0.016993464052287608,0.004242236898921202,-0.02383665807946837,0.0034933020633820737,-0.01086905855873857,0.0052816901408451146
82,-0.017115350329827077,-0.005060417477842454,-0.005528736362470347,0.2647524428189312,0.026563838903170565,0.0036673820976180463,-0.04003728048660839,-0.005130846471966297,-0.003556239239136495,0.0013134851138354264
83,0.008525303827317228,0.0021941839532719884,0.03219841485097803,-0.04359273166731406,0.020450751252086747,0.018715020465637937,0.0488303406268843,0.011142775746550855,0.017839588956412827,0.020113686051595858
84,0.01978417266187053,-0.024678840184521975,0.020534027182506676,-0.03966785504761042,-0.056441717791411,-0.03130706956879277,0.004842780165063738,0.018215311345162345,-0.012427482841477806,-0.017145306472353135
85,0.01851851851851847,0.022139705572995286,0.04112172419435872,-0.01428571428571438,0.05028175119202428,0.006508276830316856,0.06563942438229703,0.004382271610749057,0.012583868653245425,0.036197121674662096
86,0.022943722943722992,0.00972868042074842,0.047945491556423116,-0.01659038901601826,-0.004127115146512646,-0.0026948478306054397,0.021739328255666806,0.0016923571175561133,0.018409733561671127,0.003367003367003295
87,-0.016081252644942916,-0.006121286956201457,-0.013101187822849187,-0.013331394221446578,-0.052631578947368404,0.018352315302269828,-0.030138401524732374,-0.020358952054444025,-0.009589219664010743,0.02516778523489939
88,-0.010666666666666623,0.027062500165386364,0.015521811306637831,-0.00904043629931707,-0.004374453193350738,0.000221218000284031,0.025592756524454134,-0.019148850835768498,0.015871344548184108,0.012274959083469605
89,-0.00017389792191992203,-0.009930950970035962,0.02735000873852348,-0.003966483216817945,0.010984182776801405,0.01481123160423262,-0.016045126919460966,-0.020262515012880483,-0.011092000932835805,-0.005658852061438845
90,0.015305678754674364,-0.03684205732605893,-0.026230730599700745,-0.011648165662800414,0.31073446327683607,-0.014704614057783416,-0.03351441857079156,0.005193688372874018,-0.010900342764684556,-0.017073170731707384
91,-0.014989293361884369,0.0006187215968961228,0.0043225238852920515,0.012037270209015292,-0.05305039787798413,0.03482203372789393,0.030929291027210246,0.003382449499826236,-0.007187478786092631,0.001240694789081933
92,0.04443478260869565,-0.0011340715599154735,0.02932332001812401,0.004130586244650207,0.04866946778711487,0.0073715325563637355,0.025453217041873952,-0.0008430023586743576,0.011582219583540372,0.02230483271375461
93,0.012904837232536817,-0.009077466635309102,0.018084267769809315,0.003122367051593376,0.048414023372287125,-0.0038182187470569185,0.008870522434584402,0.00637215668031434,-0.006838441006906028,0.02060606060606067
94,-0.008877198750616459,-0.028627625358390876,-0.004774977685626791,0.0027667984189723434,-0.01178343949044578,-0.01383813854312843,-0.013179964335528541,-0.005121147535178579,0.0006407457882584564,-0.009105304829770405
95,0.018162215956211626,0.010395281892859518,0.019480182247816336,0.028478517934568393,-0.0232033515952305,-0.017486980053985517,0.0552041866082212,0.015350176810333958,-0.004800857319648521,-0.009588493807431162
96,0.012055062311639685,0.08750571535383786,0.040003761832874705,-0.009581297307655456,0.049158693500494954,0.013842404663744125,0.02784936756078538,0.0326322680766924,0.025245243076102417,0.036708350141185966
97,0.00845070422535209,-0.04437725394176236,-0.013486069324632177,-0.014849569507594184,-0.006289308176100607,-0.005850963913258201,0.009848153677386267,-0.005355379968658663,-0.038581601794946796,-0.024124513618677082
98,0.010454908220271368,0.0031639814279906136,0.027706562703798496,-0.03363283743310254,0.03575949367088593,0.007520621057739004,0.03821619634908321,0.034553244872451275,0.014191737270221334,0.023524720893142084
99,-0.04249269409999207,0.02757152493208108,0.013569460213283448,-0.025708769434000623,0.031164069660861694,0.019042073385319148,0.02035967714020492,-0.011451075917878245,0.006916537995938112,0.04051421893260612
100,0.024911325579476992,-0.002376625010864933,-0.016822513862165756,0.0029724655819775847,0.03555555555555564,-0.031957131480801884,-0.02148771799972249,-0.0059672899430058225,-0.004792422210078337,-0.014601272931486355
101,-0.006599597585513024,-0.008535660831017464,-0.0012540009155604128,-0.0017158009670878828,-0.020314735336194586,0.026760798082948616,0.026663514950951428,0.00653301212690375,-0.004011807459865335,-0.007598784194528849
102,0.025439520375921464,0.013614096754519954,0.0030497879991261212,0.022083333333333382,0.004380841121495285,0.0018161120800596663,0.12452129333302639,0.017980789600602103,0.020467284254842913,0.01914241960183767
103,0.000711068973690475,0.014616504383269129,0.016274712910043745,-0.0012739502649816551,0.017446932247746478,0.02537491372278358,0.04212279217056594,-0.0024131252761810254,0.014370939857502105,0.020285499624342566
104,-0.0018948365703457674,-0.007690139659567777,-0.0116147241331311,-0.015102811367926974,0.017147756501857712,-0.00883867744724231,0.016948708545082975,-0.018827961609067204,-0.00809562390855953,-0.0077319587628866294
105,0.005457997152349294,0.01824465261775297,-0.0060539631036243624,-0.0007770812827022001,0.018263557178982818,-0.011749676987718092,0.03333247469153292,0.0159322395789039,0.01616719114579436,0.027829313543599257
106,-0.0127448666509323,0.007031542862624166,-0.014151361116522815,-0.020167980091248375,-0.004415011037527695,0.02367310868434256,-0.019849183597158187,0.008578557968717196,0.005252084020534415,-0.009386281588447582
107,0.002310941110845536,-0.021427371787962203,-0.008631041871143351,-0.015291814381713396,0.004434589800443561,-0.030280501593973372,0.006326498171991786,0.0164946505625805,-0.006761772173674834,-0.0032798833819241927
108,-0.007552870090634463,-0.008112587446622589,-0.007697076636940266,-0.008167651800107372,0.01821192052980123,-0.018073778089019908,-0.0006255133632400341,0.00540899733328696,-0.02258683760217722,-0.009140767824497258
109,0.042617960426179664,-0.010250145914145723,-0.012653069070916411,0.013544262650341315,0.00840108401084017,0.015792607819625052,-0.008181019276605724,0.005632174672579609,-0.009180182619182397,-0.01070110701107021
110,-0.006300422589319963,0.0028884916959125715,-0.002899098144888662,-0.01368398546076546,-0.007524858908895489,0.008255370407548682,0.002537019448357606,0.0064365588293916875,-0.00894563399407155,-0.035807534502051375
111,-0.015464316090621,-0.00307790775122817,-0.003564601196206333,-0.03235421634511163,0.006769564040075819,-0.01233514361038203,-0.07594976951200126,-0.004235711090699889,0.0067706209855832,0.009284332688587946
112,0.014529176156443953,-0.02141222280508063,0.023347348143764355,0.02341080929711553,0.007799892415277008,-0.0050608849924542116,0.08835753113603527,0.02635734406852604,0.010726614884153165,0.0026830203142966763
113,-0.001083759095835383,0.003154965336718485,0.005152166523843492,0.008154107152629613,-0.020549773151854713,-0.0064923110056655416,0.0881008528744207,-0.006907484806874394,0.0038014197440651718,-0.0038226299694190144
114,-0.008834469931803987,0.006796535933377085,0.0,-0.0011399413744436432,0.031335149863760174,0.010892393039870439,-0.007518622244430781,-0.015221424714587857,0.018463989739864926,0.006523407521105208
115,0.019233776387803034,0.008566056867632881,0.001006862285625005,0.03304168251725457,-0.004491413474240468,0.01659257346295032,0.09732337306512433,0.011218873944814415,0.011465101150846858,0.018680899733129943
116,-0.0010739490641302144,0.0104896478054604,0.015359902859867111,0.006838865800410242,-0.010350318471337595,0.029359196523348615,0.0069036897927826245,-0.012491343051637634,0.004289187468140857,0.014221556886227641
117,0.001228689909384093,-0.024816396751430516,-0.017379666614807564,-0.02319870421652123,-0.03137570394207567,0.013797077306820987,0.013182853812324443,-0.007322767975505257,-0.0004569719049245466,-0.022140221402214073
118,-0.015493173799662386,-0.02352298828433769,-0.01704516190567023,-0.020379780690024083,-0.016611295681062968,-0.001726837930446171,-0.01822004204625096,-0.037136373191989425,-0.012514731821525467,-0.009433962264150943
119,0.01106263633530685,0.010176233868356602,0.00727261083332765,0.03276182155727859,0.000563063063062951,0.02747036218552357,0.00954542064836426,0.004614496695941581,0.009736889321781883,0.03695238095238091
120,-0.02041917090460784,-0.0010275734452396732,0.013050129374206406,0.008882309400444151,-0.0061902082160945095,-0.008020563155842667,0.01365511855893127,0.0329315716624418,0.019895224828732856,0.01322556943423951
121,0.012978840556910294,0.04866648781349294,0.025125972189600682,-0.006288648988575562,0.01359003397508485,0.019265071230670377,-0.02072727651290394,0.00184617507189392,0.008103079761434342,-0.00036258158085562044
122,0.01568566547600567,-0.003433771028794301,0.004812419530186141,0.028161586330555866,-0.013966480446927375,-0.01420007104751074,-0.03597474113920014,0.03601024585225458,-0.00014813648925766394,0.009067827348567283
123,0.02675840978593272,0.012700095847346155,0.01277288706389768,0.010207221994255132,-0.03739376770538245,-0.0010927567659502306,-0.025798945766524597,0.022229440861894434,0.007741278329513566,0.017253774263120074
124,0.0028294862248696606,-0.005444336310691558,-0.02303412368239709,-0.028687484133028573,0.027369040612124772,-0.008752681672682597,-0.029295073152786122,0.030444616561188798,0.013443169757921768,-0.020141342756183754
125,-0.00831600831600835,-0.005864783378289351,0.016853922100992878,0.0805541035023523,0.0718991692924665,0.020468347921119644,0.027858596341882844,-0.017343762200378407,-0.0023316997834525195,0.008294266137756957
126,-0.005465708295896899,0.012880982964068954,0.023274506313643445,-0.024865753954815998,-0.006948156066274856,0.012486415802169835,0.030490053151962508,-0.001327553312823453,0.010666367770059651,0.012160228898426318
127,0.019046902055258608,0.004562562565109039,0.01628276908398999,-0.014833556580840308,-0.0034983853606026767,0.009224643659434205,-0.00547720491902539,-0.00023468009165385169,-0.0011569911037575956,-0.0038869257950529834
128,-0.03989361702127663,0.007827615198387396,-0.025177631294518114,-0.0004028603081881987,-0.018903591682419736,0.015972408112838475,-0.02754791965328487,-0.019006314537101422,-0.03372364496245914,-0.007804185881518354
129,0.00030778701138805815,0.0003844462591872209,0.0050441190712593635,-0.0029722921914357853,-0.0074318744838974965,-0.007102655616965204,0.013028629973248303,0.01722182523813586,0.0007484472049688547,-0.002145155523775428
130,-0.009230769230769143,-0.0005751918980830265,0.014276528605289544,-0.0012632004446465565,0.03189129229062669,0.011826843096330385,-0.0016743548396158004,0.01904734284572654,0.0095797865572662,-0.006449301325689707
131,0.0025621118012421123,0.05332257683482484,-0.02311864665619565,0.011889102499241093,0.013168503090567106,0.018099784848188315,-0.022410949960884913,0.007614397789041974,0.005781857079624213,0.027407140281283736
132,-0.007589251142259659,0.0255848022981704,-0.004104562735914643,-0.012999350032498348,0.026790450928381906,0.006944162356081311,0.011462357296242225,-0.018015007013943256,-0.0011796741532171307,-0.003861003861003841
133,0.0007803355442839977,-0.012872261474645161,-0.00017522676807913939,0.007041183324046476,0.006458279514337381,-0.008275724999163783,0.032295520519096094,-0.012360563164227475,-0.021693699647821595,-0.013037350246652483
134,0.0308771929824562,0.0062054272152644785,0.007279574927592185,0.04828973843058347,0.026180698151950618,0.0047294716425167116,0.014815509141836452,0.00393553966239304,-0.007995733940506587,-0.011067475901463843
135,0.011118674835488986,-0.003396269724714679,0.01889432409067095,-0.0047984644913627635,-0.009254627313656765,0.002860663847805142,0.018929535835176012,-0.004155399198733924,0.004106546355105129,-0.0018050541516245744
136,-0.014886295631358536,-0.008430300195774884,-0.004615086324971699,-0.022757955641272896,-0.002777076495834371,-0.002301105062135734,-0.04511691150985149,0.007085645115743489,-0.002727024387793177,0.0
137,-0.026425696711975016,-0.01492408189579566,-0.02773044594774516,-0.04144464179988162,-0.014683544303797424,0.04122921810943268,-0.015004970012397057,-0.017041930331438256,-0.00774376161997165,-0.02097649186256775
138,0.005459792527883851,-0.01579382371022515,-0.00291324949546556,0.01008853201564756,0.0020554984583761125,0.0132867252174804,-0.009031277815258594,-0.02059791160062935,0.07851157064391365,-0.29442186922792757
139,0.08269335195097352,-0.015673226310777794,0.009437196878784672,-0.009478189971463583,0.005897435897435817,0.0027977954382183506,-0.02278110232616676,0.02286381939952843,0.007521462573625768,0.011518324607329782
140,0.018986888299777932,-0.002653797961157971,0.016669086313836404,0.006276365881263499,0.005607953097119704,0.011071342954180127,0.05128445308292165,0.0141601686002443,0.004647386994616854,0.0015527950310559595
141,-0.0160315004921952,-0.010547561771283109,-0.005898745977617365,0.002556237218813906,0.005323193916349651,-0.01629554319707432,-0.006654712315951185,0.0003137630975980347,-0.01500107545009044,0.03565891472868205
142,-0.014934972130913273,-0.003937567718236753,-0.024260788570489012,0.0382457929627741,0.00680786686838132,-0.012183787525099538,-0.03627149240092624,-0.011526774899747936,-0.004553220747105893,0.0019960079840318935
143,0.005150525933986275,0.0018319090766672397,-0.011357965251126196,0.006925343811394875,0.009015777610818919,-0.004969323871933054,0.005212120507018376,-0.02070487879098549,0.016299675696185997,0.008964143426294984
144,-0.0010825635103926508,0.0062561950328762165,-0.0014478800638339777,-0.0006828935173893291,-0.021097046413502147,0.000802459476273461,-0.03283507809470896,-0.0035635147272278507,-0.014069388761115104,0.007897334649555781
145,0.015605808828841822,-0.010809151121331902,-0.011052107347250484,0.03202030555962319,0.04868154158215015,0.005791953046567319,0.0023873774150506124,0.0021946171843861798,0.014554173951889508,0.005386875612144928
146,-0.02063029095824149,-0.0220458375036424,-0.020611927870581304,-0.054864494158823225,0.0016924564796905292,-0.011338990505657216,-0.01307244162169913,0.028877721664323217,-0.02418989159674273,-0.009254749147588956
147,-0.018885741265344626,-0.0034602524390828352,-0.01861423989836384,-0.03973377370765163,0.012792662321988925,-0.0030470324511831575,-0.025892414327015,-0.03271852173512234,-0.0021620442449579733,0.00442477876106194
148,-0.008069889686829076,0.010020305809125319,0.0014297258656056967,-0.044035645421856215,-0.02025738798856057,0.004249839392808682,-0.023482369595857346,-0.05045235742506547,-0.0021667288085087943,-0.004894762604013775
149,-0.005672488431109054,-0.0028908057960269472,-0.00028573399150676757,-0.008340601831661585,0.05083921187059118,0.013144701850083663,-0.013295183595612742,0.006952637195068234,0.00014406194663693143,-0.003935071323167649
150,0.010959315418105449,-0.00819930295598293,-0.0061884017976819045,-0.0011544170194052442,-0.033333333333333444,0.004088098764685297,0.007700536137746184,-0.011678506634024812,-0.0005806660704960347,0.005432098765432071
151,-0.003192753192753243,-0.006854966759853676,-0.03917942086217136,-0.028618602091359323,-0.014128352490421369,-0.01416112980266862,-0.0031845708183323466,0.010263914052768684,0.012070459052769041,0.0004911591355599982
152,0.009459962756052218,0.011571510757049512,0.013159877546049161,0.02311614730878194,0.23536555744474125,0.006553472920492258,0.03767617605737704,0.006232212755151127,0.012502058211410741,0.026018654884634146
153,-0.02715466351829993,-0.01154019051419157,-0.0013773375006621564,-0.03411230479565857,-0.00786472670074712,-0.0002675283229009768,-0.033229471914141204,-0.009841726518531643,-0.006102054480431659,-0.012440191387559715
154,0.01077063106796107,0.004568789375664377,-0.006207587436699872,0.017371861025111807,-0.005945303210463818,0.005531347147308961,0.012092416500936815,-0.015082028304291294,0.0004274814561491934,-0.006782945736434136
155,-0.000900495272399854,0.05224862979116469,0.007337550953789204,-0.003888419273034645,-0.012958532695374773,0.007542177020330461,-0.011947937069564657,0.005916378284125337,0.00799343433301611,0.004390243902439018
156,0.013294276701216842,0.013926205493362327,0.018997977204057822,0.027438334464811174,0.0365582710563523,0.0028174475685932834,0.02100665690406001,0.013925063517522297,0.011045055817291755,0.009227780475959266
157,0.0011859758357423214,-0.010609353008000987,-0.00927438952436008,0.0184461208083255,0.018901013250194835,0.005444401998429066,-0.010597254233891172,0.015098714286339267,0.0012607295749519018,-0.012512030798845117
158,0.021766491448878343,0.021254664173339814,-0.001657440717726277,0.02249134948096884,0.027921208644100227,-0.0015718041375979224,-0.0031524573975134453,0.0001680741801858093,0.0016778935360666548,0.010721247563352772
159,0.0007970436924861507,0.002624986384925334,0.010840793414233118,-0.014541032148900169,0.013953488372093023,0.006123124961620024,-0.00568982816210935,0.009745802514139531,0.001676524476825035,0.017839922854387708
160,-0.006154068925571925,-0.0009354717614269453,-0.017004012947055534,0.0005902237484572905,0.00642201834862388,-0.016779811330002427,-0.02288316366283896,-0.0490925197959214,-0.01059493998791139,0.002842254855518819
161,-0.013914183725504453,-0.004492052522460181,-0.002752441074357612,-0.02354139854139847,0.0023701002734730255,-0.02016151028861539,0.0039020883035392933,0.011813129608753983,0.0046487407963369835,-0.007085498346717152
162,0.018395390070921842,-0.003947978436003583,-0.015178678018364205,-0.00873194574111705,-0.006729719898144733,0.014890888461841176,-0.008424917964477342,0.01279908741415674,-0.0007007444686069502,-0.029495718363463416
163,0.0027566195139644215,0.0027366448441782875,0.0,0.01501385041551251,-0.023622047244094474,-0.000711251680001149,0.0,0.001707867136695123,0.0012633836078873926,0.007352941176470693
164,0.03523113651161112,0.015530542833847067,0.0011013455479427685,-0.020959554609464567,0.0015003750937734113,0.022156304689178584,0.011759839262498526,0.004858685435747244,-0.000140359610002795,-0.006326034063260292
165,-0.013067784765898005,-0.006765261923564707,0.010197196159156107,0.008752857222500937,-0.021348314606741584,-0.004003896483904792,-0.0012914614281356754,-0.02748585638685721,-0.016823809489352075,-0.0004897159647405271
166,0.02563194788642643,-0.05701818847685666,-0.007026951159667099,-0.057698684646844245,-0.030998851894374235,-0.011013142138888713,-0.02845539021378901,-0.006803299295960556,0.008128238341968899,-0.02106810387065163
167,-0.0008974801518812251,0.012568412123318152,0.019135611406875426,0.03812316715542522,0.012243285939968354,0.01900114497573752,0.04061239641230403,0.011768425774870271,0.003819636083295913,0.035535535535535574
168,-0.029919845218352767,-0.012313996825613103,0.021513747396959094,-0.016666666666666604,0.022239563012095214,-0.02506478374820454,-0.02815217600894692,-0.024565664695727026,-0.011272760066210979,0.0
169,-0.002920435928484911,-0.00019799855397188874,-0.01799734004071207,-0.0362539500143637,-0.028816793893129734,0.013521684372282418,-0.009874142708808702,0.007297624415596696,0.0007120285752955638,-0.02029966167230554
170,-0.016788112587512463,-0.008017335331598239,-0.00867614378359398,0.008584714439012743,-0.006091570053055655,-0.009303424201599998,0.0033197515196045444,0.0035331206272081754,-0.0018508391254748594,0.009866798223976285
171,-0.017002107098743034,-0.01237113667626643,-0.011112909646017787,0.0003546518501004981,-0.006524317912218235,-0.0024812796731081394,-0.02915310205250082,-0.003433093504392067,-0.008275734086627809,0.003908158280410447
172,-0.044053514672185524,-0.015152601920451158,-0.01620914898107303,-0.017726305837863388,-0.01850746268656716,0.005684389327292231,-0.013653070740872903,-0.03666094627482885,-0.004315709121799409,-0.007785888077858887
173,-0.001623753189515255,-0.004616118011599946,-0.006671061719093393,-0.022798363811357195,0.026561232765612373,-0.024993189482682518,-0.027684114657563718,0.0022930925993681988,0.005779717442665246,-0.004413928396272675
174,0.01665117719950438,-0.023186296551522184,-0.003968417005093518,0.011634349030471006,0.022318783330041385,0.002626396537704081,-0.010675342318830232,-0.01033847551356903,0.0017246927659296126,0.009852216748768438
175,-0.04029862116248957,-0.009600076266743057,-0.0079695138332144,-0.01795059023974697,0.02086553323029377,-0.015628693604958478,-0.010075020598141122,-0.0065644871014418835,-0.01563170813310704,-0.010243902439024432
176,0.0,-0.004474599018723487,-0.016580964941366516,-0.017225354730776212,0.032551097653292935,0.0055984755746370015,0.015989136148589538,-0.004187303317485759,-0.006411230104958855,0.0029571217348448634
177,0.0,-0.002139615062669005,0.015918412040013548,0.018220793140407202,0.02730938416422278,0.009491118033706707,0.03290504318831822,0.017849064127042562,-0.00527802332199133,0.005896805896805771
178,0.009049055405619944,0.003860672496203796,0.0004119205100129573,0.0005572755417956867,0.005709188224799292,-0.021335746390511362,-0.04986190055448489,-0.013312603703082944,-0.0014744886080917453,0.017586712261846577
179,0.018407803650094427,-0.036318156872154346,-0.019886715166513774,-0.03248963425954576,0.03441546922121705,-0.014411753434914264,-0.005828512850552773,-0.012003370907692292,0.00029563796844888073,0.01536245799327894
180,-0.036613625830372386,-0.015850008013003878,-0.021761678332029095,-0.032557247025713214,-0.04836220202366661,-0.008997611271290227,-0.06598465096410218,-0.03136169209785036,-0.00678852288688942,0.0004728132387707595
181,0.01828094932649135,-0.008671289221808536,-0.004728411187087067,0.003768595041322269,-0.006487655433411415,-0.011444449250969971,0.02747309072270629,0.014778418462900834,0.0035662462842014787,-0.00047258979206056534
182,-0.008188976377952805,-0.0021589180769788934,-0.005399230022848961,-0.042616256092741396,-0.010701977144930227,-0.006505923310907478,0.01604770566159381,-0.005557384540545322,0.002369048910925307,0.004255319148936164
183,0.015878056525881232,0.006489297436176399,0.01552472514504216,0.02208462332301347,0.008617528419508597,-0.006933674775928332,-0.0030138227962837943,0.004914468678044447,0.0020676373583645023,0.006120527306968106
184,0.002344482650828362,0.00735287674913749,0.008445529049144704,-0.03204092622509418,0.03399381930558089,0.022983431341099012,-0.042980203195672396,0.0173530288145244,0.0050108266114000264,0.03135236312587731
185,0.009511928894433174,0.017855874375363383,0.028093056741433645,0.05396383866481217,0.05080872011251759,-0.009480087480577562,0.016545543786317042,0.010272307494521725,-0.004692113192120747,0.007259528130671513
186,0.01814952116156953,-0.0027587955300959763,0.0014432355804539527,-0.00039588281868568404,0.028944286431320007,-0.023926031265491948,-0.019383527506074312,0.013712785459778247,0.0070721099653011784,0.010810810810810902
187,0.003792763407418645,-0.015156081070466057,-0.002161733480007124,-0.013927392739274017,0.0039024390243902764,-0.0069614134328685505,-0.0039469817898809085,-0.05815733637379574,-0.03482523186610669,-0.010695187165775489
188,-0.019194438147056753,-0.0038197772811713443,-0.01764539988975625,-0.009840016065332345,-0.02186588921282801,0.008788235862471785,-0.026988885522476105,0.012799249602403594,-0.0027294139741614277,-0.023423423423423406
189,0.02126512057939764,0.014209495803824268,0.02048304135538665,0.02278258518117905,0.03858254677926806,0.011352870751132076,0.008161459229577962,0.00829669824062499,0.015051293036481951,0.026291512915129166
190,-0.008147868728781685,0.0067820110923558705,0.009161084624679936,0.04474849626545053,0.004145408163265274,0.017323499287151784,0.011322165597847766,0.003922365234321292,0.005989375583631712,-0.06112359550561795
191,-0.025405035369285796,-0.023744655492207882,-0.021521124618937452,-0.031190687080855414,0.0041282946967292015,0.0018071728369578276,-0.06480156880394775,-0.023730602868942612,-0.01697131949972801,0.0009573958831976819
192,0.002107234839616095,-0.015158462890973133,-0.03367104016437841,-0.007575262848560025,-0.04079696394686915,-0.01576252184189005,-0.02566107783401944,-0.011713665509217526,-0.00893467137137435,-0.015781922525107694
193,-0.02515576323987542,-0.005857179716067594,-0.026644971583834186,-0.007896295321444948,0.003956478733926838,-0.01977805234467361,-0.031602529613590044,-0.005729198854362854,0.004584116808217933,-0.012147716229348883
194,0.011104897339618124,-0.010976439212691456,0.0016624941772547725,0.0036479405717316634,-0.015270935960591129,-0.0015745541991077235,0.03173215294096215,0.014504877755519233,-0.010952618735808673,-0.04082636497786514
195,0.01580278128950695,0.052803822180531076,-0.01305566469002812,0.03026698387523138,0.039686509921627526,-0.007098765108468572,0.006144176274298579,-0.0035254095652095217,0.0019988600623314337,0.020000000000000028
196,-0.0557716241443684,-0.008100674698104831,-0.0025788241629556997,-0.029121231558691417,-0.012349639133921462,0.014496518702272839,-0.015714110235667787,-0.010810195147961133,-0.016269540719802026,-0.02111613876319767
197,-0.014992997775764128,-0.008278033317206668,0.0060692730253626296,-0.00138742071881612,-0.028093536862617684,0.04110367628382625,0.008869436545644243,0.009834989820602226,-0.010453410646694063,0.009758602978942028
198,0.06832817596387056,-0.012746412932519529,0.09194485020708347,-0.05219980152166731,-0.018880534670008397,-0.00902482677251964,-0.02110834261075467,0.000492409030458727,-0.0018930268897715103,-0.005595116988809737
199,0.038907155158916656,0.022851242717014515,0.028647689659737883,-0.04844338964121177,0.015156675749318812,0.009865765853028563,0.024262336513552682,0.004227792491230652,0.0071086453456230825,0.006138107416879846
200,0.0028633863310978482,0.015973938699992127,0.007460058568410191,0.0449677230046948,0.020298607616171797,-0.0045090230416772745,0.005260977995541052,0.0222269981902652,0.011294522278141546,0.02541942043721403
201,0.029378615974152804,-0.0042880319764264105,-0.010070348327962508,0.002737802737802842,0.021538967444919472,0.0007547404626198676,-0.013964619457545102,0.04693483766890874,0.007600903718150077,0.005949429846306268
202,0.00781021897810214,0.01932436015498256,0.04368219343275205,0.033253990478857465,0.018992435216481567,-0.005562013035529366,0.05310230172206851,0.043274829654917996,-0.020165967982354354,0.09955643173977327
203,0.0038386325776779977,0.016791738805740714,0.015957494165933832,0.02947354156785686,0.034591691675880554,0.005593122053299123,0.05462035895790773,0.042357696812041656,0.04116200769395442,-0.0004482294935005832
204,0.008225108225108331,-0.003622804689015148,-0.008182051871268263,-0.032710280373831765,0.011755725190839634,-0.006034372959751204,-0.023110050910953892,-0.00959151287023116,0.00015109787403748114,-0.008520179372197366
205,0.02125375697724344,-0.003956230234378441,-0.0041733711237275485,-0.017962849561134833,0.02323826769277209,-0.007588507361487782,0.024476183452559485,0.02930674849832978,-0.00769548254460223,-0.014020805065581128
206,-0.004414546983392863,-0.008909849617703804,0.0006674224873071631,-0.04503568211736991,0.0016221796195251353,-0.01777785911305905,0.01830848477092394,0.005282056751636635,-0.0037998882478136225,0.0
207,-0.010416666666666794,-0.006716242595772525,-0.005615614165928664,-0.038453166944787134,-0.017226148409894018,0.01080119284088445,-0.037529553148539306,-0.009276708111667364,-0.013278651589798756,-0.011926605504587228
208,0.021052631578947427,0.012104250284023418,0.006642049603349566,0.010488191352901128,0.003295880149812717,0.006354118451827559,0.036552821642795844,0.01673832910781317,0.020107780128537835,0.01485608170844941
209,-0.0067567567567567485,-0.001292203519967955,-0.0020078127537446547,-0.0005973715651133818,-0.008660594295953387,-0.004305322787276811,0.0015667564205520499,-0.003097113957910955,-0.004093177307362367,-0.009149130832570873
210,0.022512097622554232,0.02459756155309617,0.02529411010551367,0.11431560071727423,0.03449314655821669,0.02036982910682205,0.08685433092529857,0.05379390727588319,0.025882785621442913,0.043397968605724896
211,-0.017832647462277248,0.01948049300015355,-0.009437891421926277,0.021992758481963266,0.01630751310425146,0.005554676404543833,0.04895777581692727,-0.007758272905007774,0.01528524438466066,0.014601769911504348
212,-0.0025837988826813976,0.004090721209616258,-0.00933943273967372,0.013712111271486705,-0.011747851002865232,-0.001884492183142357,0.016472340396191228,-0.0021107112984803814,0.00102459944046903,-0.019188835586567872
213,0.016453126093957812,-0.003865572107327724,0.025426162678431657,0.003300757232541708,0.0665410263844591,0.00821381669547318,-0.0013498846832181238,0.0033688514643494313,0.015332156526379408,0.011116051578479325
214,0.006543601046976089,-0.0037765931210817505,-0.004922816921872511,0.02754483292478378,-0.017398396085360705,0.008427007996452601,-0.014875595193620436,0.005009078654709159,0.008088510395695768,0.011433597185576147
215,-0.015260384589064462,-0.010422660354282043,-0.012785795183280704,-0.004331722016447974,0.024069719186609415,0.0046425483173461405,-0.025394570815894506,-0.012849989679523362,0.006446282452326558,-0.0021739130434782917
216,0.019527449617790148,0.014682397484872128,0.009359835514440652,0.007061790668348074,-0.01647980548426312,0.01238414290417727,0.019016894473215085,0.002129715669233709,0.008968747667818251,0.004793028322440063
217,0.00020448503851135667,0.0060808946897784035,-0.0018731177239546823,-0.033433508640120235,0.006867188572998215,-0.013967766247878169,-0.0041447971340499035,0.0036220062660064223,0.0040913586907652165,0.0004336513443192352
218,0.006746626686656539,0.0116736826210086,-0.003659578989052185,0.0017489312087058573,0.04214977492838635,-0.0043512770499007924,0.014570653727368403,-0.009491915617070875,-0.005620209064266233,0.0004334633723449506
219,-0.004738374060786493,0.014834522408246523,0.022602309475986206,0.0023924991917232755,0.017408376963350763,0.008089859366199404,0.0006802767833215387,-0.002454674822443248,0.007488030771376156,-0.0017331022530328922
220,-0.004828946473508862,-0.00040640494188401704,0.014275395016741022,0.002644820023222788,-0.02058407307345952,-0.0028589453689862815,0.019144669981047628,0.010320542868353735,-0.01655019485659323,0.01258680555555552
221,-0.0015718972115909636,0.0060933898143200145,0.013893159593289848,0.015119346329537375,-0.003152502298699526,0.016373612511379986,0.01005956231134111,0.0032219753676083368,0.0037090900561201467,-0.008572653236176567
